#Note:D; Temperature:25Â°C
#f[Hz] Re(Z/Zc) Im(Z/Zc)
20 4.05022598e+0 -2.61242108e+1
22 3.51842684e+0 -2.39165830e+1
24 3.09376795e+0 -2.20544856e+1
26 2.74825432e+0 -2.04620147e+1
28 2.46265158e+0 -1.90840507e+1
30 2.22334923e+0 -1.78795855e+1
32 2.02047177e+0 -1.68174686e+1
34 1.84669727e+0 -1.58736067e+1
36 1.69649391e+0 -1.50290685e+1
38 1.56561257e+0 -1.42687693e+1
40 1.45074106e+0 -1.35805400e+1
42 1.34926341e+0 -1.29544531e+1
44 1.25908896e+0 -1.23823291e+1
46 1.17852896e+0 -1.18573666e+1
48 1.10620596e+0 -1.13738637e+1
50 1.04098642e+0 -1.09270039e+1
52 9.81929955e-1 -1.05126902e+1
54 9.28250502e-1 -1.01274156e+1
56 8.79286488e-1 -9.76816030e+0
58 8.34477532e-1 -9.43230957e+0
60 7.93346146e-1 -9.11758815e+0
62 7.55483216e-1 -8.82200665e+0
64 7.20536409e-1 -8.54381796e+0
66 6.88200819e-1 -8.28148134e+0
68 6.58211394e-1 -8.03363281e+0
70 6.30336744e-1 -7.79906038e+0
72 6.04374062e-1 -7.57668344e+0
74 5.80144921e-1 -7.36553539e+0
76 5.57491784e-1 -7.16474891e+0
78 5.36275095e-1 -6.97354352e+0
80 5.16370827e-1 -6.79121494e+0
82 4.97668426e-1 -6.61712596e+0
84 4.80069065e-1 -6.45069866e+0
86 4.63484154e-1 -6.29140759e+0
88 4.47834079e-1 -6.13877393e+0
90 4.33047116e-1 -5.99236045e+0
92 4.19058493e-1 -5.85176702e+0
94 4.05809586e-1 -5.71662674e+0
96 3.93247224e-1 -5.58660257e+0
98 3.81323079e-1 -5.46138430e+0
100 3.69993142e-1 -5.34068592e+0
102 3.59217259e-1 -5.22424329e+0
104 3.48958728e-1 -5.11181209e+0
106 3.39183944e-1 -5.00316593e+0
108 3.29862088e-1 -4.89809475e+0
110 3.20964850e-1 -4.79640337e+0
112 3.12466185e-1 -4.69791012e+0
114 3.04342097e-1 -4.60244574e+0
116 2.96570446e-1 -4.50985227e+0
118 2.89130779e-1 -4.41998213e+0
120 2.82004173e-1 -4.33269726e+0
122 2.75173104e-1 -4.24786835e+0
124 2.68621319e-1 -4.16537413e+0
126 2.62333731e-1 -4.08510073e+0
128 2.56296318e-1 -4.00694113e+0
130 2.50496034e-1 -3.93079463e+0
132 2.44920727e-1 -3.85656635e+0
134 2.39559073e-1 -3.78416681e+0
136 2.34400504e-1 -3.71351156e+0
138 2.29435151e-1 -3.64452076e+0
140 2.24653792e-1 -3.57711888e+0
142 2.20047800e-1 -3.51123441e+0
144 2.15609100e-1 -3.44679955e+0
146 2.11330131e-1 -3.38374996e+0
148 2.07203804e-1 -3.32202452e+0
150 2.03223472e-1 -3.26156512e+0
152 1.99382901e-1 -3.20231644e+0
154 1.95676235e-1 -3.14422580e+0
156 1.92097980e-1 -3.08724292e+0
158 1.88642971e-1 -3.03131983e+0
160 1.85306356e-1 -2.97641066e+0
162 1.82083577e-1 -2.92247155e+0
164 1.78970348e-1 -2.86946049e+0
166 1.75962641e-1 -2.81733721e+0
168 1.73056671e-1 -2.76606304e+0
170 1.70248879e-1 -2.71560086e+0
172 1.67535923e-1 -2.66591495e+0
174 1.64914666e-1 -2.61697092e+0
176 1.62382162e-1 -2.56873561e+0
178 1.59935649e-1 -2.52117702e+0
180 1.57572538e-1 -2.47426422e+0
182 1.55290408e-1 -2.42796730e+0
184 1.53086995e-1 -2.38225725e+0
186 1.50960188e-1 -2.33710597e+0
188 1.48908021e-1 -2.29248612e+0
190 1.46928667e-1 -2.24837112e+0
192 1.45020436e-1 -2.20473509e+0
194 1.43181769e-1 -2.16155275e+0
196 1.41411233e-1 -2.11879943e+0
198 1.39707519e-1 -2.07645096e+0
200 1.38069440e-1 -2.03448364e+0
202 1.36495927e-1 -1.99287422e+0
204 1.34986027e-1 -1.95159982e+0
206 1.33538903e-1 -1.91063789e+0
208 1.32153835e-1 -1.86996616e+0
210 1.30830213e-1 -1.82956262e+0
212 1.29567545e-1 -1.78940544e+0
214 1.28365452e-1 -1.74947296e+0
216 1.27223672e-1 -1.70974363e+0
218 1.26142058e-1 -1.67019594e+0
220 1.25120587e-1 -1.63080844e+0
222 1.24159355e-1 -1.59155962e+0
224 1.23258584e-1 -1.55242792e+0
226 1.22418629e-1 -1.51339166e+0
228 1.21639974e-1 -1.47442897e+0
230 1.20923248e-1 -1.43551780e+0
232 1.20269223e-1 -1.39663580e+0
234 1.19678824e-1 -1.35776031e+0
236 1.19153138e-1 -1.31886830e+0
238 1.18693421e-1 -1.27993628e+0
240 1.18301109e-1 -1.24094028e+0
242 1.17977831e-1 -1.20185576e+0
244 1.17725416e-1 -1.16265752e+0
246 1.17545916e-1 -1.12331970e+0
248 1.17441612e-1 -1.08381560e+0
250 1.17415039e-1 -1.04411769e+0
252 1.17469004e-1 -1.00419746e+0
254 1.17606604e-1 -9.64025331e-1
256 1.17831257e-1 -9.23570582e-1
258 1.18146723e-1 -8.82801204e-1
260 1.18557139e-1 -8.41683794e-1
262 1.19067052e-1 -8.00183415e-1
264 1.19681457e-1 -7.58263457e-1
266 1.20405838e-1 -7.15885476e-1
268 1.21246221e-1 -6.73009023e-1
270 1.22209226e-1 -6.29591457e-1
272 1.23302125e-1 -5.85587735e-1
274 1.24532916e-1 -5.40950185e-1
276 1.25910398e-1 -4.95628259e-1
278 1.27444259e-1 -4.49568248e-1
280 1.29145179e-1 -4.02712986e-1
282 1.31024938e-1 -3.55001498e-1
284 1.33096552e-1 -3.06368633e-1
286 1.35374417e-1 -2.56744633e-1
288 1.37874475e-1 -2.06054670e-1
290 1.40614416e-1 -1.54218317e-1
292 1.43613892e-1 -1.01148957e-1
294 1.46894780e-1 -4.67531230e-2
296 1.50481476e-1 9.07025302e-3
298 1.54401240e-1 6.64306807e-2
300 1.58684595e-1 1.25447068e-1
302 1.63365797e-1 1.86248808e-1
304 1.68483376e-1 2.48977010e-1
306 1.74080785e-1 3.13785915e-1
308 1.80207151e-1 3.80844504e-1
310 1.86918173e-1 4.50338359e-1
312 1.94277183e-1 5.22471793e-1
314 2.02356420e-1 5.97470323e-1
316 2.11238542e-1 6.75583529e-1
318 2.21018466e-1 7.57088390e-1
320 2.31805570e-1 8.42293171e-1
322 2.43726392e-1 9.31541985e-1
324 2.56927916e-1 1.02522017e+0
326 2.71581612e-1 1.12376061e+0
328 2.87888435e-1 1.22765131e+0
330 3.06085047e-1 1.33744434e+0
332 3.26451609e-1 1.45376660e+0
334 3.49321612e-1 1.57733275e+0
336 3.75094379e-1 1.70896088e+0
338 4.04251092e-1 1.84959150e+0
340 4.37375504e-1 2.00031078e+0
342 4.75180965e-1 2.16237903e+0
344 5.18546040e-1 2.33726591e+0
346 5.68561926e-1 2.52669396e+0
348 6.26596313e-1 2.73269293e+0
350 6.94380435e-1 2.95766750e+0
352 7.74129280e-1 3.20448218e+0
354 8.68709948e-1 3.47656750e+0
356 9.81880987e-1 3.77805233e+0
358 1.11863818e+0 4.11392705e+0
360 1.28572280e+0 4.49023968e+0
362 1.49238232e+0 4.91432007e+0
364 1.75153093e+0 5.39500667e+0
366 2.08155412e+0 5.94280091e+0
368 2.50916666e+0 6.56975294e+0
370 3.07400722e+0 7.28858992e+0
372 3.83607332e+0 8.10988653e+0
374 4.88758414e+0 9.03433999e+0
376 6.37065726e+0 1.00330132e+1
378 8.49765025e+0 1.09989099e+1
380 1.15478691e+1 1.16366791e+1
382 1.57316148e+1 1.12598245e+1
384 2.06524494e+1 8.66000221e+0
386 2.44058389e+1 2.90919471e+0
388 2.43730842e+1 -4.48128690e+0
390 2.06709685e+1 -1.01111161e+1
392 1.59234305e+1 -1.26744141e+1
394 1.18942574e+1 -1.31270694e+1
396 8.93121216e+0 -1.26071605e+1
398 6.83792638e+0 -1.17556235e+1
400 5.35720402e+0 -1.08530271e+1
402 4.29201628e+0 -1.00053191e+1
404 3.50900784e+0 -9.24448459e+0
406 2.92060897e+0 -8.57338178e+0
408 2.46918443e+0 -7.98446799e+0
410 2.11623755e+0 -7.46736816e+0
412 1.83555553e+0 -7.01179632e+0
414 1.60892375e+0 -6.60856164e+0
416 1.42343141e+0 -6.24980058e+0
418 1.26975373e+0 -5.92891326e+0
420 1.14103735e+0 -5.64040311e+0
422 1.03216364e+0 -5.37970063e+0
424 9.39252636e-1 -5.14300149e+0
426 8.59323170e-1 -4.92712803e+0
428 7.90055954e-1 -4.72941472e+0
430 7.29625876e-1 -4.54761500e+0
432 6.76581505e-1 -4.37982591e+0
434 6.29757316e-1 -4.22442749e+0
436 5.88208935e-1 -4.08003376e+0
438 5.51164793e-1 -3.94545321e+0
440 5.17989617e-1 -3.81965669e+0
442 4.88156595e-1 -3.70175127e+0
444 4.61225920e-1 -3.59095888e+0
446 4.36828121e-1 -3.48659871e+0
448 4.14650998e-1 -3.38807270e+0
450 3.94429292e-1 -3.29485354e+0
452 3.75936466e-1 -3.20647457e+0
454 3.58978115e-1 -3.12252145e+0
456 3.43386644e-1 -3.04262506e+0
458 3.29016948e-1 -2.96645557e+0
460 3.15742884e-1 -2.89371732e+0
462 3.03454371e-1 -2.82414459e+0
464 2.92054993e-1 -2.75749790e+0
466 2.81460010e-1 -2.69356083e+0
468 2.71594701e-1 -2.63213732e+0
470 2.62392975e-1 -2.57304938e+0
472 2.53796199e-1 -2.51613496e+0
474 2.45752209e-1 -2.46124627e+0
476 2.38214474e-1 -2.40824821e+0
478 2.31141379e-1 -2.35701703e+0
480 2.24495616e-1 -2.30743915e+0
482 2.18243660e-1 -2.25941010e+0
484 2.12355319e-1 -2.21283367e+0
486 2.06803345e-1 -2.16762104e+0
488 2.01563095e-1 -2.12369008e+0
490 1.96612241e-1 -2.08096475e+0
492 1.91930515e-1 -2.03937449e+0
494 1.87499487e-1 -1.99885375e+0
496 1.83302369e-1 -1.95934151e+0
498 1.79323846e-1 -1.92078091e+0
500 1.75549922e-1 -1.88311885e+0
502 1.71967794e-1 -1.84630570e+0
504 1.68565729e-1 -1.81029499e+0
506 1.65332965e-1 -1.77504316e+0
508 1.62259614e-1 -1.74050930e+0
510 1.59336586e-1 -1.70665492e+0
512 1.56555512e-1 -1.67344381e+0
514 1.53908681e-1 -1.64084181e+0
516 1.51388982e-1 -1.60881667e+0
518 1.48989850e-1 -1.57733789e+0
520 1.46705225e-1 -1.54637661e+0
522 1.44529503e-1 -1.51590543e+0
524 1.42457503e-1 -1.48589837e+0
526 1.40484433e-1 -1.45633071e+0
528 1.38605858e-1 -1.42717891e+0
530 1.36817674e-1 -1.39842054e+0
532 1.35116082e-1 -1.37003416e+0
534 1.33497566e-1 -1.34199928e+0
536 1.31958875e-1 -1.31429628e+0
538 1.30497000e-1 -1.28690633e+0
540 1.29109163e-1 -1.25981136e+0
542 1.27792796e-1 -1.23299397e+0
544 1.26545535e-1 -1.20643740e+0
546 1.25365199e-1 -1.18012547e+0
548 1.24249787e-1 -1.15404254e+0
550 1.23197462e-1 -1.12817348e+0
552 1.22206546e-1 -1.10250358e+0
554 1.21275510e-1 -1.07701859e+0
556 1.20402968e-1 -1.05170461e+0
558 1.19587667e-1 -1.02654810e+0
560 1.18828488e-1 -1.00153582e+0
562 1.18124434e-1 -9.76654831e-1
564 1.17474630e-1 -9.51892428e-1
566 1.16878316e-1 -9.27236141e-1
568 1.16334846e-1 -9.02673693e-1
570 1.15843687e-1 -8.78192973e-1
572 1.15404410e-1 -8.53782017e-1
574 1.15016696e-1 -8.29428975e-1
576 1.14680330e-1 -8.05122093e-1
578 1.14395203e-1 -7.80849682e-1
580 1.14161307e-1 -7.56600098e-1
582 1.13978741e-1 -7.32361718e-1
584 1.13847710e-1 -7.08122914e-1
586 1.13768522e-1 -6.83872030e-1
588 1.13741594e-1 -6.59597359e-1
590 1.13767453e-1 -6.35287118e-1
592 1.13846738e-1 -6.10929422e-1
594 1.13980203e-1 -5.86512262e-1
596 1.14168721e-1 -5.62023476e-1
598 1.14413286e-1 -5.37450727e-1
600 1.14715024e-1 -5.12781470e-1
602 1.15075190e-1 -4.88002932e-1
604 1.15495180e-1 -4.63102074e-1
606 1.15976536e-1 -4.38065568e-1
608 1.16520954e-1 -4.12879762e-1
610 1.17130292e-1 -3.87530648e-1
612 1.17806578e-1 -3.62003827e-1
614 1.18552025e-1 -3.36284471e-1
616 1.19369037e-1 -3.10357286e-1
618 1.20260225e-1 -2.84206471e-1
620 1.21228421e-1 -2.57815673e-1
622 1.22276692e-1 -2.31167942e-1
624 1.23408358e-1 -2.04245680e-1
626 1.24627012e-1 -1.77030590e-1
628 1.25936536e-1 -1.49503616e-1
630 1.27341132e-1 -1.21644886e-1
632 1.28845340e-1 -9.34336443e-2
634 1.30454071e-1 -6.48481798e-2
636 1.32172633e-1 -3.58657528e-2
638 1.34006771e-1 -6.46251043e-3
640 1.35962703e-1 2.33866015e-2
642 1.38047159e-1 5.37079357e-2
644 1.40267433e-1 8.45292481e-2
646 1.42631434e-1 1.15879812e-1
648 1.45147740e-1 1.47790544e-1
650 1.47825670e-1 1.80294135e-1
652 1.50675350e-1 2.13425208e-1
654 1.53707800e-1 2.47220470e-1
656 1.56935021e-1 2.81718897e-1
658 1.60370097e-1 3.16961928e-1
660 1.64027316e-1 3.52993680e-1
662 1.67922290e-1 3.89861186e-1
664 1.72072112e-1 4.27614655e-1
666 1.76495512e-1 4.66307763e-1
668 1.81213052e-1 5.05997973e-1
670 1.86247335e-1 5.46746889e-1
672 1.91623250e-1 5.88620652e-1
674 1.97368250e-1 6.31690380e-1
676 2.03512666e-1 6.76032652e-1
678 2.10090075e-1 7.21730065e-1
680 2.17137717e-1 7.68871837e-1
682 2.24696976e-1 8.17554497e-1
684 2.32813944e-1 8.67882657e-1
686 2.41540060e-1 9.19969880e-1
688 2.50932873e-1 9.73939658e-1
690 2.61056915e-1 1.02992652e+0
692 2.71984732e-1 1.08807728e+0
694 2.83798098e-1 1.14855248e+0
696 2.96589438e-1 1.21152797e+0
698 3.10463521e-1 1.27719682e+0
700 3.25539465e-1 1.34577134e+0
702 3.41953135e-1 1.41748559e+0
704 3.59860016e-1 1.49259806e+0
706 3.79438667e-1 1.57139493e+0
708 4.00894904e-1 1.65419369e+0
710 4.24466884e-1 1.74134741e+0
712 4.50431308e-1 1.83324956e+0
714 4.79111052e-1 1.93033976e+0
716 5.10884582e-1 2.03311025e+0
718 5.46197664e-1 2.14211349e+0
720 5.85577992e-1 2.25797090e+0
722 6.29653606e-1 2.38138298e+0
724 6.79176223e-1 2.51314086e+0
726 7.35051008e-1 2.65413953e+0
728 7.98374845e-1 2.80539265e+0
730 8.70485904e-1 2.96804902e+0
732 9.53028368e-1 3.14341001e+0
734 1.04803762e+0 3.33294721e+0
736 1.15805328e+0 3.53831813e+0
738 1.28627049e+0 3.76137612e+0
740 1.43674379e+0 4.00416751e+0
742 1.61466407e+0 4.26890309e+0
744 1.82673670e+0 4.55788102e+0
746 2.08169950e+0 4.87332008e+0
748 2.39103129e+0 5.21702966e+0
750 2.76991206e+0 5.58978478e+0
752 3.23849240e+0 5.99017054e+0
754 3.82347993e+0 6.41247914e+0
756 4.55986784e+0 6.84294042e+0
758 5.49210988e+0 7.25311911e+0
760 6.67273499e+0 7.58885553e+0
762 8.15350045e+0 7.75343965e+0
764 9.95910696e+0 7.58746944e+0
766 1.20293915e+1 6.86126381e+0
768 1.41300172e+1 5.32371725e+0
770 1.57988473e+1 2.86481153e+0
772 1.64862144e+1 -2.57879158e-1
774 1.59231604e+1 -3.40536708e+0
776 1.43530525e+1 -5.92846160e+0
778 1.23149480e+1 -7.54793892e+0
780 1.02750514e+1 -8.35541067e+0
782 8.47750757e+0 -8.59254123e+0
784 6.99153678e+0 -8.48649285e+0
786 5.79875737e+0 -8.19755018e+0
788 4.85126471e+0 -7.82441108e+0
790 4.09870034e+0 -7.42327715e+0
792 3.49776004e+0 -7.02432091e+0
794 3.01401561e+0 -6.64268459e+0
796 2.62100137e+0 -6.28512570e+0
798 2.29863541e+0 -5.95385268e+0
800 2.03171705e+0 -5.64868932e+0
802 1.80870373e+0 -5.36827972e+0
804 1.62077604e+0 -5.11075076e+0
806 1.46114263e+0 -4.87406989e+0
808 1.32452911e+0 -4.65623216e+0
810 1.20680316e+0 -4.45535220e+0
812 1.10469894e+0 -4.26970362e+0
814 1.01561343e+0 -4.09772990e+0
816 9.37454800e-1 -3.93804045e+0
818 8.68528906e-1 -3.78939935e+0
820 8.07453408e-1 -3.65071111e+0
822 7.53092421e-1 -3.52100575e+0
824 7.04506324e-1 -3.39942433e+0
826 6.60912938e-1 -3.28520563e+0
828 6.21657247e-1 -3.17767414e+0
830 5.86187632e-1 -3.07622937e+0
832 5.54037069e-1 -2.98033655e+0
834 5.24808162e-1 -2.88951839e+0
836 4.98161143e-1 -2.80334800e+0
838 4.73804213e-1 -2.72144274e+0
840 4.51485686e-1 -2.64345885e+0
842 4.30987604e-1 -2.56908682e+0
844 4.12120485e-1 -2.49804733e+0
846 3.94719003e-1 -2.43008780e+0
848 3.78638411e-1 -2.36497929e+0
850 3.63751559e-1 -2.30251388e+0
852 3.49946405e-1 -2.24250235e+0
854 3.37123930e-1 -2.18477211e+0
856 3.25196372e-1 -2.12916548e+0
858 3.14085740e-1 -2.07553809e+0
860 3.03722549e-1 -2.02375750e+0
862 2.94044739e-1 -1.97370199e+0
864 2.84996758e-1 -1.92525953e+0
866 2.76528767e-1 -1.87832676e+0
868 2.68595961e-1 -1.83280820e+0
870 2.61157984e-1 -1.78861546e+0
872 2.54178415e-1 -1.74566663e+0
874 2.47624331e-1 -1.70388559e+0
876 2.41465922e-1 -1.66320158e+0
878 2.35676155e-1 -1.62354866e+0
880 2.30230480e-1 -1.58486526e+0
882 2.25106575e-1 -1.54709388e+0
884 2.20284120e-1 -1.51018064e+0
886 2.15744596e-1 -1.47407502e+0
888 2.11471112e-1 -1.43872960e+0
890 2.07448252e-1 -1.40409971e+0
892 2.03661931e-1 -1.37014331e+0
894 2.00099284e-1 -1.33682067e+0
896 1.96748547e-1 -1.30409426e+0
898 1.93598971e-1 -1.27192851e+0
900 1.90640733e-1 -1.24028968e+0
902 1.87864858e-1 -1.20914572e+0
904 1.85263157e-1 -1.17846608e+0
906 1.82828163e-1 -1.14822165e+0
908 1.80553080e-1 -1.11838459e+0
910 1.78431736e-1 -1.08892825e+0
912 1.76458538e-1 -1.05982706e+0
914 1.74628438e-1 -1.03105644e+0
916 1.72936902e-1 -1.00259269e+0
918 1.71379876e-1 -9.74412965e-1
920 1.69953765e-1 -9.46495121e-1
922 1.68655411e-1 -9.18817703e-1
924 1.67482073e-1 -8.91359848e-1
926 1.66431413e-1 -8.64101224e-1
928 1.65501484e-1 -8.37021971e-1
930 1.64690716e-1 -8.10102636e-1
932 1.63997915e-1 -7.83324119e-1
934 1.63422252e-1 -7.56667612e-1
936 1.62963265e-1 -7.30114551e-1
938 1.62620856e-1 -7.03646555e-1
940 1.62395296e-1 -6.77245378e-1
942 1.62287227e-1 -6.50892856e-1
944 1.62297672e-1 -6.24570852e-1
946 1.62428047e-1 -5.98261206e-1
948 1.62680170e-1 -5.71945682e-1
950 1.63056279e-1 -5.45605913e-1
952 1.63559053e-1 -5.19223347e-1
954 1.64191633e-1 -4.92779191e-1
956 1.64957652e-1 -4.66254351e-1
958 1.65861260e-1 -4.39629376e-1
960 1.66907167e-1 -4.12884390e-1
962 1.68100679e-1 -3.85999028e-1
964 1.69447747e-1 -3.58952370e-1
966 1.70955017e-1 -3.31722862e-1
968 1.72629893e-1 -3.04288242e-1
970 1.74480606e-1 -2.76625457e-1
972 1.76516289e-1 -2.48710573e-1
974 1.78747063e-1 -2.20518681e-1
976 1.81184144e-1 -1.92023797e-1
978 1.83839949e-1 -1.63198751e-1
980 1.86728227e-1 -1.34015068e-1
982 1.89864208e-1 -1.04442844e-1
984 1.93264766e-1 -7.44506029e-2
986 1.96948613e-1 -4.40051522e-2
988 2.00936515e-1 -1.30714171e-2
990 2.05251544e-1 1.83877338e-2
992 2.09919363e-1 5.04116805e-2
994 2.14968556e-1 8.30422583e-2
996 2.20431010e-1 1.16323983e-1
998 2.26342352e-1 1.50304295e-1
1000 2.32742461e-1 1.85033821e-1
1002 2.39676060e-1 2.20566662e-1
1004 2.47193398e-1 2.56960692e-1
1006 2.55351062e-1 2.94277889e-1
1008 2.64212912e-1 3.32584678e-1
1010 2.73851183e-1 3.71952290e-1
1012 2.84347789e-1 4.12457143e-1
1014 2.95795849e-1 4.54181212e-1
1016 3.08301506e-1 4.97212406e-1
1018 3.21986073e-1 5.41644915e-1
1020 3.36988598e-1 5.87579504e-1
1022 3.53468919e-1 6.35123722e-1
1024 3.71611316e-1 6.84391972e-1
1026 3.91628903e-1 7.35505354e-1
1028 4.13768888e-1 7.88591192e-1
1030 4.38318926e-1 8.43782064e-1
1032 4.65614762e-1 9.01214139e-1
1034 4.96049458e-1 9.61024497e-1
1036 5.30084517e-1 1.02334698e+0
1038 5.68263269e-1 1.08830601e+0
1040 6.11226916e-1 1.15600734e+0
1042 6.59733643e-1 1.22652477e+0
1044 7.14681113e-1 1.29988072e+0
1046 7.77132501e-1 1.37601856e+0
1048 8.48345736e-1 1.45476299e+0
1050 9.29804789e-1 1.53576397e+0
1052 1.02325017e+0 1.61841789e+0
1054 1.13070297e+0 1.70175770e+0
1056 1.25447181e+0 1.78430214e+0
1058 1.39712408e+0 1.86385323e+0
1060 1.56139026e+0 1.93723339e+0
1062 1.74995247e+0 1.99996256e+0
1064 1.96504583e+0 2.04589933e+0
1066 2.20778180e+0 2.06691837e+0
1068 2.47710563e+0 2.05278217e+0
1070 2.76836766e+0 1.99148819e+0
1072 3.07168531e+0 1.87049172e+0
1074 3.37064499e+0 1.67919078e+0
1076 3.64235367e+0 1.41268522e+0
1078 3.86001139e+0 1.07592356e+0
1080 3.99842241e+0 6.86236320e-1
1082 4.04101033e+0 2.71985369e-1
1084 3.98510747e+0 -1.33308690e-1
1086 3.84254329e+0 -4.99110977e-1
1088 3.63528003e+0 -8.04413268e-1
1090 3.38873563e+0 -1.04006946e+0
1092 3.12603994e+0 -1.20712981e+0
1094 2.86492109e+0 -1.31319470e+0
1096 2.61708763e+0 -1.36878301e+0
1098 2.38909931e+0 -1.38473213e+0
1100 2.18375410e+0 -1.37076158e+0
1102 2.00140842e+0 -1.33490988e+0
1104 1.84100134e+0 -1.28348794e+0
1106 1.70075901e+0 -1.22127727e+0
1108 1.57863849e+0 -1.15180805e+0
1110 1.47258634e+0 -1.07763357e+0
1112 1.38067618e+0 -1.00056656e+0
1114 1.30117186e+0 -9.21868853e-1
1116 1.23254761e+0 -8.42397591e-1
1118 1.17348483e+0 -7.62714949e-1
1120 1.12285720e+0 -6.83169306e-1
1122 1.07971136e+0 -6.03954575e-1
1124 1.04324647e+0 -5.25153289e-1
1126 1.01279518e+0 -4.46767706e-1
1128 9.87806360e-1 -3.68742177e-1
1130 9.67830441e-1 -2.90979131e-1
1132 9.52506997e-1 -2.13350447e-1
1134 9.41554674e-1 -1.35705471e-1
1136 9.34763192e-1 -5.78766136e-2
1138 9.31987261e-1 2.03168020e-2
1140 9.33142242e-1 9.90659309e-2
1142 9.38201438e-1 1.78570668e-1
1144 9.47194920e-1 2.59038485e-1
1146 9.60209861e-1 3.40683606e-1
1148 9.77392396e-1 4.23726306e-1
1150 9.98951062e-1 5.08392144e-1
1152 1.02516196e+0 5.94910891e-1
1154 1.05637581e+0 6.83514902e-1
1156 1.09302718e+0 7.74436615e-1
1158 1.13564613e+0 8.67904716e-1
1160 1.18487285e+0 9.64138408e-1
1162 1.24147555e+0 1.06333896e+0
1164 1.30637231e+0 1.16567740e+0
1166 1.38065755e+0 1.27127681e+0
1168 1.46563343e+0 1.38018697e+0
1170 1.56284702e+0 1.49234832e+0
1172 1.67413294e+0 1.60754094e+0
1174 1.80166108e+0 1.72531259e+0
1176 1.94798695e+0 1.84487770e+0
1178 2.11609957e+0 1.96497646e+0
1180 2.30945690e+0 2.08367970e+0
1182 2.53199011e+0 2.19812245e+0
1184 2.78804401e+0 2.30414692e+0
1186 3.08219925e+0 2.39583930e+0
1188 3.41888982e+0 2.46495958e+0
1190 3.80168881e+0 2.50030316e+0
1192 4.23209606e+0 2.48711699e+0
1194 4.70765711e+0 2.40684597e+0
1196 5.21934874e+0 2.23771489e+0
1198 5.74850543e+0 1.95689812e+0
1200 6.26424967e+0 1.54506748e+0
1202 6.72332184e+0 9.93497217e-1
1204 7.07470112e+0 3.12224292e-1
1206 7.27018318e+0 -4.64576399e-1
1208 7.27844177e+0 -1.28079284e+0
1210 7.09606983e+0 -2.06999446e+0
1212 6.74904121e+0 -2.77219532e+0
1214 6.28359589e+0 -3.34751214e+0
1216 5.75207860e+0 -3.78084757e+0
1218 5.20088649e+0 -4.07793222e+0
1220 4.66426854e+0 -4.25723461e+0
1222 4.16355262e+0 -4.34217633e+0
1224 3.70944584e+0 -4.35580589e+0
1226 3.30523413e+0 -4.31807443e+0
1228 2.94965356e+0 -4.24496416e+0
1230 2.63901305e+0 -4.14864169e+0
1232 2.36858363e+0 -4.03804394e+0
1234 2.13342451e+0 -3.91956084e+0
1236 1.92882813e+0 -3.79765891e+0
1238 1.75052866e+0 -3.67539255e+0
1240 1.59477314e+0 -3.55479915e+0
1242 1.45831871e+0 -3.43719386e+0
1244 1.33839360e+0 -3.32338476e+0
1246 1.23264367e+0 -3.21382759e+0
1248 1.13907598e+0 -3.10873609e+0
1250 1.05600544e+0 -3.00816008e+0
1252 9.82006878e-1 -2.91204049e+0
1254 9.15873501e-1 -2.82024787e+0
1256 8.56581450e-1 -2.73260932e+0
1258 8.03259992e-1 -2.64892710e+0
1260 7.55166604e-1 -2.56899144e+0
1262 7.11666250e-1 -2.49258918e+0
1264 6.72214164e-1 -2.41950961e+0
1266 6.36341566e-1 -2.34954818e+0
1268 6.03643803e-1 -2.28250883e+0
1270 5.73770490e-1 -2.21820532e+0
1272 5.46417295e-1 -2.15646190e+0
1274 5.21319094e-1 -2.09711346e+0
1276 4.98244235e-1 -2.04000542e+0
1278 4.76989730e-1 -1.98499340e+0
1280 4.57377211e-1 -1.93194280e+0
1282 4.39249523e-1 -1.88072817e+0
1284 4.22467835e-1 -1.83123279e+0
1286 4.06909195e-1 -1.78334795e+0
1288 3.92464450e-1 -1.73697252e+0
1290 3.79036469e-1 -1.69201230e+0
1292 3.66538625e-1 -1.64837956e+0
1294 3.54893490e-1 -1.60599250e+0
1296 3.44031719e-1 -1.56477484e+0
1298 3.33891080e-1 -1.52465535e+0
1300 3.24415620e-1 -1.48556747e+0
1302 3.15554944e-1 -1.44744894e+0
1304 3.07263580e-1 -1.41024143e+0
1306 2.99500438e-1 -1.37389028e+0
1308 2.92228327e-1 -1.33834415e+0
1310 2.85413541e-1 -1.30355482e+0
1312 2.79025490e-1 -1.26947689e+0
1314 2.73036380e-1 -1.23606756e+0
1316 2.67420929e-1 -1.20328647e+0
1318 2.62156117e-1 -1.17109546e+0
1320 2.57220968e-1 -1.13945841e+0
1322 2.52596352e-1 -1.10834110e+0
1324 2.48264813e-1 -1.07771102e+0
1326 2.44210418e-1 -1.04753728e+0
1328 2.40418619e-1 -1.01779043e+0
1330 2.36876134e-1 -9.88442388e-1
1332 2.33570834e-1 -9.59466322e-1
1334 2.30491655e-1 -9.30836527e-1
1336 2.27628506e-1 -9.02528348e-1
1338 2.24972196e-1 -8.74518090e-1
1340 2.22514366e-1 -8.46782936e-1
1342 2.20247426e-1 -8.19300869e-1
1344 2.18164503e-1 -7.92050599e-1
1346 2.16259394e-1 -7.65011499e-1
1348 2.14526522e-1 -7.38163537e-1
1350 2.12960898e-1 -7.11487218e-1
1352 2.11558087e-1 -6.84963526e-1
1354 2.10314182e-1 -6.58573868e-1
1356 2.09225775e-1 -6.32300025e-1
1358 2.08289938e-1 -6.06124096e-1
1360 2.07504199e-1 -5.80028455e-1
1362 2.06866534e-1 -5.53995700e-1
1364 2.06375348e-1 -5.28008611e-1
1366 2.06029464e-1 -5.02050102e-1
1368 2.05828120e-1 -4.76103177e-1
1370 2.05770960e-1 -4.50150889e-1
1372 2.05858034e-1 -4.24176296e-1
1374 2.06089793e-1 -3.98162417e-1
1376 2.06467096e-1 -3.72092188e-1
1378 2.06991210e-1 -3.45948424e-1
1380 2.07663820e-1 -3.19713767e-1
1382 2.08487036e-1 -2.93370647e-1
1384 2.09463407e-1 -2.66901234e-1
1386 2.10595932e-1 -2.40287393e-1
1388 2.11888081e-1 -2.13510632e-1
1390 2.13343813e-1 -1.86552054e-1
1392 2.14967599e-1 -1.59392303e-1
1394 2.16764452e-1 -1.32011513e-1
1396 2.18739954e-1 -1.04389244e-1
1398 2.20900294e-1 -7.65044282e-2
1400 2.23252304e-1 -4.83353029e-2
1402 2.25803505e-1 -1.98593429e-2
1404 2.28562155e-1 8.94681030e-3
1406 2.31537305e-1 3.81074254e-2
1408 2.34738861e-1 6.76477623e-2
1410 2.38177653e-1 9.75941594e-2
1412 2.41865509e-1 1.27974127e-1
1414 2.45815347e-1 1.58816448e-1
1416 2.50041264e-1 1.90151285e-1
1418 2.54558650e-1 2.22010295e-1
1420 2.59384306e-1 2.54426761e-1
1422 2.64536578e-1 2.87435719e-1
1424 2.70035511e-1 3.21074112e-1
1426 2.75903015e-1 3.55380945e-1
1428 2.82163061e-1 3.90397460e-1
1430 2.88841896e-1 4.26167321e-1
1432 2.95968281e-1 4.62736822e-1
1434 3.03573772e-1 5.00155106e-1
1436 3.11693027e-1 5.38474406e-1
1438 3.20364159e-1 5.77750312e-1
1440 3.29629136e-1 6.18042055e-1
1442 3.39534240e-1 6.59412822e-1
1444 3.50130580e-1 7.01930096e-1
1446 3.61474695e-1 7.45666033e-1
1448 3.73629224e-1 7.90697859e-1
1450 3.86663699e-1 8.37108321e-1
1452 4.00655436e-1 8.84986163e-1
1454 4.15690576e-1 9.34426651e-1
1456 4.31865286e-1 9.85532132e-1
1458 4.49287152e-1 1.03841265e+0
1460 4.68076797e-1 1.09318661e+0
1462 4.88369768e-1 1.14998144e+0
1464 5.10318749e-1 1.20893439e+0
1466 5.34096141e-1 1.27019327e+0
1468 5.59897116e-1 1.33391726e+0
1470 5.87943200e-1 1.40027770e+0
1472 6.18486524e-1 1.46945894e+0
1474 6.51814865e-1 1.54165899e+0
1476 6.88257640e-1 1.61709017e+0
1478 7.28193066e-1 1.69597954e+0
1480 7.72056724e-1 1.77856892e+0
1482 8.20351840e-1 1.86511452e+0
1484 8.73661651e-1 1.95588572e+0
1486 9.32664312e-1 2.05116284e+0
1488 9.98150906e-1 2.15123319e+0
1490 1.07104720e+0 2.25638490e+0
1492 1.15244000e+0 2.36689734e+0
1494 1.24360889e+0 2.48302677e+0
1496 1.34606461e+0 2.60498518e+0
1498 1.46159493e+0 2.73290938e+0
1500 1.59231917e+0 2.86681620e+0
1502 1.74075197e+0 3.00653800e+0
1504 1.90987613e+0 3.15163023e+0
1506 2.10322234e+0 3.30123957e+0
1508 2.32495026e+0 3.45391703e+0
1510 2.57991858e+0 3.60735497e+0
1512 2.87372044e+0 3.75802149e+0
1514 3.21264072e+0 3.90066136e+0
1516 3.60346032e+0 4.02763420e+0
1518 4.05298467e+0 4.12807777e+0
1520 4.56710945e+0 4.18693600e+0
1522 5.14916782e+0 4.18400873e+0
1524 5.79727783e+0 4.09340484e+0
1526 6.50053803e+0 3.88413626e+0
1528 7.23440250e+0 3.52299961e+0
1530 7.95661237e+0 2.98101950e+0
1532 8.60654601e+0 2.24386165e+0
1534 9.11172158e+0 1.32404225e+0
1536 9.40334626e+0 2.69059727e-1
1538 9.43709474e+0 -8.41933414e-1
1540 9.20904739e+0 -1.91555623e+0
1542 8.75699837e+0 -2.86878999e+0
1544 8.14633215e+0 -3.64813184e+0
1546 7.44939220e+0 -4.23512578e+0
1548 6.72885157e+0 -4.63967431e+0
1550 6.02987825e+0 -4.88819092e+0
1552 5.37983939e+0 -5.01284899e+0
1554 4.79192896e+0 -5.04458983e+0
1556 4.26970421e+0 -5.00976776e+0
1558 3.81097128e+0 -4.92924151e+0
1560 3.41056768e+0 -4.81874591e+0
1562 3.06213679e+0 -4.68976019e+0
1564 2.75915714e+0 -4.55045134e+0
1566 2.49548169e+0 -4.40650882e+0
1568 2.26557925e+0 -4.26181596e+0
1570 2.06460721e+0 -4.11896203e+0
1572 1.88839526e+0 -3.97962090e+0
1574 1.73338729e+0 -3.84482531e+0
1576 1.59656783e+0 -3.71516334e+0
1578 1.47538672e+0 -3.59091782e+0
1580 1.36768899e+0 -3.47216480e+0
1582 1.27165254e+0 -3.35884273e+0
1584 1.18573444e+0 -3.25080094e+0
1586 1.10862537e+0 -3.14783340e+0
1588 1.03921137e+0 -3.04970214e+0
1590 9.76542022e-1 -2.95615331e+0
1592 9.19803972e-1 -2.86692811e+0
1594 8.68298990e-1 -2.78177014e+0
1596 8.21425768e-1 -2.70043008e+0
1598 7.78664827e-1 -2.62266869e+0
1600 7.39565964e-1 -2.54825854e+0
1602 7.03737806e-1 -2.47698484e+0
1604 6.70839087e-1 -2.40864576e+0
1606 6.40571352e-1 -2.34305228e+0
1608 6.12672834e-1 -2.28002781e+0
1610 5.86913307e-1 -2.21940769e+0
1612 5.63089732e-1 -2.16103854e+0
1614 5.41022585e-1 -2.10477758e+0
1616 5.20552734e-1 -2.05049193e+0
1618 5.01538778e-1 -1.99805795e+0
1620 4.83854786e-1 -1.94736057e+0
1622 4.67388348e-1 -1.89829263e+0
1624 4.52038914e-1 -1.85075431e+0
1626 4.37716357e-1 -1.80465254e+0
1628 4.24339736e-1 -1.75990048e+0
1630 4.11836226e-1 -1.71641706e+0
1632 4.00140190e-1 -1.67412648e+0
1634 3.89192369e-1 -1.63295783e+0
1636 3.78939182e-1 -1.59284468e+0
1638 3.69332111e-1 -1.55372476e+0
1640 3.60327160e-1 -1.51553957e+0
1642 3.51884390e-1 -1.47823415e+0
1644 3.43967499e-1 -1.44175678e+0
1646 3.36543460e-1 -1.40605868e+0
1648 3.29582200e-1 -1.37109385e+0
1650 3.23056314e-1 -1.33681882e+0
1652 3.16940816e-1 -1.30319243e+0
1654 3.11212914e-1 -1.27017568e+0
1656 3.05851813e-1 -1.23773157e+0
1658 3.00838543e-1 -1.20582489e+0
1660 2.96155798e-1 -1.17442214e+0
1662 2.91787802e-1 -1.14349135e+0
1664 2.87720182e-1 -1.11300198e+0
1666 2.83939861e-1 -1.08292481e+0
1668 2.80434960e-1 -1.05323179e+0
1670 2.77194709e-1 -1.02389599e+0
1672 2.74209374e-1 -9.94891493e-1
1674 2.71470185e-1 -9.66193286e-1
1676 2.68969278e-1 -9.37777196e-1
1678 2.66699639e-1 -9.09619810e-1
1680 2.64655062e-1 -8.81698398e-1
1682 2.62830106e-1 -8.53990844e-1
1684 2.61220057e-1 -8.26475578e-1
1686 2.59820904e-1 -7.99131517e-1
1688 2.58629310e-1 -7.71938000e-1
1690 2.57642593e-1 -7.44874729e-1
1692 2.56858709e-1 -7.17921716e-1
1694 2.56276241e-1 -6.91059225e-1
1696 2.55894391e-1 -6.64267716e-1
1698 2.55712977e-1 -6.37527800e-1
1700 2.55732430e-1 -6.10820178e-1
1702 2.55953801e-1 -5.84125595e-1
1704 2.56378769e-1 -5.57424787e-1
1706 2.57009649e-1 -5.30698432e-1
1708 2.57849414e-1 -5.03927095e-1
1710 2.58901711e-1 -4.77091177e-1
1712 2.60170887e-1 -4.50170865e-1
1714 2.61662022e-1 -4.23146075e-1
1716 2.63380959e-1 -3.95996398e-1
1718 2.65334348e-1 -3.68701045e-1
1720 2.67529696e-1 -3.41238786e-1
1722 2.69975412e-1 -3.13587890e-1
1724 2.72680875e-1 -2.85726065e-1
1726 2.75656501e-1 -2.57630388e-1
1728 2.78913817e-1 -2.29277240e-1
1730 2.82465555e-1 -2.00642234e-1
1732 2.86325742e-1 -1.71700138e-1
1734 2.90509816e-1 -1.42424795e-1
1736 2.95034749e-1 -1.12789044e-1
1738 2.99919184e-1 -8.27646282e-2
1740 3.05183592e-1 -5.23221043e-2
1742 3.10850451e-1 -2.14307439e-2
1744 3.16944436e-1 9.94156864e-3
1746 3.23492652e-1 4.18284449e-2
1748 3.30524874e-1 7.42651062e-2
1750 3.38073839e-1 1.07288503e-1
1752 3.46175557e-1 1.40937439e-1
1754 3.54869681e-1 1.75252703e-1
1756 3.64199910e-1 2.10277201e-1
1758 3.74214458e-1 2.46056095e-1
1760 3.84966577e-1 2.82636944e-1
1762 3.96515162e-1 3.20069843e-1
1764 4.08925435e-1 3.58407562e-1
1766 4.22269723e-1 3.97705675e-1
1768 4.36628356e-1 4.38022682e-1
1770 4.52090690e-1 4.79420114e-1
1772 4.68756282e-1 5.21962598e-1
1774 4.86736238e-1 5.65717904e-1
1776 5.06154771e-1 6.10756916e-1
1778 5.27150993e-1 6.57153539e-1
1780 5.49880981e-1 7.04984500e-1
1782 5.74520168e-1 7.54329008e-1
1784 6.01266114e-1 8.05268224e-1
1786 6.30341704e-1 8.57884494e-1
1788 6.61998857e-1 9.12260233e-1
1790 6.96522830e-1 9.68476392e-1
1792 7.34237183e-1 1.02661033e+0
1794 7.75509535e-1 1.08673295e+0
1796 8.20758189e-1 1.14890478e+0
1798 8.70459749e-1 1.21317085e+0
1800 9.25157817e-1 1.27955367e+0
1802 9.85472844e-1 1.34804412e+0
1804 1.05211315e+0 1.41858923e+0
1806 1.12588705e+0 1.49107613e+0
1808 1.20771581e+0 1.56531092e+0
1810 1.29864692e+0 1.64099101e+0
1812 1.39986675e+0 1.71766894e+0
1814 1.51271089e+0 1.79470551e+0
1816 1.63866945e+0 1.87120940e+0
1818 1.77938311e+0 1.94596037e+0
1820 1.93662326e+0 2.01731288e+0
1822 2.11224658e+0 2.08307825e+0
1824 2.30811006e+0 2.14038500e+0
1826 2.52592742e+0 2.18552246e+0
1828 2.76704257e+0 2.21378080e+0
1830 3.03209243e+0 2.21931593e+0
1832 3.32053374e+0 2.19508998e+0
1834 3.63002432e+0 2.13296795e+0
1836 3.95568881e+0 2.02408304e+0
1838 4.28937180e+0 1.85960058e+0
1840 4.61908981e+0 1.63198249e+0
1842 4.92900878e+0 1.33673973e+0
1844 5.20032382e+0 9.74432923e-1
1846 5.41329209e+0 5.52382358e-1
1848 5.55028991e+0 8.53353715e-2
1850 5.59921310e+0 -4.05558494e-1
1852 5.55612006e+0 -8.95567922e-1
1854 5.42609867e+0 -1.36030585e+0
1856 5.22200723e+0 -1.77951584e+0
1858 4.96162475e+0 -2.13955494e+0
1860 4.66429218e+0 -2.43406228e+0
1862 4.34806942e+0 -2.66306643e+0
1864 4.02795655e+0 -2.83122472e+0
1866 3.71520780e+0 -2.94590121e+0
1868 3.41745245e+0 -3.01554590e+0
1870 3.13925985e+0 -3.04855569e+0
1872 2.88285464e+0 -3.05260143e+0
1874 2.64880085e+0 -3.03431477e+0
1876 2.43657078e+0 -2.99921301e+0
1878 2.24497753e+0 -2.95176043e+0
1880 2.07248304e+0 -2.89549465e+0
1882 1.91740570e+0 -2.83317369e+0
1884 1.77805288e+0 -2.76691905e+0
1886 1.65280038e+0 -2.69834346e+0
1888 1.54013594e+0 -2.62865886e+0
1890 1.43867926e+0 -2.55876505e+0
1892 1.34718730e+0 -2.48932067e+0
1894 1.26455088e+0 -2.42079929e+0
1896 1.18978635e+0 -2.35353322e+0
1898 1.12202493e+0 -2.28774757e+0
1900 1.06050125e+0 -2.22358643e+0
1902 1.00454202e+0 -2.16113313e+0
1904 9.53555225e-1 -2.10042564e+0
1906 9.07020345e-1 -2.04146846e+0
1908 8.64479448e-1 -1.98424161e+0
1910 8.25529326e-1 -1.92870752e+0
1912 7.89814552e-1 -1.87481628e+0
1914 7.57021413e-1 -1.82250955e+0
1916 7.26872616e-1 -1.77172357e+0
1918 6.99122698e-1 -1.72239140e+0
1920 6.73554032e-1 -1.67444458e+0
1922 6.49973378e-1 -1.62781432e+0
1924 6.28208883e-1 -1.58243247e+0
1926 6.08107495e-1 -1.53823209e+0
1928 5.89532705e-1 -1.49514792e+0
1930 5.72362605e-1 -1.45311669e+0
1932 5.56488191e-1 -1.41207726e+0
1934 5.41811888e-1 -1.37197076e+0
1936 5.28246274e-1 -1.33274062e+0
1938 5.15712964e-1 -1.29433250e+0
1940 5.04141633e-1 -1.25669435e+0
1942 4.93469171e-1 -1.21977622e+0
1944 4.83638940e-1 -1.18353028e+0
1946 4.74600126e-1 -1.14791062e+0
1948 4.66307171e-1 -1.11287323e+0
1950 4.58719279e-1 -1.07837584e+0
1952 4.51799980e-1 -1.04437779e+0
1954 4.45516751e-1 -1.01083997e+0
1956 4.39840686e-1 -9.77724659e-1
1958 4.34746209e-1 -9.44995433e-1
1960 4.30210817e-1 -9.12617058e-1
1962 4.26214874e-1 -8.80555373e-1
1964 4.22741414e-1 -8.48777199e-1
1966 4.19775989e-1 -8.17250227e-1
1968 4.17306534e-1 -7.85942932e-1
1970 4.15323255e-1 -7.54824470e-1
1972 4.13818541e-1 -7.23864596e-1
1974 4.12786893e-1 -6.93033567e-1
1976 4.12224879e-1 -6.62302066e-1
1978 4.12131096e-1 -6.31641113e-1
1980 4.12506156e-1 -6.01021986e-1
1982 4.13352694e-1 -5.70416147e-1
1984 4.14675384e-1 -5.39795161e-1
1986 4.16480980e-1 -5.09130628e-1
1988 4.18778369e-1 -4.78394109e-1
1990 4.21578650e-1 -4.47557058e-1
1992 4.24895225e-1 -4.16590758e-1
1994 4.28743916e-1 -3.85466254e-1
1996 4.33143106e-1 -3.54154301e-1
1998 4.38113896e-1 -3.22625299e-1
2000 4.43680299e-1 -2.90849252e-1
2002 4.49869457e-1 -2.58795716e-1
2004 4.56711890e-1 -2.26433767e-1
2006 4.64241782e-1 -1.93731969e-1
2008 4.72497311e-1 -1.60658361e-1
2010 4.81521011e-1 -1.27180452e-1
2012 4.91360200e-1 -9.32652412e-2
2014 5.02067450e-1 -5.88792492e-2
2016 5.13701127e-1 -2.39885903e-2
2018 5.26325995e-1 1.14409289e-2
2020 5.40013911e-1 4.74436640e-2
2022 5.54844591e-1 8.40539335e-2
2024 5.70906493e-1 1.21305751e-1
2026 5.88297802e-1 1.59232472e-1
2028 6.07127546e-1 1.97866339e-1
2030 6.27516845e-1 2.37237887e-1
2032 6.49600326e-1 2.77375192e-1
2034 6.73527698e-1 3.18302914e-1
2036 6.99465524e-1 3.60041086e-1
2038 7.27599191e-1 4.02603583e-1
2040 7.58135092e-1 4.45996201e-1
2042 7.91303035e-1 4.90214253e-1
2044 8.27358868e-1 5.35239547e-1
2046 8.66587308e-1 5.81036624e-1
2048 9.09304945e-1 6.27548059e-1
2050 9.55863342e-1 6.74688618e-1
2052 1.00665213e+0 7.22338012e-1
2054 1.06210189e+0 7.70331918e-1
2056 1.12268660e+0 8.18450932e-1
2058 1.18892522e+0 8.66406998e-1
2060 1.26138173e+0 9.13826889e-1
2062 1.34066296e+0 9.60232243e-1
2064 1.42741288e+0 1.00501571e+0
2066 1.52230186e+0 1.04741291e+0
2068 1.62600864e+0 1.08647019e+0
2070 1.73919234e+0 1.12100856e+0
2072 1.86245100e+0 1.14958540e+0
2074 1.99626252e+0 1.17045653e+0
2076 2.14090362e+0 1.18154366e+0
2078 2.29634263e+0 1.18041507e+0
2080 2.46210379e+0 1.16429112e+0
2082 2.63710419e+0 1.13009039e+0
2084 2.81947192e+0 1.07453617e+0
2086 3.00636439e+0 9.94344254e-1
2088 3.19382070e+0 8.86508868e-1
2090 3.37669746e+0 7.48690658e-1
2092 3.54874888e+0 5.79684869e-1
2094 3.70290961e+0 3.79911287e-1
2096 3.83181213e+0 1.51827145e-1
2098 3.92851560e+0 -9.98622196e-2
2100 3.98734801e+0 -3.68310937e-1
2102 4.00469508e+0 -6.45015033e-1
2104 3.97954501e+0 -9.20625226e-1
2106 3.91364146e+0 -1.18593905e+0
2108 3.81120232e+0 -1.43285839e+0
2110 3.67828460e+0 -1.65511153e+0
2112 3.52196402e+0 -1.84862044e+0
2114 3.34951824e+0 -2.01150393e+0
2116 3.16776043e+0 -2.14379669e+0
2118 2.98259620e+0 -2.24700705e+0
2120 2.79880712e+0 -2.32363190e+0
2122 2.62001827e+0 -2.37671427e+0
2124 2.44878952e+0 -2.40948940e+0
2126 2.28677329e+0 -2.42513166e+0
2128 2.13489469e+0 -2.42659390e+0
2130 1.99352549e+0 -2.41652049e+0
2132 1.86263663e+0 -2.39721383e+0
2134 1.74192340e+0 -2.37063592e+0
2136 1.63090321e+0 -2.33843086e+0
2138 1.52898903e+0 -2.30195794e+0
2140 1.43554250e+0 -2.26232860e+0
2142 1.34991111e+0 -2.22044305e+0
2144 1.27145310e+0 -2.17702433e+0
2146 1.19955345e+0 -2.13264851e+0
2148 1.13363327e+0 -2.08777093e+0
2150 1.07315475e+0 -2.04274843e+0
2152 1.01762291e+0 -1.99785794e+0
2154 9.66585360e-1 -1.95331184e+0
2156 9.19630727e-1 -1.90927066e+0
2158 8.76386298e-1 -1.86585333e+0
2160 8.36515282e-1 -1.82314561e+0
2162 7.99713887e-1 -1.78120686e+0
2164 7.65708411e-1 -1.74007552e+0
2166 7.34252414e-1 -1.69977355e+0
2168 7.05124070e-1 -1.66030993e+0
2170 6.78123694e-1 -1.62168360e+0
2172 6.53071485e-1 -1.58388568e+0
2174 6.29805465e-1 -1.54690132e+0
2176 6.08179627e-1 -1.51071118e+0
2178 5.88062265e-1 -1.47529259e+0
2180 5.69334476e-1 -1.44062048e+0
2182 5.51888827e-1 -1.40666808e+0
2184 5.35628167e-1 -1.37340759e+0
2186 5.20464558e-1 -1.34081052e+0
2188 5.06318341e-1 -1.30884814e+0
2190 4.93117288e-1 -1.27749172e+0
2192 4.80795862e-1 -1.24671273e+0
2194 4.69294548e-1 -1.21648300e+0
2196 4.58559268e-1 -1.18677487e+0
2198 4.48540851e-1 -1.15756124e+0
2200 4.39194567e-1 -1.12881561e+0
2202 4.30479713e-1 -1.10051217e+0
2204 4.22359240e-1 -1.07262579e+0
2206 4.14799422e-1 -1.04513199e+0
2208 4.07769565e-1 -1.01800700e+0
2210 4.01241741e-1 -9.91227697e-1
2212 3.95190557e-1 -9.64771618e-1
2214 3.89592944e-1 -9.38616904e-1
2216 3.84427973e-1 -9.12742295e-1
2218 3.79676687e-1 -8.87127088e-1
2220 3.75321957e-1 -8.61751108e-1
2222 3.71348348e-1 -8.36594672e-1
2224 3.67742004e-1 -8.11638553e-1
2226 3.64490546e-1 -7.86863946e-1
2228 3.61582980e-1 -7.62252429e-1
2230 3.59009618e-1 -7.37785928e-1
2232 3.56762009e-1 -7.13446679e-1
2234 3.54832879e-1 -6.89217195e-1
2236 3.53216081e-1 -6.65080226e-1
2238 3.51906549e-1 -6.41018724e-1
2240 3.50900267e-1 -6.17015809e-1
2242 3.50194235e-1 -5.93054732e-1
2244 3.49786454e-1 -5.69118840e-1
2246 3.49675908e-1 -5.45191542e-1
2248 3.49862557e-1 -5.21256270e-1
2250 3.50347336e-1 -4.97296452e-1
2252 3.51132159e-1 -4.73295467e-1
2254 3.52219931e-1 -4.49236621e-1
2256 3.53614568e-1 -4.25103103e-1
2258 3.55321016e-1 -4.00877957e-1
2260 3.57345291e-1 -3.76544044e-1
2262 3.59694511e-1 -3.52084007e-1
2264 3.62376947e-1 -3.27480237e-1
2266 3.65402075e-1 -3.02714841e-1
2268 3.68780644e-1 -2.77769601e-1
2270 3.72524746e-1 -2.52625946e-1
2272 3.76647901e-1 -2.27264914e-1
2274 3.81165150e-1 -2.01667118e-1
2276 3.86093165e-1 -1.75812717e-1
2278 3.91450369e-1 -1.49681379e-1
2280 3.97257071e-1 -1.23252256e-1
2282 4.03535615e-1 -9.65039526e-2
2284 4.10310556e-1 -6.94145003e-2
2286 4.17608845e-1 -4.19613380e-2
2288 4.25460046e-1 -1.41212936e-2
2290 4.33896569e-1 1.41294269e-2
2292 4.42953942e-1 4.28152428e-2
2294 4.52671102e-1 7.19611924e-2
2296 4.63090733e-1 1.01592915e-1
2298 4.74259634e-1 1.31736616e-1
2300 4.86229136e-1 1.62419017e-1
2302 4.99055567e-1 1.93667277e-1
2304 5.12800771e-1 2.25508889e-1
2306 5.27532692e-1 2.57971540e-1
2308 5.43326027e-1 2.91082920e-1
2310 5.60262949e-1 3.24870486e-1
2312 5.78433929e-1 3.59361150e-1
2314 5.97938646e-1 3.94580887e-1
2316 6.18887004e-1 4.30554239e-1
2318 6.41400266e-1 4.67303690e-1
2320 6.65612323e-1 5.04848886e-1
2322 6.91671095e-1 5.43205663e-1
2324 7.19740088e-1 5.82384840e-1
2326 7.50000102e-1 6.22390713e-1
2328 7.82651115e-1 6.63219206e-1
2330 8.17914316e-1 7.04855565e-1
2332 8.56034303e-1 7.47271537e-1
2334 8.97281408e-1 7.90421872e-1
2336 9.41954116e-1 8.34240039e-1
2338 9.90381505e-1 8.78632958e-1
2340 1.04292561e+0 9.23474560e-1
2342 1.09998352e+0 9.68597927e-1
2344 1.16198902e+0 1.01378573e+0
2346 1.22941341e+0 1.05875869e+0
2348 1.30276497e+0 1.10316166e+0
2350 1.38258653e+0 1.14654712e+0
2352 1.46945012e+0 1.18835565e+0
2354 1.56394754e+0 1.22789336e+0
2356 1.66667533e+0 1.26430614e+0
2358 1.77821197e+0 1.29655127e+0
2360 1.89908508e+0 1.32336745e+0
2362 2.02972557e+0 1.34324506e+0
2364 2.17040564e+0 1.35440029e+0
2366 2.32115795e+0 1.35475818e+0
2368 2.48167365e+0 1.34195246e+0
2370 2.65117997e+0 1.31335261e+0
2372 2.82830134e+0 1.26613124e+0
2374 3.01091510e+0 1.19738645e+0
2376 3.19602127e+0 1.10433257e+0
2378 3.37965662e+0 9.84566698e-1
2380 3.55689221e+0 8.36405269e-1
2382 3.72195799e+0 6.59264240e-1
2384 3.86852968e+0 4.54029939e-1
2386 3.99018853e+0 2.23343063e-1
2388 4.08102251e+0 -2.82929580e-2
2390 4.13628681e+0 -2.94653121e-1
2392 4.15300082e+0 -5.68208787e-1
2394 4.13034946e+0 -8.40780000e-1
2396 4.06979107e+0 -1.10431104e+0
2398 3.97484524e+0 -1.35161924e+0
2400 3.85061523e+0 -1.57697625e+0
2402 3.70315950e+0 -1.77643328e+0
2404 3.53884506e+0 -1.94787425e+0
2406 3.36379243e+0 -2.09084327e+0
2408 3.18347603e+0 -2.20622823e+0
2410 3.00249508e+0 -2.29588650e+0
2412 2.82449409e+0 -2.36228127e+0
2414 2.65219418e+0 -2.40817168e+0
2416 2.48749304e+0 -2.43637479e+0
2418 2.33159790e+0 -2.44960015e+0
2420 2.18516538e+0 -2.45034718e+0
2422 2.04843222e+0 -2.44085162e+0
2424 1.92132860e+0 -2.42306713e+0
2426 1.80357114e+0 -2.39867007e+0
2428 1.69473622e+0 -2.36907826e+0
2430 1.59431572e+0 -2.33547683e+0
2432 1.50175803e+0 -2.29884678e+0
2434 1.41649747e+0 -2.25999338e+0
2436 1.33797444e+0 -2.21957269e+0
2438 1.26564888e+0 -2.17811550e+0
2440 1.19900855e+0 -2.13604825e+0
2442 1.13757374e+0 -2.09371111e+0
2444 1.08089939e+0 -2.05137323e+0
2446 1.02857547e+0 -2.00924559e+0
2448 9.80226202e-1 -1.96749174e+0
2450 9.35508497e-1 -1.92623662e+0
2452 8.94110042e-1 -1.88557388e+0
2454 8.55747099e-1 -1.84557189e+0
2456 8.20162261e-1 -1.80627865e+0
2458 7.87122217e-1 -1.76772581e+0
2460 7.56415613e-1 -1.72993194e+0
2462 7.27851014e-1 -1.69290522e+0
2464 7.01255028e-1 -1.65664560e+0
2466 6.76470559e-1 -1.62114657e+0
2468 6.53355221e-1 -1.58639660e+0
2470 6.31779891e-1 -1.55238028e+0
2472 6.11627402e-1 -1.51907928e+0
2474 5.92791363e-1 -1.48647310e+0
2476 5.75175099e-1 -1.45453968e+0
2478 5.58690692e-1 -1.42325588e+0
2480 5.43258134e-1 -1.39259788e+0
2482 5.28804552e-1 -1.36254149e+0
2484 5.15263526e-1 -1.33306240e+0
2486 5.02574473e-1 -1.30413634e+0
2488 4.90682099e-1 -1.27573928e+0
2490 4.79535901e-1 -1.24784750e+0
2492 4.69089729e-1 -1.22043769e+0
2494 4.59301390e-1 -1.19348702e+0
2496 4.50132294e-1 -1.16697317e+0
2498 4.41547137e-1 -1.14087436e+0
2500 4.33513614e-1 -1.11516938e+0
2502 4.26002165e-1 -1.08983757e+0
2504 4.18985746e-1 -1.06485884e+0
2506 4.12439626e-1 -1.04021366e+0
2508 4.06341198e-1 -1.01588303e+0
2510 4.00669814e-1 -9.91848482e-1
2512 3.95406643e-1 -9.68092050e-1
2514 3.90534528e-1 -9.44596258e-1
2516 3.86037878e-1 -9.21344088e-1
2518 3.81902551e-1 -8.98318960e-1
2520 3.78115765e-1 -8.75504705e-1
2522 3.74666014e-1 -8.52885543e-1
2524 3.71542988e-1 -8.30446052e-1
2526 3.68737509e-1 -8.08171146e-1
2528 3.66241475e-1 -7.86046050e-1
2530 3.64047805e-1 -7.64056272e-1
2532 3.62150393e-1 -7.42187576e-1
2534 3.60544079e-1 -7.20425964e-1
2536 3.59224605e-1 -6.98757645e-1
2538 3.58188598e-1 -6.77169012e-1
2540 3.57433547e-1 -6.55646622e-1
2542 3.56957785e-1 -6.34177170e-1
2544 3.56760480e-1 -6.12747466e-1
2546 3.56841632e-1 -5.91344414e-1
2548 3.57202067e-1 -5.69954991e-1
2550 3.57843448e-1 -5.48566225e-1
2552 3.58768279e-1 -5.27165176e-1
2554 3.59979922e-1 -5.05738914e-1
2556 3.61482614e-1 -4.84274502e-1
2558 3.63281494e-1 -4.62758979e-1
2560 3.65382633e-1 -4.41179339e-1
2562 3.67793067e-1 -4.19522520e-1
2564 3.70520841e-1 -3.97775383e-1
2566 3.73575059e-1 -3.75924705e-1
2568 3.76965934e-1 -3.53957160e-1
2570 3.80704856e-1 -3.31859314e-1
2572 3.84804457e-1 -3.09617618e-1
2574 3.89278694e-1 -2.87218395e-1
2576 3.94142937e-1 -2.64647846e-1
2578 3.99414062e-1 -2.41892048e-1
2580 4.05110568e-1 -2.18936958e-1
2582 4.11252690e-1 -1.95768427e-1
2584 4.17862539e-1 -1.72372214e-1
2586 4.24964249e-1 -1.48734015e-1
2588 4.32584138e-1 -1.24839487e-1
2590 4.40750894e-1 -1.00674303e-1
2592 4.49495770e-1 -7.62241965e-2
2594 4.58852809e-1 -5.14750395e-2
2596 4.68859086e-1 -2.64129261e-2
2598 4.79554971e-1 -1.02428250e-3
2600 4.90984431e-1 2.47040004e-2
2602 5.03195346e-1 5.07844044e-2
2604 5.16239869e-1 7.72285867e-2
2606 5.30174813e-1 1.04047141e-1
2608 5.45062072e-1 1.31249308e-1
2610 5.60969093e-1 1.58842631e-1
2612 5.77969372e-1 1.86832534e-1
2614 5.96143001e-1 2.15221826e-1
2616 6.15577261e-1 2.44010100e-1
2618 6.36367247e-1 2.73193018e-1
2620 6.58616541e-1 3.02761454e-1
2622 6.82437917e-1 3.32700476e-1
2624 7.07954073e-1 3.62988136e-1
2626 7.35298384e-1 3.93594022e-1
2628 7.64615642e-1 4.24477546e-1
2630 7.96062776e-1 4.55585922e-1
2632 8.29809501e-1 4.86851761e-1
2634 8.66038856e-1 5.18190250e-1
2636 9.04947546e-1 5.49495833e-1
2638 9.46746015e-1 5.80638331e-1
2640 9.91658119e-1 6.11458423e-1
2642 1.03992023e+0 6.41762432e-1
2644 1.09177960e+0 6.71316344e-1
2646 1.14749165e+0 6.99839022e-1
2648 1.20731597e+0 7.26994629e-1
2650 1.27151051e+0 7.52384301e-1
2652 1.34032358e+0 7.75537235e-1
2654 1.41398298e+0 7.95901483e-1
2656 1.49268176e+0 8.12834927e-1
2658 1.57655982e+0 8.25597196e-1
2660 1.66568084e+0 8.33343600e-1
2662 1.76000389e+0 8.35122604e-1
2664 1.85934971e+0 8.29878816e-1
2666 1.96336183e+0 8.16464026e-1
2668 2.07146399e+0 7.93659193e-1
2670 2.18281609e+0 7.60210572e-1
2672 2.29627297e+0 7.14882900e-1
2674 2.41035173e+0 6.56531664e-1
2676 2.52321564e+0 5.84194526e-1
2678 2.63268353e+0 4.97198888e-1
2680 2.73627387e+0 3.95278311e-1
2682 2.83129087e+0 2.78685647e-1
2684 2.91495490e+0 1.48286269e-1
2686 2.98457254e+0 5.61232659e-3
2688 3.03773231e+0 -1.47139824e-1
2690 3.07250343e+0 -3.07180855e-1
2692 3.08760940e+0 -4.71269569e-1
2694 3.08254854e+0 -6.35911873e-1
2696 3.05764050e+0 -7.97593373e-1
2698 3.01399073e+0 -9.53013783e-1
2700 2.95337955e+0 -1.09929107e+0
2702 2.87809578e+0 -1.23411027e+0
2704 2.79074218e+0 -1.35580381e+0
2706 2.69404081e+0 -1.46336340e+0
2708 2.59066135e+0 -1.55639426e+0
2710 2.48308689e+0 -1.63502879e+0
2712 2.37352301e+0 -1.69981843e+0
2714 2.26384819e+0 -1.75162031e+0
2716 2.15559905e+0 -1.79149097e+0
2718 2.04998183e+0 -1.82059486e+0
2720 1.94790093e+0 -1.84013107e+0
2722 1.84999712e+0 -1.85127839e+0
2724 1.75668927e+0 -1.85515727e+0
2726 1.66821539e+0 -1.85280575e+0
2728 1.58467057e+0 -1.84516647e+0
2730 1.50604023e+0 -1.83308187e+0
2732 1.43222834e+0 -1.81729515e+0
2734 1.36308069e+0 -1.79845504e+0
2736 1.29840350e+0 -1.77712280e+0
2738 1.23797806e+0 -1.75378034e+0
2740 1.18157202e+0 -1.72883873e+0
2742 1.12894780e+0 -1.70264662e+0
2744 1.07986881e+0 -1.67549814e+0
2746 1.03410389e+0 -1.64764019e+0
2748 9.91430357e-1 -1.61927899e+0
2750 9.51635968e-1 -1.59058592e+0
2752 9.14520118e-1 -1.56170267e+0
2754 8.79894429e-1 -1.53274567e+0
2756 8.47582905e-1 -1.50380994e+0
2758 8.17421784e-1 -1.47497241e+0
2760 7.89259175e-1 -1.44629475e+0
2762 7.62954560e-1 -1.41782578e+0
2764 7.38378198e-1 -1.38960355e+0
2766 7.15410495e-1 -1.36165704e+0
2768 6.93941349e-1 -1.33400768e+0
2770 6.73869495e-1 -1.30667054e+0
2772 6.55101871e-1 -1.27965545e+0
2774 6.37553010e-1 -1.25296786e+0
2776 6.21144456e-1 -1.22660954e+0
2778 6.05804226e-1 -1.20057931e+0
2780 5.91466299e-1 -1.17487346e+0
2782 5.78070149e-1 -1.14948629e+0
2784 5.65560310e-1 -1.12441042e+0
2786 5.53885979e-1 -1.09963712e+0
2788 5.43000651e-1 -1.07515657e+0
2790 5.32861782e-1 -1.05095810e+0
2792 5.23430494e-1 -1.02703032e+0
2794 5.14671290e-1 -1.00336134e+0
2796 5.06551810e-1 -9.79938817e-1
2798 4.99042601e-1 -9.56750129e-1
2800 4.92116918e-1 -9.33782415e-1
2802 4.85750535e-1 -9.11022655e-1
2804 4.79921580e-1 -8.88457731e-1
2806 4.74610394e-1 -8.66074466e-1
2808 4.69799392e-1 -8.43859662e-1
2810 4.65472952e-1 -8.21800129e-1
2812 4.61617310e-1 -7.99882702e-1
2814 4.58220472e-1 -7.78094262e-1
2816 4.55272136e-1 -7.56421745e-1
2818 4.52763629e-1 -7.34852155e-1
2820 4.50687849e-1 -7.13372562e-1
2822 4.49039224e-1 -6.91970116e-1
2824 4.47813675e-1 -6.70632040e-1
2826 4.47008597e-1 -6.49345640e-1
2828 4.46622838e-1 -6.28098300e-1
2830 4.46656698e-1 -6.06877488e-1
2832 4.47111933e-1 -5.85670756e-1
2834 4.47991764e-1 -5.64465744e-1
2836 4.49300906e-1 -5.43250187e-1
2838 4.51045597e-1 -5.22011921e-1
2840 4.53233641e-1 -5.00738895e-1
2842 4.55874460e-1 -4.79419185e-1
2844 4.58979158e-1 -4.58041014e-1
2846 4.62560597e-1 -4.36592775e-1
2848 4.66633479e-1 -4.15063067e-1
2850 4.71214451e-1 -3.93440729e-1
2852 4.76322210e-1 -3.71714889e-1
2854 4.81977636e-1 -3.49875029e-1
2856 4.88203925e-1 -3.27911049e-1
2858 4.95026755e-1 -3.05813362e-1
2860 5.02474451e-1 -2.83572993e-1
2862 5.10578183e-1 -2.61181711e-1
2864 5.19372173e-1 -2.38632176e-1
2866 5.28893926e-1 -2.15918119e-1
2868 5.39184483e-1 -1.93034558e-1
2870 5.50288692e-1 -1.69978050e-1
2872 5.62255504e-1 -1.46746992e-1
2874 5.75138288e-1 -1.23341979e-1
2876 5.88995171e-1 -9.97662207e-2
2878 6.03889393e-1 -7.60260403e-2
2880 6.19889682e-1 -5.21314584e-2
2882 6.37070641e-1 -2.80968809e-2
2884 6.55513144e-1 -3.94190843e-3
2886 6.75304721e-1 2.03077143e-2
2888 6.96539937e-1 4.46189853e-2
2890 7.19320729e-1 6.89503440e-2
2892 7.43756694e-1 9.32501524e-2
2894 7.69965273e-1 1.17454928e-1
2896 7.98071823e-1 1.41487295e-1
2898 8.28209480e-1 1.65253617e-1
2900 8.60518785e-1 1.88641284e-1
2902 8.95146946e-1 2.11515606e-1
2904 9.32246643e-1 2.33716312e-1
2906 9.71974233e-1 2.55053614e-1
2908 1.01448716e+0 2.75303874e-1
2910 1.05994041e+0 2.94204891e-1
2912 1.10848163e+0 3.11450915e-1
2914 1.16024488e+0 3.26687535e-1
2916 1.21534233e+0 3.39506707e-1
2918 1.27385395e+0 3.49442294e-1
2920 1.33581458e+0 3.55966662e-1
2922 1.40119830e+0 3.58489080e-1
2924 1.46989983e+0 3.56356891e-1
2926 1.54171326e+0 3.48860676e-1
2928 1.61630837e+0 3.35244847e-1
2930 1.69320580e+0 3.14725278e-1
2932 1.77175263e+0 2.86515546e-1
2934 1.85110109e+0 2.49863093e-1
2936 1.93019390e+0 2.04095934e-1
2938 2.00776065e+0 1.48679318e-1
2940 2.08233000e+0 8.32800259e-2
2942 2.15226236e+0 7.83369227e-3
2944 2.21580611e+0 -7.73918334e-2
2946 2.27117821e+0 -1.71746180e-1
2948 2.31666575e+0 -2.74169244e-1
2950 2.35074067e+0 -3.83196250e-1
2952 2.37217543e+0 -4.97001073e-1
2954 2.38014489e+0 -6.13478412e-1
2956 2.37429925e+0 -7.30358807e-1
2958 2.35479670e+0 -8.45344127e-1
2960 2.32229011e+0 -9.56246964e-1
2962 2.27787007e+0 -1.06111649e+0
2964 2.22297319e+0 -1.15833614e+0
2966 2.15926981e+0 -1.24668404e+0
2968 2.08854622e+0 -1.32535390e+0
2970 2.01259537e+0 -1.39394022e+0
2972 1.93312590e+0 -1.45239586e+0
2974 1.85169490e+0 -1.50097209e+0
2976 1.76966529e+0 -1.54015092e+0
2978 1.68818554e+0 -1.57057782e+0
2980 1.60818760e+0 -1.59300046e+0
2982 1.53039802e+0 -1.60821703e+0
2984 1.45535763e+0 -1.61703507e+0
2986 1.38344563e+0 -1.62024100e+0
2988 1.31490525e+0 -1.61857894e+0
2990 1.24986861e+0 -1.61273744e+0
2992 1.18837958e+0 -1.60334238e+0
2994 1.13041393e+0 -1.59095452e+0
2996 1.07589647e+0 -1.57607039e+0
2998 1.02471531e+0 -1.55912523e+0
3000 9.76733315e-1 -1.54049743e+0
