#Note:C; Temperature:25Â°C
#f[Hz] Re(Z/Zc) Im(Z/Zc)
20 3.89929251e+0 -2.55434851e+1
22 3.38669774e+0 -2.33801707e+1
24 2.97744544e+0 -2.15557313e+1
26 2.64451684e+0 -1.99956446e+1
28 2.36935260e+0 -1.86458138e+1
30 2.13882260e+0 -1.74660043e+1
32 1.94340162e+0 -1.64256612e+1
34 1.77602861e+0 -1.55011578e+1
36 1.63136969e+0 -1.46739329e+1
38 1.50532827e+0 -1.39291999e+1
40 1.39471148e+0 -1.32550319e+1
42 1.29699789e+0 -1.26417007e+1
44 1.21017258e+0 -1.20811916e+1
46 1.13260813e+0 -1.15668417e+1
48 1.06297726e+0 -1.10930653e+1
50 1.00018779e+0 -1.06551447e+1
52 9.43333707e-1 -1.02490675e+1
54 8.91657753e-1 -9.87139907e+0
56 8.44522637e-1 -9.51918226e+0
58 8.01388577e-1 -9.18985685e+0
60 7.61795670e-1 -8.88119500e+0
62 7.25349894e-1 -8.59124894e+0
64 6.91711928e-1 -8.31830813e+0
66 6.60588149e-1 -8.06086417e+0
68 6.31723324e-1 -7.81758170e+0
70 6.04894650e-1 -7.58727421e+0
72 5.79906856e-1 -7.36888380e+0
74 5.56588154e-1 -7.16146416e+0
76 5.34786881e-1 -6.96416618e+0
78 5.14368687e-1 -6.77622576e+0
80 4.95214185e-1 -6.59695335e+0
82 4.77216961e-1 -6.42572507e+0
84 4.60281892e-1 -6.26197500e+0
86 4.44323721e-1 -6.10518860e+0
88 4.29265832e-1 -5.95489696e+0
90 4.15039206e-1 -5.81067183e+0
92 4.01581523e-1 -5.67212124e+0
94 3.88836382e-1 -5.53888576e+0
96 3.76752634e-1 -5.41063510e+0
98 3.65283796e-1 -5.28706525e+0
100 3.54387543e-1 -5.16789584e+0
102 3.44025263e-1 -5.05286789e+0
104 3.34161672e-1 -4.94174175e+0
106 3.24764468e-1 -4.83429532e+0
108 3.15804033e-1 -4.73032246e+0
110 3.07253167e-1 -4.62963150e+0
112 2.99086854e-1 -4.53204404e+0
114 2.91282051e-1 -4.43739372e+0
116 2.83817506e-1 -4.34552525e+0
118 2.76673594e-1 -4.25629343e+0
120 2.69832166e-1 -4.16956236e+0
122 2.63276423e-1 -4.08520464e+0
124 2.56990793e-1 -4.00310070e+0
126 2.50960829e-1 -3.92313819e+0
128 2.45173116e-1 -3.84521140e+0
130 2.39615179e-1 -3.76922074e+0
132 2.34275414e-1 -3.69507231e+0
134 2.29143014e-1 -3.62267741e+0
136 2.24207907e-1 -3.55195219e+0
138 2.19460699e-1 -3.48281730e+0
140 2.14892626e-1 -3.41519753e+0
142 2.10495502e-1 -3.34902151e+0
144 2.06261681e-1 -3.28422148e+0
146 2.02184017e-1 -3.22073295e+0
148 1.98255830e-1 -3.15849456e+0
150 1.94470870e-1 -3.09744778e+0
152 1.90823296e-1 -3.03753673e+0
154 1.87307641e-1 -2.97870804e+0
156 1.83918797e-1 -2.92091060e+0
158 1.80651983e-1 -2.86409544e+0
160 1.77502734e-1 -2.80821558e+0
162 1.74466879e-1 -2.75322587e+0
164 1.71540523e-1 -2.69908287e+0
166 1.68720038e-1 -2.64574470e+0
168 1.66002042e-1 -2.59317097e+0
170 1.63383392e-1 -2.54132260e+0
172 1.60861172e-1 -2.49016180e+0
174 1.58432683e-1 -2.43965189e+0
176 1.56095433e-1 -2.38975725e+0
178 1.53847132e-1 -2.34044320e+0
180 1.51685683e-1 -2.29167595e+0
182 1.49609177e-1 -2.24342250e+0
184 1.47615890e-1 -2.19565052e+0
186 1.45704276e-1 -2.14832833e+0
188 1.43872965e-1 -2.10142480e+0
190 1.42120763e-1 -2.05490925e+0
192 1.40446646e-1 -2.00875142e+0
194 1.38849766e-1 -1.96292137e+0
196 1.37329444e-1 -1.91738941e+0
198 1.35885179e-1 -1.87212602e+0
200 1.34516644e-1 -1.82710179e+0
202 1.33223691e-1 -1.78228735e+0
204 1.32006359e-1 -1.73765328e+0
206 1.30864874e-1 -1.69317005e+0
208 1.29799659e-1 -1.64880791e+0
210 1.28811339e-1 -1.60453686e+0
212 1.27900755e-1 -1.56032651e+0
214 1.27068970e-1 -1.51614603e+0
216 1.26317282e-1 -1.47196406e+0
218 1.25647241e-1 -1.42774856e+0
220 1.25060662e-1 -1.38346680e+0
222 1.24559645e-1 -1.33908516e+0
224 1.24146595e-1 -1.29456907e+0
226 1.23824246e-1 -1.24988286e+0
228 1.23595685e-1 -1.20498965e+0
230 1.23464388e-1 -1.15985118e+0
232 1.23434246e-1 -1.11442766e+0
234 1.23509610e-1 -1.06867764e+0
236 1.23695330e-1 -1.02255775e+0
238 1.23996805e-1 -9.76022589e-1
240 1.24420041e-1 -9.29024429e-1
242 1.24971708e-1 -8.81513020e-1
244 1.25659218e-1 -8.33435308e-1
246 1.26490802e-1 -7.84735147e-1
248 1.27475603e-1 -7.35352969e-1
250 1.28623784e-1 -6.85225431e-1
252 1.29946643e-1 -6.34285011e-1
254 1.31456758e-1 -5.82459563e-1
256 1.33168143e-1 -5.29671818e-1
258 1.35096429e-1 -4.75838822e-1
260 1.37259080e-1 -4.20871314e-1
262 1.39675632e-1 -3.64673008e-1
264 1.42367984e-1 -3.07139801e-1
266 1.45360721e-1 -2.48158861e-1
268 1.48681509e-1 -1.87607597e-1
270 1.52361541e-1 -1.25352484e-1
272 1.56436076e-1 -6.12477215e-2
274 1.60945063e-1 4.86630587e-3
276 1.65933893e-1 7.31648009e-2
278 1.71454282e-1 1.43840596e-1
280 1.77565334e-1 2.17106518e-1
282 1.84334816e-1 2.93198143e-1
284 1.91840689e-1 3.72376996e-1
286 2.00172975e-1 4.54934314e-1
288 2.09436019e-1 5.41195460e-1
290 2.19751271e-1 6.31525134e-1
292 2.31260703e-1 7.26333562e-1
294 2.44131055e-1 8.26083859e-1
296 2.58559127e-1 9.31300852e-1
298 2.74778427e-1 1.04258169e+0
300 2.93067593e-1 1.16060868e+0
302 3.13761126e-1 1.28616491e+0
304 3.37263207e-1 1.42015331e+0
306 3.64065623e-1 1.56362019e+0
308 3.94771263e-1 1.71778431e+0
310 4.30125219e-1 1.88407309e+0
312 4.71056432e-1 2.06416806e+0
314 5.18734087e-1 2.26006214e+0
316 5.74645018e-1 2.47413237e+0
318 6.40701388e-1 2.70923273e+0
320 7.19392781e-1 2.96881309e+0
322 8.14004528e-1 3.25707222e+0
324 9.28936709e-1 3.57915418e+0
326 1.07017923e+0 3.94139898e+0
328 1.24603410e+0 4.35165645e+0
330 1.46823799e+0 4.81966249e+0
332 1.75374835e+0 5.35744534e+0
334 2.12765399e+0 5.97963773e+0
336 2.62802905e+0 6.70332533e+0
338 3.31418109e+0 7.54639936e+0
340 4.28075497e+0 8.52159514e+0
342 5.68118524e+0 9.61855710e+0
344 7.76174818e+0 1.07535068e+1
346 1.08844301e+1 1.16369737e+1
348 1.54040814e+1 1.14817459e+1
350 2.09533799e+1 8.70287723e+0
352 2.49820387e+1 2.00404627e+0
354 2.40723596e+1 -6.23230361e+0
356 1.92462493e+1 -1.15661458e+1
358 1.40923372e+1 -1.33165894e+1
360 1.01812699e+1 -1.31332832e+1
362 7.49632458e+0 -1.22568512e+1
364 5.67677047e+0 -1.12367711e+1
366 4.42186352e+0 -1.02689725e+1
368 3.53317057e+0 -9.40880465e+0
370 2.88631546e+0 -8.66121851e+0
372 2.40326168e+0 -8.01509521e+0
374 2.03411988e+0 -7.45573840e+0
376 1.74620855e+0 -6.96914787e+0
378 1.51757139e+0 -6.54324554e+0
380 1.33309579e+0 -6.16800728e+0
382 1.18214275e+0 -5.83523882e+0
384 1.05706655e+0 -5.53827071e+0
386 9.52268409e-1 -5.27166873e+0
388 8.63577947e-1 -5.03098800e+0
390 7.87840258e-1 -4.81257359e+0
392 7.22634741e-1 -4.61340211e+0
394 6.66080159e-1 -4.43095700e+0
396 6.16697164e-1 -4.26313041e+0
398 5.73309844e-1 -4.10814604e+0
400 5.34974176e-1 -3.96449809e+0
402 5.00925354e-1 -3.83090278e+0
404 4.70538515e-1 -3.70625973e+0
406 4.43299134e-1 -3.58962084e+0
408 4.18780452e-1 -3.48016525e+0
410 3.96626115e-1 -3.37717895e+0
412 3.76536672e-1 -3.28003810e+0
414 3.58259011e-1 -3.18819544e+0
416 3.41578005e-1 -3.10116891e+0
418 3.26309864e-1 -3.01853233e+0
420 3.12296806e-1 -2.93990754e+0
422 2.99402759e-1 -2.86495789e+0
424 2.87509864e-1 -2.79338265e+0
426 2.76515626e-1 -2.72491241e+0
428 2.66330565e-1 -2.65930507e+0
430 2.56876281e-1 -2.59634245e+0
432 2.48083844e-1 -2.53582742e+0
434 2.39892456e-1 -2.47758138e+0
436 2.32248320e-1 -2.42144213e+0
438 2.25103700e-1 -2.36726202e+0
440 2.18416116e-1 -2.31490631e+0
442 2.12147665e-1 -2.26425179e+0
444 2.06264447e-1 -2.21518551e+0
446 2.00736066e-1 -2.16760378e+0
448 1.95535207e-1 -2.12141114e+0
450 1.90637271e-1 -2.07651958e+0
452 1.86020059e-1 -2.03284779e+0
454 1.81663503e-1 -1.99032052e+0
456 1.77549421e-1 -1.94886798e+0
458 1.73661320e-1 -1.90842533e+0
460 1.69984206e-1 -1.86893223e+0
462 1.66504436e-1 -1.83033245e+0
464 1.63209571e-1 -1.79257345e+0
466 1.60088261e-1 -1.75560610e+0
468 1.57130131e-1 -1.71938435e+0
470 1.54325693e-1 -1.68386499e+0
472 1.51666259e-1 -1.64900738e+0
474 1.49143863e-1 -1.61477326e+0
476 1.46751204e-1 -1.58112652e+0
478 1.44481578e-1 -1.54803306e+0
480 1.42328830e-1 -1.51546057e+0
482 1.40287309e-1 -1.48337844e+0
484 1.38351822e-1 -1.45175759e+0
486 1.36517602e-1 -1.42057034e+0
488 1.34780269e-1 -1.38979030e+0
490 1.33135803e-1 -1.35939230e+0
492 1.31580520e-1 -1.32935223e+0
494 1.30111044e-1 -1.29964697e+0
496 1.28724285e-1 -1.27025436e+0
498 1.27417424e-1 -1.24115304e+0
500 1.26187895e-1 -1.21232242e+0
502 1.25033364e-1 -1.18374262e+0
504 1.23951726e-1 -1.15539438e+0
506 1.22941080e-1 -1.12725903e+0
508 1.21999731e-1 -1.09931841e+0
510 1.21126171e-1 -1.07155481e+0
512 1.20319077e-1 -1.04395095e+0
514 1.19577300e-1 -1.01648991e+0
516 1.18899860e-1 -9.89155085e-1
518 1.18285944e-1 -9.61930150e-1
520 1.17734896e-1 -9.34799005e-1
522 1.17246221e-1 -9.07745743e-1
524 1.16819576e-1 -8.80754601e-1
526 1.16454772e-1 -8.53809927e-1
528 1.16151774e-1 -8.26896138e-1
530 1.15910697e-1 -7.99997677e-1
532 1.15731814e-1 -7.73098981e-1
534 1.15615551e-1 -7.46184438e-1
536 1.15562492e-1 -7.19238348e-1
538 1.15573386e-1 -6.92244883e-1
540 1.15649146e-1 -6.65188048e-1
542 1.15790856e-1 -6.38051641e-1
544 1.15999783e-1 -6.10819204e-1
546 1.16277374e-1 -5.83473987e-1
548 1.16625274e-1 -5.55998899e-1
550 1.17045333e-1 -5.28376460e-1
552 1.17539615e-1 -5.00588753e-1
554 1.18110411e-1 -4.72617371e-1
556 1.18760257e-1 -4.44443361e-1
558 1.19491945e-1 -4.16047170e-1
560 1.20308546e-1 -3.87408577e-1
562 1.21213423e-1 -3.58506635e-1
564 1.22210261e-1 -3.29319594e-1
566 1.23303084e-1 -2.99824828e-1
568 1.24496289e-1 -2.69998758e-1
570 1.25794672e-1 -2.39816760e-1
572 1.27203468e-1 -2.09253072e-1
574 1.28728380e-1 -1.78280695e-1
576 1.30375632e-1 -1.46871282e-1
578 1.32152009e-1 -1.14995017e-1
580 1.34064915e-1 -8.26204844e-2
582 1.36122430e-1 -4.97145294e-2
584 1.38333379e-1 -1.62420999e-2
586 1.40707407e-1 1.78339225e-2
588 1.43255063e-1 5.25529103e-2
590 1.45987896e-1 8.79566953e-2
592 1.48918563e-1 1.24089796e-1
594 1.52060953e-1 1.60999666e-1
596 1.55430322e-1 1.98736973e-1
598 1.59043454e-1 2.37355906e-1
600 1.62918835e-1 2.76914513e-1
602 1.67076863e-1 3.17475081e-1
604 1.71540077e-1 3.59104561e-1
606 1.76333428e-1 4.01875036e-1
608 1.81484582e-1 4.45864254e-1
610 1.87024280e-1 4.91156214e-1
612 1.92986742e-1 5.37841838e-1
614 1.99410145e-1 5.86019720e-1
616 2.06337172e-1 6.35796970e-1
618 2.13815655e-1 6.87290177e-1
620 2.21899331e-1 7.40626493e-1
622 2.30648716e-1 7.95944875e-1
624 2.40132155e-1 8.53397487e-1
626 2.50427042e-1 9.13151319e-1
628 2.61621283e-1 9.75390026e-1
630 2.73815037e-1 1.04031605e+0
632 2.87122794e-1 1.10815307e+0
634 3.01675879e-1 1.17914881e+0
636 3.17625474e-1 1.25357829e+0
638 3.35146291e-1 1.33174766e+0
640 3.54441049e-1 1.41399856e+0
642 3.75745969e-1 1.50071329e+0
644 3.99337554e-1 1.59232084e+0
646 4.25541011e-1 1.68930390e+0
648 4.54740763e-1 1.79220719e+0
650 4.87393681e-1 1.90164718e+0
652 5.24045838e-1 2.01832353e+0
654 5.65353885e-1 2.14303258e+0
656 6.12112544e-1 2.27668317e+0
658 6.65290258e-1 2.42031513e+0
660 7.26075806e-1 2.57512069e+0
662 7.95939835e-1 2.74246907e+0
664 8.76716818e-1 2.92393398e+0
666 9.70715316e-1 3.12132316e+0
668 1.08086781e+0 3.33670788e+0
670 1.21093637e+0 3.57244764e+0
672 1.36579778e+0 3.83120046e+0
674 1.55184253e+0 4.11590016e+0
676 1.77753766e+0 4.42966463e+0
678 2.05422467e+0 4.77556629e+0
680 2.39725081e+0 5.15613328e+0
682 2.82755670e+0 5.57232987e+0
684 3.37383836e+0 6.02153648e+0
686 4.07527499e+0 6.49362605e+0
688 4.98430838e+0 6.96349768e+0
690 6.16739944e+0 7.37736773e+0
692 7.69756326e+0 7.62949246e+0
694 9.62359095e+0 7.52966409e+0
696 1.18895367e+1 6.78172902e+0
698 1.41939154e+1 5.04612246e+0
700 1.59012107e+1 2.19744663e+0
702 1.63012290e+1 -1.32277643e+0
704 1.52105930e+1 -4.59500245e+0
706 1.31587567e+1 -6.89832082e+0
708 1.08694441e+1 -8.12145011e+0
710 8.79855864e+0 -8.53925574e+0
712 7.10014502e+0 -8.47681242e+0
714 5.76566523e+0 -8.16934215e+0
716 4.73213933e+0 -7.75675993e+0
718 3.93162252e+0 -7.31417110e+0
720 3.30709443e+0 -6.87902099e+0
722 2.81475094e+0 -6.46838853e+0
724 2.42207372e+0 -6.08877993e+0
726 2.10518016e+0 -5.74140549e+0
728 1.84651907e+0 -5.42495629e+0
730 1.63311046e+0 -5.13704275e+0
732 1.45526701e+0 -4.87492620e+0
734 1.30568333e+0 -4.63587884e+0
736 1.17879039e+0 -4.41734946e+0
738 1.07029700e+0 -4.21702854e+0
740 9.76861825e-1 -4.03286242e+0
742 8.95857075e-1 -3.86304301e+0
744 8.25196384e-1 -3.70598657e+0
746 7.63208368e-1 -3.56030911e+0
748 7.08542743e-1 -3.42480168e+0
750 6.60099956e-1 -3.29840742e+0
752 6.16977941e-1 -3.18020105e+0
754 5.78431456e-1 -3.06937080e+0
756 5.43840762e-1 -2.96520280e+0
758 5.12687303e-1 -2.86706767e+0
760 4.84534656e-1 -2.77440899e+0
762 4.59013514e-1 -2.68673355e+0
764 4.35809752e-1 -2.60360291e+0
766 4.14654878e-1 -2.52462628e+0
768 3.95318357e-1 -2.44945439e+0
770 3.77601383e-1 -2.37777425e+0
772 3.61331810e-1 -2.30930463e+0
774 3.46360004e-1 -2.24379223e+0
776 3.32555415e-1 -2.18100830e+0
778 3.19803754e-1 -2.12074579e+0
780 3.08004637e-1 -2.06281683e+0
782 2.97069619e-1 -2.00705057e+0
784 2.86920544e-1 -1.95329128e+0
786 2.77488157e-1 -1.90139672e+0
788 2.68710929e-1 -1.85123665e+0
790 2.60534055e-1 -1.80269161e+0
792 2.52908611e-1 -1.75565180e+0
794 2.45790822e-1 -1.71001607e+0
796 2.39141440e-1 -1.66569104e+0
798 2.32925211e-1 -1.62259040e+0
800 2.27110406e-1 -1.58063415e+0
802 2.21668426e-1 -1.53974802e+0
804 2.16573451e-1 -1.49986293e+0
806 2.11802139e-1 -1.46091452e+0
808 2.07333366e-1 -1.42284267e+0
810 2.03147987e-1 -1.38559116e+0
812 1.99228644e-1 -1.34910729e+0
814 1.95559583e-1 -1.31334155e+0
816 1.92126497e-1 -1.27824737e+0
818 1.88916398e-1 -1.24378084e+0
820 1.85917485e-1 -1.20990046e+0
822 1.83119046e-1 -1.17656697e+0
824 1.80511359e-1 -1.14374310e+0
826 1.78085612e-1 -1.11139342e+0
828 1.75833828e-1 -1.07948418e+0
830 1.73748799e-1 -1.04798314e+0
832 1.71824033e-1 -1.01685944e+0
834 1.70053699e-1 -9.86083473e-1
836 1.68432583e-1 -9.55626767e-1
838 1.66956054e-1 -9.25461862e-1
840 1.65620024e-1 -8.95562214e-1
842 1.64420922e-1 -8.65902094e-1
844 1.63355671e-1 -8.36456496e-1
846 1.62421659e-1 -8.07201049e-1
848 1.61616730e-1 -7.78111931e-1
850 1.60939166e-1 -7.49165795e-1
852 1.60387673e-1 -7.20339684e-1
854 1.59961378e-1 -6.91610963e-1
856 1.59659821e-1 -6.62957243e-1
858 1.59482952e-1 -6.34356309e-1
860 1.59431135e-1 -6.05786054e-1
862 1.59505147e-1 -5.77224405e-1
864 1.59706190e-1 -5.48649258e-1
866 1.60035895e-1 -5.20038403e-1
868 1.60496337e-1 -4.91369458e-1
870 1.61090052e-1 -4.62619794e-1
872 1.61820055e-1 -4.33766464e-1
874 1.62689864e-1 -4.04786124e-1
876 1.63703524e-1 -3.75654957e-1
878 1.64865644e-1 -3.46348590e-1
880 1.66181429e-1 -3.16842006e-1
882 1.67656724e-1 -2.87109459e-1
884 1.69298057e-1 -2.57124371e-1
886 1.71112700e-1 -2.26859236e-1
888 1.73108724e-1 -1.96285508e-1
890 1.75295071e-1 -1.65373484e-1
892 1.77681631e-1 -1.34092182e-1
894 1.80279331e-1 -1.02409205e-1
896 1.83100237e-1 -7.02905929e-2
898 1.86157665e-1 -3.77006641e-2
900 1.89466313e-1 -4.60184550e-3
902 1.93042401e-1 2.90455176e-2
904 1.96903847e-1 6.32833671e-2
906 2.01070447e-1 9.81561570e-2
908 2.05564093e-1 1.33711102e-1
910 2.10409023e-1 1.69998448e-1
912 2.15632097e-1 2.07071774e-1
914 2.21263124e-1 2.44988325e-1
916 2.27335228e-1 2.83809375e-1
918 2.33885282e-1 3.23600635e-1
920 2.40954393e-1 3.64432705e-1
922 2.48588481e-1 4.06381572e-1
924 2.56838935e-1 4.49529169e-1
926 2.65763390e-1 4.93963993e-1
928 2.75426625e-1 5.39781795e-1
930 2.85901618e-1 5.87086349e-1
932 2.97270786e-1 6.35990311e-1
934 3.09627448e-1 6.86616174e-1
936 3.23077553e-1 7.39097332e-1
938 3.37741729e-1 7.93579269e-1
940 3.53757735e-1 8.50220869e-1
942 3.71283381e-1 9.09195880e-1
944 3.90500042e-1 9.70694518e-1
946 4.11616895e-1 1.03492523e+0
948 4.34876046e-1 1.10211659e+0
950 4.60558770e-1 1.17251939e+0
952 4.88993128e-1 1.24640873e+0
954 5.20563316e-1 1.32408627e+0
956 5.55721185e-1 1.40588233e+0
958 5.95000511e-1 1.49215779e+0
960 6.39034731e-1 1.58330545e+0
962 6.88579107e-1 1.67975046e+0
964 7.44538517e-1 1.78194904e+0
966 8.08002434e-1 1.89038450e+0
968 8.80289089e-1 2.00555883e+0
970 9.63001315e-1 2.12797732e+0
972 1.05809720e+0 2.25812223e+0
974 1.16797926e+0 2.39640930e+0
976 1.29560631e+0 2.54311778e+0
978 1.44463213e+0 2.69827908e+0
980 1.61957338e+0 2.86150180e+0
982 1.82600467e+0 3.03169880e+0
984 2.07076718e+0 3.20666523e+0
986 2.36215242e+0 3.38243368e+0
988 2.70997254e+0 3.55230693e+0
990 3.12533274e+0 3.70545150e+0
992 3.61975249e+0 3.82496373e+0
994 4.20302113e+0 3.88548178e+0
996 4.87886977e+0 3.85088996e+0
998 5.63748084e+0 3.67370077e+0
1000 6.44483584e+0 3.29937129e+0
1002 7.23224394e+0 2.68008986e+0
1004 7.89532956e+0 1.80003723e+0
1006 8.31506017e+0 7.03501942e-1
1008 8.40242864e+0 -4.96937313e-1
1010 8.14229946e+0 -1.65149228e+0
1012 7.60072560e+0 -2.63007243e+0
1014 6.88948628e+0 -3.36428570e+0
1016 6.11875245e+0 -3.85046670e+0
1018 5.36845406e+0 -4.12577118e+0
1020 4.68345180e+0 -4.24139317e+0
1022 4.08165858e+0 -4.24560717e+0
1024 3.56458294e+0 -4.17696884e+0
1026 3.12551547e+0 -4.06356329e+0
1028 2.75460434e+0 -3.92472192e+0
1030 2.44156223e+0 -3.77324826e+0
1032 2.17691165e+0 -3.61736817e+0
1034 1.95243417e+0 -3.46221040e+0
1036 1.76122827e+0 -3.31085498e+0
1038 1.59759735e+0 -3.16504801e+0
1040 1.45688011e+0 -3.02567863e+0
1042 1.33527597e+0 -2.89309362e+0
1044 1.22968719e+0 -2.76730299e+0
1046 1.13758462e+0 -2.64811384e+0
1048 1.05689724e+0 -2.53521684e+0
1050 9.85922764e-1 -2.42824174e+0
1052 9.23256136e-1 -2.32679262e+0
1054 8.67732426e-1 -2.23046989e+0
1056 8.18381422e-1 -2.13888358e+0
1058 7.74391436e-1 -2.05166110e+0
1060 7.35080404e-1 -1.96845124e+0
1062 6.99872750e-1 -1.88892595e+0
1064 6.68280798e-1 -1.81278061e+0
1066 6.39889778e-1 -1.73973340e+0
1068 6.14345685e-1 -1.66952417e+0
1070 5.91345407e-1 -1.60191300e+0
1072 5.70628672e-1 -1.53667867e+0
1074 5.51971441e-1 -1.47361706e+0
1076 5.35180480e-1 -1.41253964e+0
1078 5.20088878e-1 -1.35327195e+0
1080 5.06552336e-1 -1.29565227e+0
1082 4.94446089e-1 -1.23953029e+0
1084 4.83662345e-1 -1.18476595e+0
1086 4.74108151e-1 -1.13122831e+0
1088 4.65703616e-1 -1.07879459e+0
1090 4.58380431e-1 -1.02734919e+0
1092 4.52080641e-1 -9.76782904e-1
1094 4.46755629e-1 -9.26992102e-1
1096 4.42365284e-1 -8.77878023e-1
1098 4.38877327e-1 -8.29346115e-1
1100 4.36266772e-1 -7.81305413e-1
1102 4.34515524e-1 -7.33667972e-1
1104 4.33612074e-1 -6.86348319e-1
1106 4.33551313e-1 -6.39262950e-1
1108 4.34334437e-1 -5.92329846e-1
1110 4.35968949e-1 -5.45468013e-1
1112 4.38468763e-1 -4.98597038e-1
1114 4.41854399e-1 -4.51636666e-1
1116 4.46153285e-1 -4.04506385e-1
1118 4.51400167e-1 -3.57125026e-1
1120 4.57637638e-1 -3.09410374e-1
1122 4.64916795e-1 -2.61278791e-1
1124 4.73298053e-1 -2.12644854e-1
1126 4.82852116e-1 -1.63421010e-1
1128 4.93661152e-1 -1.13517259e-1
1130 5.05820180e-1 -6.28408672e-2
1132 5.19438730e-1 -1.12961344e-2
1134 5.34642796e-1 4.12157735e-2
1136 5.51577160e-1 9.47968926e-2
1138 5.70408127e-1 1.49552393e-1
1140 5.91326780e-1 2.05590323e-1
1142 6.14552809e-1 2.63021088e-1
1144 6.40339065e-1 3.21956576e-1
1146 6.68976940e-1 3.82508776e-1
1148 7.00802744e-1 4.44787728e-1
1150 7.36205245e-1 5.08898537e-1
1152 7.75634583e-1 5.74937119e-1
1154 8.19612770e-1 6.42984211e-1
1156 8.68746002e-1 7.13097015e-1
1158 9.23739003e-1 7.85297620e-1
1160 9.85411548e-1 8.59557017e-1
1162 1.05471717e+0 9.35773154e-1
1164 1.13276385e+0 1.01374088e+0
1166 1.22083581e+0 1.09311096e+0
1168 1.32041503e+0 1.17333447e+0
1170 1.43319917e+0 1.25358783e+0
1172 1.56111066e+0 1.33267267e+0
1174 1.70628771e+0 1.40888392e+0
1176 1.87104225e+0 1.47983978e+0
1178 2.05776150e+0 1.54226927e+0
1180 2.26871847e+0 1.59176062e+0
1182 2.50574313e+0 1.62248904e+0
1184 2.76969452e+0 1.62697332e+0
1186 3.05967489e+0 1.59596144e+0
1188 3.37196060e+0 1.51861931e+0
1190 3.69872526e+0 1.38327687e+0
1192 4.02683003e+0 1.17901840e+0
1194 4.33724607e+0 8.98279672e-1
1196 4.60592319e+0 5.40203291e-1
1198 4.80682381e+0 1.13797648e-1
1200 4.91707076e+0 -3.60709457e-1
1202 4.92279831e+0 -8.53823273e-1
1204 4.82323274e+0 -1.33218253e+0
1206 4.63092554e+0 -1.76555585e+0
1208 4.36801487e+0 -2.13253499e+0
1210 4.06044225e+0 -2.42288764e+0
1212 3.73263943e+0 -2.63650486e+0
1214 3.40424481e+0 -2.78035758e+0
1216 3.08902727e+0 -2.86510781e+0
1218 2.79534600e+0 -2.90241058e+0
1220 2.52732072e+0 -2.90321961e+0
1222 2.28611588e+0 -2.87696297e+0
1224 2.07103617e+0 -2.83130634e+0
1226 1.88034162e+0 -2.77224283e+0
1228 1.71180026e+0 -2.70432706e+0
1230 1.56303540e+0 -2.63094609e+0
1232 1.43172782e+0 -2.55457374e+0
1234 1.31572251e+0 -2.47698699e+0
1236 1.21307583e+0 -2.39944015e+0
1238 1.12206754e+0 -2.32280030e+0
1240 1.04119344e+0 -2.24765048e+0
1242 9.69148243e-1 -2.17436697e+0
1244 9.04804516e-1 -2.10317679e+0
1246 8.47190896e-1 -2.03420005e+0
1248 7.95471358e-1 -1.96748113e+0
1250 7.48926336e-1 -1.90301137e+0
1252 7.06936016e-1 -1.84074576e+0
1254 6.68965788e-1 -1.78061489e+0
1256 6.34553747e-1 -1.72253375e+0
1258 6.03300003e-1 -1.66640797e+0
1260 5.74857605e-1 -1.61213829e+0
1262 5.48924846e-1 -1.55962374e+0
1264 5.25238746e-1 -1.50876385e+0
1266 5.03569538e-1 -1.45946015e+0
1268 4.83716003e-1 -1.41161714e+0
1270 4.65501512e-1 -1.36514296e+0
1272 4.48770670e-1 -1.31994972e+0
1274 4.33386466e-1 -1.27595367e+0
1276 4.19227845e-1 -1.23307523e+0
1278 4.06187634e-1 -1.19123893e+0
1280 3.94170777e-1 -1.15037327e+0
1282 3.83092813e-1 -1.11041058e+0
1284 3.72878577e-1 -1.07128679e+0
1286 3.63461084e-1 -1.03294123e+0
1288 3.54780559e-1 -9.95316420e-1
1290 3.46783610e-1 -9.58357845e-1
1292 3.39422501e-1 -9.22013732e-1
1294 3.32654535e-1 -8.86234844e-1
1296 3.26441508e-1 -8.50974280e-1
1298 3.20749239e-1 -8.16187276e-1
1300 3.15547161e-1 -7.81831021e-1
1302 3.10807967e-1 -7.47864476e-1
1304 3.06507293e-1 -7.14248210e-1
1306 3.02623458e-1 -6.80944237e-1
1308 2.99137217e-1 -6.47915863e-1
1310 2.96031566e-1 -6.15127544e-1
1312 2.93291562e-1 -5.82544744e-1
1314 2.90904165e-1 -5.50133803e-1
1316 2.88858113e-1 -5.17861813e-1
1318 2.87143805e-1 -4.85696491e-1
1320 2.85753209e-1 -4.53606064e-1
1322 2.84679777e-1 -4.21559150e-1
1324 2.83918388e-1 -3.89524649e-1
1326 2.83465291e-1 -3.57471629e-1
1328 2.83318065e-1 -3.25369218e-1
1330 2.83475601e-1 -2.93186491e-1
1332 2.83938077e-1 -2.60892367e-1
1334 2.84706961e-1 -2.28455492e-1
1336 2.85785017e-1 -1.95844131e-1
1338 2.87176323e-1 -1.63026053e-1
1340 2.88886304e-1 -1.29968412e-1
1342 2.90921772e-1 -9.66376260e-2
1344 2.93290986e-1 -6.29992538e-2
1346 2.96003715e-1 -2.90178593e-2
1348 2.99071326e-1 5.34312475e-3
1350 3.02506881e-1 4.01215424e-2
1352 3.06325253e-1 7.53566693e-2
1354 3.10543259e-1 1.11089377e-1
1356 3.15179820e-1 1.47362308e-1
1358 3.20256138e-1 1.84220061e-1
1360 3.25795899e-1 2.21709398e-1
1362 3.31825515e-1 2.59879455e-1
1364 3.38374386e-1 2.98781976e-1
1366 3.45475215e-1 3.38471571e-1
1368 3.53164355e-1 3.79005982e-1
1370 3.61482216e-1 4.20446387e-1
1372 3.70473726e-1 4.62857714e-1
1374 3.80188858e-1 5.06308995e-1
1376 3.90683245e-1 5.50873744e-1
1378 4.02018874e-1 5.96630368e-1
1380 4.14264896e-1 6.43662616e-1
1382 4.27498559e-1 6.92060059e-1
1384 4.41806286e-1 7.41918617e-1
1386 4.57284927e-1 7.93341126e-1
1388 4.74043217e-1 8.46437941e-1
1390 4.92203476e-1 9.01327586e-1
1392 5.11903593e-1 9.58137447e-1
1394 5.33299355e-1 1.01700449e+0
1396 5.56567191e-1 1.07807602e+0
1398 5.81907395e-1 1.14151042e+0
1400 6.09547951e-1 1.20747793e+0
1402 6.39749061e-1 1.27616134e+0
1404 6.72808537e-1 1.34775658e+0
1406 7.09068234e-1 1.42247321e+0
1408 7.48921746e-1 1.50053452e+0
1410 7.92823641e-1 1.58217734e+0
1412 8.41300575e-1 1.66765111e+0
1414 8.94964688e-1 1.75721605e+0
1416 9.54529786e-1 1.85113993e+0
1418 1.02083093e+0 1.94969288e+0
1420 1.09484812e+0 2.05313926e+0
1422 1.17773497e+0 2.16172547e+0
1424 1.27085333e+0 2.27566180e+0
1426 1.37581482e+0 2.39509591e+0
1428 1.49453046e+0 2.52007419e+0
1430 1.62926899e+0 2.65048602e+0
1432 1.78272407e+0 2.78598374e+0
1434 1.95808900e+0 2.92586803e+0
1436 2.15913464e+0 3.06892493e+0
1438 2.39028082e+0 3.21319566e+0
1440 2.65664186e+0 3.35565474e+0
1442 2.96401031e+0 3.49176746e+0
1444 3.31871532e+0 3.61489651e+0
1446 3.72725021e+0 3.71553959e+0
1448 4.19550407e+0 3.78041864e+0
1450 4.72736339e+0 3.79153684e+0
1452 5.32240676e+0 3.72551022e+0
1454 5.97248986e+0 3.55380009e+0
1456 6.65738983e+0 3.24488153e+0
1458 7.34056906e+0 2.76962264e+0
1460 7.96753503e+0 2.11059430e+0
1462 8.47042085e+0 1.27387901e+0
1464 8.78135169e+0 2.98349285e-1
1466 8.85222962e+0 -7.44939796e-1
1468 8.67196145e+0 -1.76730903e+0
1470 8.27069729e+0 -2.68595944e+0
1472 7.70827030e+0 -3.44433448e+0
1474 7.05437100e+0 -4.01985467e+0
1476 6.37122815e+0 -4.41887507e+0
1478 5.70465337e+0 -4.66541116e+0
1480 5.08292385e+0 -4.79024435e+0
1482 4.52002863e+0 -4.82356938e+0
1484 4.02011402e+0 -4.79133521e+0
1486 3.58140067e+0 -4.71415305e+0
1488 3.19902336e+0 -4.60757876e+0
1490 2.86685214e+0 -4.48294508e+0
1492 2.57855115e+0 -4.34829326e+0
1494 2.32813396e+0 -4.20920497e+0
1496 2.11021301e+0 -4.06947303e+0
1498 1.92007585e+0 -3.93161279e+0
1500 1.75367049e+0 -3.79723929e+0
1502 1.60754811e+0 -3.66733983e+0
1504 1.47879003e+0 -3.54246836e+0
1506 1.36493300e+0 -3.42288295e+0
1508 1.26389980e+0 -3.30864245e+0
1510 1.17393761e+0 -3.19967416e+0
1512 1.09356508e+0 -3.09582092e+0
1514 1.02152752e+0 -2.99687383e+0
1516 9.56759436e-1 -2.90259479e+0
1518 8.98353338e-1 -2.81273185e+0
1520 8.45533915e-1 -2.72702961e+0
1522 7.97636662e-1 -2.64523609e+0
1524 7.54090195e-1 -2.56710714e+0
1526 7.14401609e-1 -2.49240914e+0
1528 6.78144327e-1 -2.42092053e+0
1530 6.44948011e-1 -2.35243255e+0
1532 6.14490148e-1 -2.28674936e+0
1534 5.86489024e-1 -2.22368786e+0
1536 5.60697845e-1 -2.16307729e+0
1538 5.36899790e-1 -2.10475860e+0
1540 5.14903845e-1 -2.04858383e+0
1542 4.94541288e-1 -1.99441541e+0
1544 4.75662703e-1 -1.94212544e+0
1546 4.58135445e-1 -1.89159503e+0
1548 4.41841479e-1 -1.84271362e+0
1550 4.26675530e-1 -1.79537833e+0
1552 4.12543501e-1 -1.74949340e+0
1554 3.99361109e-1 -1.70496961e+0
1556 3.87052712e-1 -1.66172377e+0
1558 3.75550294e-1 -1.61967825e+0
1560 3.64792583e-1 -1.57876050e+0
1562 3.54724292e-1 -1.53890270e+0
1564 3.45295449e-1 -1.50004132e+0
1566 3.36460821e-1 -1.46211684e+0
1568 3.28179405e-1 -1.42507337e+0
1570 3.20413982e-1 -1.38885842e+0
1572 3.13130730e-1 -1.35342256e+0
1574 3.06298874e-1 -1.31871926e+0
1576 2.99890391e-1 -1.28470458e+0
1578 2.93879736e-1 -1.25133704e+0
1580 2.88243611e-1 -1.21857735e+0
1582 2.82960748e-1 -1.18638831e+0
1584 2.78011733e-1 -1.15473459e+0
1586 2.73378831e-1 -1.12358261e+0
1588 2.69045845e-1 -1.09290039e+0
1590 2.64997985e-1 -1.06265744e+0
1592 2.61221748e-1 -1.03282460e+0
1594 2.57704820e-1 -1.00337398e+0
1596 2.54435977e-1 -9.74278812e-1
1598 2.51405008e-1 -9.45513397e-1
1600 2.48602640e-1 -9.17052979e-1
1602 2.46020469e-1 -8.88873679e-1
1604 2.43650909e-1 -8.60952413e-1
1606 2.41487133e-1 -8.33266818e-1
1608 2.39523034e-1 -8.05795178e-1
1610 2.37753179e-1 -7.78516364e-1
1612 2.36172778e-1 -7.51409766e-1
1614 2.34777651e-1 -7.24455233e-1
1616 2.33564205e-1 -6.97633018e-1
1618 2.32529407e-1 -6.70923718e-1
1620 2.31670767e-1 -6.44308224e-1
1622 2.30986325e-1 -6.17767668e-1
1624 2.30474637e-1 -5.91283369e-1
1626 2.30134764e-1 -5.64836790e-1
1628 2.29966272e-1 -5.38409479e-1
1630 2.29969227e-1 -5.11983029e-1
1632 2.30144194e-1 -4.85539027e-1
1634 2.30492240e-1 -4.59059004e-1
1636 2.31014946e-1 -4.32524386e-1
1638 2.31714413e-1 -4.05916449e-1
1640 2.32593272e-1 -3.79216265e-1
1642 2.33654709e-1 -3.52404653e-1
1644 2.34902476e-1 -3.25462124e-1
1646 2.36340922e-1 -2.98368833e-1
1648 2.37975017e-1 -2.71104517e-1
1650 2.39810382e-1 -2.43648441e-1
1652 2.41853334e-1 -2.15979337e-1
1654 2.44110919e-1 -1.88075338e-1
1656 2.46590964e-1 -1.59913917e-1
1658 2.49302131e-1 -1.31471814e-1
1660 2.52253975e-1 -1.02724959e-1
1662 2.55457013e-1 -7.36484007e-2
1664 2.58922800e-1 -4.42162176e-2
1666 2.62664014e-1 -1.44014317e-2
1668 2.66694552e-1 1.58240868e-2
1670 2.71029635e-1 4.64897203e-2
1672 2.75685933e-1 7.76262122e-2
1674 2.80681691e-1 1.09265784e-1
1676 2.86036890e-1 1.41442258e-1
1678 2.91773408e-1 1.74191196e-1
1680 2.97915217e-1 2.07550038e-1
1682 3.04488595e-1 2.41558263e-1
1684 3.11522367e-1 2.76257556e-1
1686 3.19048183e-1 3.11691988e-1
1688 3.27100823e-1 3.47908210e-1
1690 3.35718549e-1 3.84955670e-1
1692 3.44943503e-1 4.22886831e-1
1694 3.54822160e-1 4.61757426e-1
1696 3.65405838e-1 5.01626712e-1
1698 3.76751293e-1 5.42557758e-1
1700 3.88921384e-1 5.84617748e-1
1702 4.01985848e-1 6.27878302e-1
1704 4.16022179e-1 6.72415817e-1
1706 4.31116649e-1 7.18311838e-1
1708 4.47365481e-1 7.65653429e-1
1710 4.64876205e-1 8.14533577e-1
1712 4.83769230e-1 8.65051589e-1
1714 5.04179674e-1 9.17313504e-1
1716 5.26259486e-1 9.71432484e-1
1718 5.50179933e-1 1.02752919e+0
1720 5.76134503e-1 1.08573209e+0
1722 6.04342313e-1 1.14617771e+0
1724 6.35052116e-1 1.20901074e+0
1726 6.68547016e-1 1.27438394e+0
1728 7.05150046e-1 1.34245781e+0
1730 7.45230755e-1 1.41339980e+0
1732 7.89213016e-1 1.48738300e+0
1734 8.37584297e-1 1.56458409e+0
1736 8.90906658e-1 1.64518005e+0
1738 9.49829812e-1 1.72934354e+0
1740 1.01510663e+0 1.81723603e+0
1742 1.08761148e+0 1.90899813e+0
1744 1.16836190e+0 2.00473585e+0
1746 1.25854395e+0 2.10450144e+0
1748 1.35954166e+0 2.20826658e+0
1750 1.47297069e+0 2.31588526e+0
1752 1.60071585e+0 2.42704238e+0
1754 1.74497130e+0 2.54118308e+0
1756 1.90828076e+0 2.65741584e+0
1758 2.09357225e+0 2.77438068e+0
1760 2.30417780e+0 2.89007151e+0
1762 2.54382122e+0 3.00160016e+0
1764 2.81654619e+0 3.10488952e+0
1766 3.12654089e+0 3.19428787e+0
1768 3.47779322e+0 3.26210991e+0
1770 3.87348452e+0 3.29814119e+0
1772 4.31500817e+0 3.28920277e+0
1774 4.80050355e+0 3.21897506e+0
1776 5.32287072e+0 3.06842436e+0
1778 5.86744418e+0 2.81732591e+0
1780 6.40991592e+0 2.44741039e+0
1782 6.91566346e+0 1.94734623e+0
1784 7.34203856e+0 1.31886559e+0
1786 7.64475617e+0 5.81941072e-1
1788 7.78773557e+0 -2.24106338e-1
1790 7.75311278e+0 -1.04590165e+0
1792 7.54672734e+0 -1.82693223e+0
1794 7.19613007e+0 -2.51976735e+0
1796 6.74225533e+0 -3.09438654e+0
1798 6.22904039e+0 -3.54003853e+0
1800 5.69520958e+0 -3.86171870e+0
1802 5.17008788e+0 -4.07427387e+0
1804 4.67299067e+0 -4.19680395e+0
1806 4.21471944e+0 -4.24867016e+0
1808 3.79979388e+0 -4.24725416e+0
1810 3.42858387e+0 -4.20704896e+0
1812 3.09899412e+0 -4.13956312e+0
1814 2.80765099e+0 -4.05362964e+0
1816 2.55067099e+0 -3.95586090e+0
1818 2.32412207e+0 -3.85111106e+0
1820 2.12427776e+0 -3.74288390e+0
1822 1.94774014e+0 -3.63366736e+0
1824 1.79148392e+0 -3.52519604e+0
1826 1.65285596e+0 -3.41865189e+0
1828 1.52955170e+0 -3.31481489e+0
1830 1.41958100e+0 -3.21417483e+0
1832 1.32123096e+0 -3.11701373e+0
1834 1.23302955e+0 -3.02346610e+0
1836 1.15371212e+0 -2.93356302e+0
1838 1.08219150e+0 -2.84726409e+0
1840 1.01753191e+0 -2.76448065e+0
1842 9.58926493e-1 -2.68509253e+0
1844 9.05678121e-1 -2.60896011e+0
1846 8.57183125e-1 -2.53593290e+0
1848 8.12917490e-1 -2.46585565e+0
1850 7.72425210e-1 -2.39857261e+0
1852 7.35308449e-1 -2.33393046e+0
1854 7.01219231e-1 -2.27178029e+0
1856 6.69852411e-1 -2.21197884e+0
1858 6.40939725e-1 -2.15438928e+0
1860 6.14244751e-1 -2.09888159e+0
1862 5.89558618e-1 -2.04533273e+0
1864 5.66696357e-1 -1.99362657e+0
1866 5.45493792e-1 -1.94365377e+0
1868 5.25804874e-1 -1.89531149e+0
1870 5.07499397e-1 -1.84850315e+0
1872 4.90461043e-1 -1.80313807e+0
1874 4.74585688e-1 -1.75913117e+0
1876 4.59779949e-1 -1.71640258e+0
1878 4.45959917e-1 -1.67487738e+0
1880 4.33050071e-1 -1.63448519e+0
1882 4.20982322e-1 -1.59515994e+0
1884 4.09695186e-1 -1.55683950e+0
1886 3.99133067e-1 -1.51946545e+0
1888 3.89245617e-1 -1.48298280e+0
1890 3.79987188e-1 -1.44733974e+0
1892 3.71316346e-1 -1.41248740e+0
1894 3.63195440e-1 -1.37837965e+0
1896 3.55590229e-1 -1.34497288e+0
1898 3.48469546e-1 -1.31222585e+0
1900 3.41805008e-1 -1.28009945e+0
1902 3.35570753e-1 -1.24855661e+0
1904 3.29743210e-1 -1.21756209e+0
1906 3.24300898e-1 -1.18708236e+0
1908 3.19224238e-1 -1.15708551e+0
1910 3.14495398e-1 -1.12754106e+0
1912 3.10098146e-1 -1.09841987e+0
1914 3.06017722e-1 -1.06969407e+0
1916 3.02240729e-1 -1.04133692e+0
1918 2.98755026e-1 -1.01332272e+0
1920 2.95549643e-1 -9.85626751e-1
1922 2.92614701e-1 -9.58225156e-1
1924 2.89941340e-1 -9.31094896e-1
1926 2.87521659e-1 -9.04213659e-1
1928 2.85348660e-1 -8.77559796e-1
1930 2.83416204e-1 -8.51112256e-1
1932 2.81718965e-1 -8.24850525e-1
1934 2.80252399e-1 -7.98754562e-1
1936 2.79012712e-1 -7.72804752e-1
1938 2.77996837e-1 -7.46981839e-1
1940 2.77202414e-1 -7.21266885e-1
1942 2.76627774e-1 -6.95641212e-1
1944 2.76271929e-1 -6.70086356e-1
1946 2.76134568e-1 -6.44584017e-1
1948 2.76216052e-1 -6.19116013e-1
1950 2.76517418e-1 -5.93664233e-1
1952 2.77040387e-1 -5.68210588e-1
1954 2.77787373e-1 -5.42736973e-1
1956 2.78761500e-1 -5.17225212e-1
1958 2.79966622e-1 -4.91657019e-1
1960 2.81407348e-1 -4.66013948e-1
1962 2.83089073e-1 -4.40277350e-1
1964 2.85018013e-1 -4.14428322e-1
1966 2.87201245e-1 -3.88447664e-1
1968 2.89646760e-1 -3.62315823e-1
1970 2.92363511e-1 -3.36012852e-1
1972 2.95361480e-1 -3.09518351e-1
1974 2.98651744e-1 -2.82811417e-1
1976 3.02246560e-1 -2.55870591e-1
1978 3.06159446e-1 -2.28673802e-1
1980 3.10405289e-1 -2.01198306e-1
1982 3.15000449e-1 -1.73420628e-1
1984 3.19962892e-1 -1.45316504e-1
1986 3.25312326e-1 -1.16860813e-1
1988 3.31070357e-1 -8.80275140e-2
1990 3.37260670e-1 -5.87895782e-2
1992 3.43909226e-1 -2.91189232e-2
1994 3.51044479e-1 1.01365781e-3
1996 3.58697630e-1 3.16385647e-2
1998 3.66902907e-1 6.27874595e-2
2000 3.75697876e-1 9.44933340e-2
2002 3.85123796e-1 1.26790574e-1
2004 3.95226019e-1 1.59715022e-1
2006 4.06054441e-1 1.93304026e-1
2008 4.17664006e-1 2.27596489e-1
2010 4.30115285e-1 2.62632895e-1
2012 4.43475121e-1 2.98455323e-1
2014 4.57817371e-1 3.35107435e-1
2016 4.73223736e-1 3.72634427e-1
2018 4.89784710e-1 4.11082944e-1
2020 5.07600660e-1 4.50500937e-1
2022 5.26783049e-1 4.90937446e-1
2024 5.47455830e-1 5.32442295e-1
2026 5.69757032e-1 5.75065664e-1
2028 5.93840565e-1 6.18857510e-1
2030 6.19878280e-1 6.63866801e-1
2032 6.48062300e-1 7.10140489e-1
2034 6.78607681e-1 7.57722181e-1
2036 7.11755419e-1 8.06650396e-1
2038 7.47775856e-1 8.56956318e-1
2040 7.86972510e-1 9.08660892e-1
2042 8.29686366e-1 9.61771093e-1
2044 8.76300637e-1 1.01627515e+0
2046 9.27245997e-1 1.07213640e+0
2048 9.83006232e-1 1.12928556e+0
2050 1.04412421e+0 1.18761068e+0
2052 1.11120800e+0 1.24694468e+0
2054 1.18493669e+0 1.30704928e+0
2056 1.26606559e+0 1.36759503e+0
2058 1.35542969e+0 1.42813613e+0
2060 1.45394430e+0 1.48807921e+0
2062 1.56260094e+0 1.54664490e+0
2064 1.68245571e+0 1.60282124e+0
2066 1.81460644e+0 1.65530821e+0
2068 1.96015334e+0 1.70245364e+0
2070 2.12013642e+0 1.74218206e+0
2072 2.29544116e+0 1.77192097e+0
2074 2.48666274e+0 1.78853293e+0
2076 2.69391900e+0 1.78826869e+0
2078 2.91660526e+0 1.76676442e+0
2080 3.15309206e+0 1.71911707e+0
2082 3.40038239e+0 1.64008048e+0
2084 3.65377117e+0 1.52442901e+0
2086 3.90658463e+0 1.36752422e+0
2088 4.15011467e+0 1.16608465e+0
2090 4.37388414e+0 9.19091020e-1
2092 4.56635700e+0 6.28665924e-1
2094 4.71611660e+0 3.00679834e-1
2096 4.81337621e+0 -5.51909038e-2
2098 4.85151013e+0 -4.26138937e-1
2100 4.82819286e+0 -7.97607480e-1
2102 4.74579510e+0 -1.15509642e+0
2104 4.61091095e+0 -1.48594063e+0
2106 4.43317797e+0 -1.78062296e+0
2108 4.22375635e+0 -2.03337356e+0
2110 3.99386821e+0 -2.24206146e+0
2112 3.75368280e+0 -2.40757709e+0
2114 3.51165899e+0 -2.53297467e+0
2116 3.27430940e+0 -2.62260688e+0
2118 3.04627180e+0 -2.68139672e+0
2120 2.83055849e+0 -2.71430415e+0
2122 2.62887708e+0 -2.72598367e+0
2124 2.44195173e+0 -2.72059792e+0
2126 2.26980641e+0 -2.70174377e+0
2128 2.11199519e+0 -2.67245093e+0
2130 1.96777884e+0 -2.63522232e+0
2132 1.83625410e+0 -2.59209446e+0
2134 1.71644440e+0 -2.54470414e+0
2136 1.60736107e+0 -2.49435339e+0
2138 1.50804256e+0 -2.44206845e+0
2140 1.41757814e+0 -2.38865114e+0
2142 1.33512079e+0 -2.33472241e+0
2144 1.25989270e+0 -2.28075843e+0
2146 1.19118613e+0 -2.22712016e+0
2148 1.12836128e+0 -2.17407732e+0
2150 1.07084241e+0 -2.12182768e+0
2152 1.01811310e+0 -2.07051244e+0
2154 9.69711109e-1 -2.02022858e+0
2156 9.25223247e-1 -1.97103859e+0
2158 8.84280423e-1 -1.92297823e+0
2160 8.46553010e-1 -1.87606265e+0
2162 8.11746579e-1 -1.83029122e+0
2164 7.79598029e-1 -1.78565138e+0
2166 7.49872098e-1 -1.74212161e+0
2168 7.22358248e-1 -1.69967378e+0
2170 6.96867891e-1 -1.65827507e+0
2172 6.73231933e-1 -1.61788932e+0
2174 6.51298595e-1 -1.57847824e+0
2176 6.30931500e-1 -1.54000221e+0
2178 6.12007970e-1 -1.50242102e+0
2180 5.94417543e-1 -1.46569434e+0
2182 5.78060646e-1 -1.42978210e+0
2184 5.62847444e-1 -1.39464482e+0
2186 5.48696811e-1 -1.36024377e+0
2188 5.35535429e-1 -1.32654116e+0
2190 5.23296993e-1 -1.29350023e+0
2192 5.11921506e-1 -1.26108526e+0
2194 5.01354657e-1 -1.22926170e+0
2196 4.91547275e-1 -1.19799608e+0
2198 4.82454836e-1 -1.16725609e+0
2200 4.74037042e-1 -1.13701048e+0
2202 4.66257431e-1 -1.10722908e+0
2204 4.59083047e-1 -1.07788276e+0
2206 4.52484138e-1 -1.04894335e+0
2208 4.46433893e-1 -1.02038362e+0
2210 4.40908207e-1 -9.92177245e-1
2212 4.35885480e-1 -9.64298710e-1
2214 4.31346427e-1 -9.36723295e-1
2216 4.27273927e-1 -9.09427007e-1
2218 4.23652879e-1 -8.82386532e-1
2220 4.20470078e-1 -8.55579183e-1
2222 4.17714118e-1 -8.28982852e-1
2224 4.15375292e-1 -8.02575959e-1
2226 4.13445523e-1 -7.76337406e-1
2228 4.11918298e-1 -7.50246531e-1
2230 4.10788618e-1 -7.24283066e-1
2232 4.10052957e-1 -6.98427089e-1
2234 4.09709234e-1 -6.72658987e-1
2236 4.09756795e-1 -6.46959418e-1
2238 4.10196406e-1 -6.21309268e-1
2240 4.11030255e-1 -5.95689622e-1
2242 4.12261964e-1 -5.70081726e-1
2244 4.13896612e-1 -5.44466958e-1
2246 4.15940769e-1 -5.18826795e-1
2248 4.18402539e-1 -4.93142796e-1
2250 4.21291616e-1 -4.67396566e-1
2252 4.24619349e-1 -4.41569749e-1
2254 4.28398822e-1 -4.15644000e-1
2256 4.32644946e-1 -3.89600982e-1
2258 4.37374565e-1 -3.63422355e-1
2260 4.42606578e-1 -3.37089777e-1
2262 4.48362073e-1 -3.10584908e-1
2264 4.54664486e-1 -2.83889430e-1
2266 4.61539772e-1 -2.56985063e-1
2268 4.69016603e-1 -2.29853608e-1
2270 4.77126583e-1 -2.02476997e-1
2272 4.85904493e-1 -1.74837354e-1
2274 4.95388562e-1 -1.46917087e-1
2276 5.05620765e-1 -1.18698995e-1
2278 5.16647156e-1 -9.01664057e-2
2280 5.28518241e-1 -6.13033505e-2
2282 5.41289380e-1 -3.20947731e-2
2284 5.55021239e-1 -2.52679149e-3
2286 5.69780284e-1 2.74129841e-2
2288 5.85639325e-1 5.77350644e-2
2290 6.02678107e-1 8.84476107e-2
2292 6.20983962e-1 1.19555867e-1
2294 6.40652505e-1 1.51061471e-1
2296 6.61788397e-1 1.82961627e-1
2298 6.84506153e-1 2.15248110e-1
2300 7.08930998e-1 2.47906062e-1
2302 7.35199768e-1 2.80912558e-1
2304 7.63461831e-1 3.14234876e-1
2306 7.93880006e-1 3.47828439e-1
2308 8.26631462e-1 3.81634351e-1
2310 8.61908527e-1 4.15576463e-1
2312 8.99919354e-1 4.49557895e-1
2314 9.40888357e-1 4.83456917e-1
2316 9.85056273e-1 5.17122099e-1
2318 1.03267971e+0 5.50366633e-1
2320 1.08402993e+0 5.82961737e-1
2322 1.13939063e+0 6.14629054e-1
2324 1.19905429e+0 6.45032006e-1
2326 1.26331666e+0 6.73766113e-1
2328 1.33246886e+0 7.00348377e-1
2330 1.40678626e+0 7.24206000e-1
2332 1.48651355e+0 7.44664873e-1
2334 1.57184488e+0 7.60938653e-1
2336 1.66289837e+0 7.72119574e-1
2338 1.75968404e+0 7.77172744e-1
2340 1.86206471e+0 7.74936299e-1
2342 1.96970994e+0 7.64130490e-1
2344 2.08204417e+0 7.43379506e-1
2346 2.19819161e+0 7.11250278e-1
2348 2.31692273e+0 6.66312506e-1
2350 2.43660968e+0 6.07223164e-1
2352 2.55520064e+0 5.32836461e-1
2354 2.67022542e+0 4.42336175e-1
2356 2.77884488e+0 3.35381485e-1
2358 2.87795478e+0 2.12250488e-1
2360 2.96434814e+0 7.39590419e-2
2362 3.03492991e+0 -7.76712503e-2
2364 3.08696491e+0 -2.40020461e-1
2366 3.11832732e+0 -4.09768924e-1
2368 3.12771253e+0 -5.83087099e-1
2370 3.11477380e+0 -7.55897733e-1
2372 3.08015729e+0 -9.24174392e-1
2374 3.02542906e+0 -1.08423149e+0
2376 2.95290853e+0 -1.23296315e+0
2378 2.86544007e+0 -1.36800098e+0
2380 2.76614199e+0 -1.48777911e+0
2382 2.65816976e+0 -1.59151312e+0
2384 2.54452041e+0 -1.67911279e+0
2386 2.42789222e+0 -1.75105394e+0
2388 2.31060135e+0 -1.80823456e+0
2390 2.19454885e+0 -1.85183485e+0
2392 2.08122635e+0 -1.88319420e+0
2394 1.97174810e+0 -1.90371158e+0
2396 1.86689789e+0 -1.91477082e+0
2398 1.76718215e+0 -1.91768877e+0
2400 1.67288274e+0 -1.91368288e+0
2402 1.58410579e+0 -1.90385384e+0
2404 1.50082434e+0 -1.88917943e+0
2406 1.42291428e+0 -1.87051603e+0
2408 1.35018354e+0 -1.84860510e+0
2410 1.28239528e+0 -1.82408241e+0
2412 1.21928570e+0 -1.79748875e+0
2414 1.16057763e+0 -1.76928083e+0
2416 1.10599042e+0 -1.73984196e+0
2418 1.05524705e+0 -1.70949200e+0
2420 1.00807910e+0 -1.67849635e+0
2422 9.64229985e-1 -1.64707405e+0
2424 9.23456913e-1 -1.61540476e+0
2426 8.85531999e-1 -1.58363496e+0
2428 8.50242628e-1 -1.55188318e+0
2430 8.17391385e-1 -1.52024453e+0
2432 7.86795645e-1 -1.48879450e+0
2434 7.58286950e-1 -1.45759225e+0
2436 7.31710261e-1 -1.42668331e+0
2438 7.06923129e-1 -1.39610190e+0
2440 6.83794844e-1 -1.36587287e+0
2442 6.62205581e-1 -1.33601330e+0
2444 6.42045574e-1 -1.30653389e+0
2446 6.23214315e-1 -1.27744009e+0
2448 6.05619808e-1 -1.24873301e+0
2450 5.89177860e-1 -1.22041026e+0
2452 5.73811433e-1 -1.19246657e+0
2454 5.59450037e-1 -1.16489436e+0
2456 5.46029175e-1 -1.13768420e+0
2458 5.33489837e-1 -1.11082514e+0
2460 5.21778034e-1 -1.08430510e+0
2462 5.10844378e-1 -1.05811105e+0
2464 5.00643697e-1 -1.03222927e+0
2466 4.91134685e-1 -1.00664550e+0
2468 4.82279590e-1 -9.81345096e-1
2470 4.74043924e-1 -9.56313139e-1
2472 4.66396210e-1 -9.31534520e-1
2474 4.59307745e-1 -9.06994023e-1
2476 4.52752396e-1 -8.82676377e-1
2478 4.46706403e-1 -8.58566303e-1
2480 4.41148217e-1 -8.34648546e-1
2482 4.36058345e-1 -8.10907901e-1
2484 4.31419214e-1 -7.87329225e-1
2486 4.27215052e-1 -7.63897452e-1
2488 4.23431776e-1 -7.40597594e-1
2490 4.20056903e-1 -7.17414741e-1
2492 4.17079463e-1 -6.94334058e-1
2494 4.14489926e-1 -6.71340780e-1
2496 4.12280142e-1 -6.48420198e-1
2498 4.10443285e-1 -6.25557649e-1
2500 4.08973813e-1 -6.02738502e-1
2502 4.07867428e-1 -5.79948144e-1
2504 4.07121052e-1 -5.57171963e-1
2506 4.06732806e-1 -5.34395327e-1
2508 4.06702000e-1 -5.11603572e-1
2510 4.07029125e-1 -4.88781978e-1
2512 4.07715863e-1 -4.65915752e-1
2514 4.08765094e-1 -4.42990009e-1
2516 4.10180916e-1 -4.19989749e-1
2518 4.11968672e-1 -3.96899843e-1
2520 4.14134988e-1 -3.73705010e-1
2522 4.16687813e-1 -3.50389801e-1
2524 4.19636475e-1 -3.26938579e-1
2526 4.22991743e-1 -3.03335505e-1
2528 4.26765899e-1 -2.79564521e-1
2530 4.30972826e-1 -2.55609338e-1
2532 4.35628097e-1 -2.31453426e-1
2534 4.40749089e-1 -2.07080005e-1
2536 4.46355107e-1 -1.82472043e-1
2538 4.52467516e-1 -1.57612254e-1
2540 4.59109900e-1 -1.32483106e-1
2542 4.66308235e-1 -1.07066835e-1
2544 4.74091080e-1 -8.13454624e-2
2546 4.82489796e-1 -5.53008319e-2
2548 4.91538782e-1 -2.89146487e-2
2550 5.01275744e-1 -2.16854029e-3
2552 5.11741993e-1 2.49558682e-2
2554 5.22982772e-1 5.24768553e-2
2556 5.35047623e-1 8.04124798e-2
2558 5.47990796e-1 1.08780425e-1
2560 5.61871696e-1 1.37597803e-1
2562 5.76755379e-1 1.66880920e-1
2564 5.92713110e-1 1.96644976e-1
2566 6.09822964e-1 2.26903707e-1
2568 6.28170501e-1 2.57668942e-1
2570 6.47849498e-1 2.88950064e-1
2572 6.68962760e-1 3.20753357e-1
2574 6.91622999e-1 3.53081206e-1
2576 7.15953787e-1 3.85931139e-1
2578 7.42090590e-1 4.19294655e-1
2580 7.70181870e-1 4.53155814e-1
2582 8.00390248e-1 4.87489532e-1
2584 8.32893719e-1 5.22259527e-1
2586 8.67886889e-1 5.57415848e-1
2588 9.05582199e-1 5.92891899e-1
2590 9.46211083e-1 6.28600877e-1
2592 9.90024976e-1 6.64431513e-1
2594 1.03729607e+0 7.00242991e-1
2596 1.08831766e+0 7.35858921e-1
2598 1.14340388e+0 7.71060228e-1
2600 1.20288852e+0 8.05576808e-1
2602 1.26712264e+0 8.39077836e-1
2604 1.33647037e+0 8.71160629e-1
2606 1.41130243e+0 9.01338046e-1
2608 1.49198646e+0 9.29024518e-1
2610 1.57887332e+0 9.53521000e-1
2612 1.67227818e+0 9.73999420e-1
2614 1.77245517e+0 9.89487612e-1
2616 1.87956424e+0 9.98856330e-1
2618 1.99362901e+0 1.00081067e+0
2620 2.11448479e+0 9.93889223e-1
2622 2.24171675e+0 9.76475284e-1
2624 2.37458967e+0 9.46825635e-1
2626 2.51197302e+0 9.03123032e-1
2628 2.65226820e+0 8.43558623e-1
2630 2.79334880e+0 7.66449064e-1
2632 2.93252869e+0 6.70389556e-1
2634 3.06657607e+0 5.54437686e-1
2636 3.19179204e+0 4.18313986e-1
2638 3.30416796e+0 2.62594448e-1
2640 3.39962545e+0 8.88606731e-2
2642 3.47432608e+0 -1.00231108e-1
2644 3.52501733e+0 -3.00996094e-1
2646 3.54936433e+0 -5.08899472e-1
2648 3.54620831e+0 -7.18858746e-1
2650 3.51570077e+0 -9.25631922e-1
2652 3.45928513e+0 -1.12423147e+0
2654 3.37952971e+0 -1.31029694e+0
2656 3.27984711e+0 -1.48037041e+0
2658 3.16415432e+0 -1.63204346e+0
2660 3.03653163e+0 -1.76397389e+0
2662 2.90092760e+0 -1.87579445e+0
2664 2.76093826e+0 -1.96794978e+0
2666 2.61966927e+0 -2.04149964e+0
2668 2.47967397e+0 -2.09792102e+0
2670 2.34295166e+0 -2.13893104e+0
2672 2.21098725e+0 -2.16634246e+0
2674 2.08481491e+0 -2.18195517e+0
2676 1.96509185e+0 -2.18748143e+0
2678 1.85217231e+0 -2.18449942e+0
2680 1.74617581e+0 -2.17442910e+0
2682 1.64704660e+0 -2.15852412e+0
2684 1.55460312e+0 -2.13787472e+0
2686 1.46857786e+0 -2.11341747e+0
2688 1.38864852e+0 -2.08594877e+0
2690 1.31446169e+0 -2.05614005e+0
2692 1.24565046e+0 -2.02455321e+0
2694 1.18184707e+0 -1.99165528e+0
2696 1.12269177e+0 -1.95783215e+0
2698 1.06783877e+0 -1.92340064e+0
2700 1.01695992e+0 -1.88861938e+0
2702 9.69746894e-1 -1.85369805e+0
2704 9.25912075e-1 -1.81880544e+0
2706 8.85188728e-1 -1.78407628e+0
2708 8.47330548e-1 -1.74961701e+0
2710 8.12110850e-1 -1.71551064e+0
2712 7.79321546e-1 -1.68182086e+0
2714 7.48771968e-1 -1.64859543e+0
2716 7.20287662e-1 -1.61586904e+0
2718 6.93709158e-1 -1.58366566e+0
2720 6.68890776e-1 -1.55200054e+0
2722 6.45699484e-1 -1.52088181e+0
2724 6.24013819e-1 -1.49031185e+0
2726 6.03722876e-1 -1.46028841e+0
2728 5.84725376e-1 -1.43080554e+0
2730 5.66928807e-1 -1.40185432e+0
2732 5.50248633e-1 -1.37342355e+0
2734 5.34607577e-1 -1.34550020e+0
2736 5.19934966e-1 -1.31806989e+0
2738 5.06166135e-1 -1.29111721e+0
2740 4.93241891e-1 -1.26462600e+0
2742 4.81108022e-1 -1.23857960e+0
2744 4.69714856e-1 -1.21296103e+0
2746 4.59016865e-1 -1.18775313e+0
2748 4.48972299e-1 -1.16293869e+0
2750 4.39542869e-1 -1.13850055e+0
2752 4.30693444e-1 -1.11442168e+0
2754 4.22391793e-1 -1.09068519e+0
2756 4.14608344e-1 -1.06727446e+0
2758 4.07315967e-1 -1.04417307e+0
2760 4.00489779e-1 -1.02136492e+0
2762 3.94106971e-1 -9.98834166e-1
2764 3.88146648e-1 -9.76565272e-1
2766 3.82589687e-1 -9.54542997e-1
2768 3.77418610e-1 -9.32752392e-1
2770 3.72617465e-1 -9.11178800e-1
2772 3.68171727e-1 -8.89807843e-1
2774 3.64068201e-1 -8.68625410e-1
2776 3.60294942e-1 -8.47617646e-1
2778 3.56841177e-1 -8.26770938e-1
2780 3.53697245e-1 -8.06071896e-1
2782 3.50854531e-1 -7.85507339e-1
2784 3.48305422e-1 -7.65064278e-1
2786 3.46043257e-1 -7.44729894e-1
2788 3.44062290e-1 -7.24491525e-1
2790 3.42357658e-1 -7.04336640e-1
2792 3.40925355e-1 -6.84252827e-1
2794 3.39762204e-1 -6.64227771e-1
2796 3.38865848e-1 -6.44249233e-1
2798 3.38234732e-1 -6.24305031e-1
2800 3.37868097e-1 -6.04383024e-1
2802 3.37765979e-1 -5.84471089e-1
2804 3.37929209e-1 -5.64557103e-1
2806 3.38359421e-1 -5.44628924e-1
2808 3.39059063e-1 -5.24674371e-1
2810 3.40031414e-1 -5.04681206e-1
2812 3.41280607e-1 -4.84637118e-1
2814 3.42811651e-1 -4.64529698e-1
2816 3.44630470e-1 -4.44346430e-1
2818 3.46743937e-1 -4.24074668e-1
2820 3.49159919e-1 -4.03701620e-1
2822 3.51887329e-1 -3.83214335e-1
2824 3.54936187e-1 -3.62599688e-1
2826 3.58317681e-1 -3.41844364e-1
2828 3.62044245e-1 -3.20934851e-1
2830 3.66129642e-1 -2.99857427e-1
2832 3.70589058e-1 -2.78598154e-1
2834 3.75439208e-1 -2.57142876e-1
2836 3.80698450e-1 -2.35477217e-1
2838 3.86386916e-1 -2.13586583e-1
2840 3.92526659e-1 -1.91456179e-1
2842 3.99141811e-1 -1.69071019e-1
2844 4.06258762e-1 -1.46415952e-1
2846 4.13906360e-1 -1.23475700e-1
2848 4.22116126e-1 -1.00234898e-1
2850 4.30922505e-1 -7.66781618e-2
2852 4.40363128e-1 -5.27901610e-2
2854 4.50479117e-1 -2.85557195e-2
2856 4.61315414e-1 -3.95993904e-3
2858 4.72921148e-1 2.10116463e-2
2860 4.85350042e-1 4.63728797e-2
2862 4.98660855e-1 7.21367469e-2
2864 5.12917885e-1 9.83150887e-2
2866 5.28191503e-1 1.24918250e-1
2868 5.44558758e-1 1.51954651e-1
2870 5.62104024e-1 1.79430270e-1
2872 5.80919719e-1 2.07348007e-1
2874 6.01107075e-1 2.35706928e-1
2876 6.22776976e-1 2.64501332e-1
2878 6.46050850e-1 2.93719641e-1
2880 6.71061618e-1 3.23343048e-1
2882 6.97954679e-1 3.53343901e-1
2884 7.26888926e-1 3.83683748e-1
2886 7.58037754e-1 4.14310997e-1
2888 7.91590020e-1 4.45158110e-1
2890 8.27750905e-1 4.76138251e-1
2892 8.66742586e-1 5.07141292e-1
2894 9.08804606e-1 5.38029075e-1
2896 9.54193794e-1 5.68629826e-1
2898 1.00318351e+0 5.98731587e-1
2900 1.05606194e+0 6.28074596e-1
2902 1.11312914e+0 6.56342501e-1
2904 1.17469220e+0 6.83152398e-1
2906 1.24105817e+0 7.08043734e-1
2908 1.31252388e+0 7.30466260e-1
2910 1.38936176e+0 7.49767435e-1
2912 1.47180081e+0 7.65179965e-1
2914 1.56000161e+0 7.75810615e-1
2916 1.65402431e+0 7.80631964e-1
2918 1.75378888e+0 7.78479516e-1
2920 1.85902734e+0 7.68057388e-1
2922 1.96922873e+0 7.47956665e-1
2924 2.08357916e+0 7.16691211e-1
2926 2.20090159e+0 6.72755951e-1
2928 2.31960271e+0 6.14711922e-1
2930 2.43763789e+0 5.41300212e-1
2932 2.55250776e+0 4.51582687e-1
2934 2.66130125e+0 3.45100984e-1
2936 2.76079830e+0 2.22037201e-1
2938 2.84763881e+0 8.33515666e-2
2940 2.91855295e+0 -6.91329861e-2
2942 2.97063268e+0 -2.32728666e-1
2944 3.00160927e+0 -4.03983055e-1
2946 3.01009142e+0 -5.78883714e-1
2948 2.99571970e+0 -7.53146427e-1
2950 2.95920606e+0 -9.22545807e-1
2952 2.90225038e+0 -1.08323595e+0
2954 2.82735160e+0 -1.23201155e+0
2956 2.73755092e+0 -1.36647528e+0
2958 2.63615306e+0 -1.48509955e+0
2960 2.52646786e+0 -1.58719204e+0
2962 2.41160212e+0 -1.67278958e+0
2964 2.29431547e+0 -1.74251055e+0
2966 2.17694065e+0 -1.79739416e+0
2968 2.06135843e+0 -1.83874823e+0
2970 1.94901330e+0 -1.86801883e+0
2972 1.84095532e+0 -1.88668774e+0
2974 1.73789566e+0 -1.89619785e+0
2976 1.64026629e+0 -1.89790362e+0
2978 1.54827762e+0 -1.89304202e+0
2980 1.46197030e+0 -1.88271885e+0
2982 1.38125952e+0 -1.86790615e+0
2984 1.30597153e+0 -1.84944684e+0
2986 1.23587277e+0 -1.82806380e+0
2988 1.17069247e+0 -1.80437124e+0
2990 1.11013978e+0 -1.77888695e+0
2992 1.05391639e+0 -1.75204440e+0
2994 1.00172557e+0 -1.72420423e+0
2996 9.53278511e-1 -1.69566474e+0
2998 9.08298440e-1 -1.66667124e+0
3000 8.66523234e-1 -1.63742428e+0
