#Note:G; Temperature:25Â°C
#f[Hz] Re(Z/Zc) Im(Z/Zc)
20 4.94902409e+0 -2.96757595e+1
22 4.30215309e+0 -2.71926653e+1
24 3.78521457e+0 -2.50964047e+1
26 3.36434424e+0 -2.33024542e+1
28 3.01625236e+0 -2.17493238e+1
30 2.72444433e+0 -2.03911944e+1
32 2.47694264e+0 -1.91932143e+1
34 2.26486062e+0 -1.81283954e+1
36 2.08148002e+0 -1.71755092e+1
38 1.92163739e+0 -1.63176253e+1
40 1.78130574e+0 -1.55410733e+1
42 1.65730301e+0 -1.48346932e+1
44 1.54708506e+0 -1.41892831e+1
46 1.44859594e+0 -1.35971869e+1
48 1.36015811e+0 -1.30519825e+1
50 1.28039061e+0 -1.25482420e+1
52 1.20814738e+0 -1.20813466e+1
54 1.14247018e+0 -1.16473403e+1
56 1.08255228e+0 -1.12428156e+1
58 1.02771017e+0 -1.08648211e+1
60 9.77361292e-1 -1.05107875e+1
62 9.31006380e-1 -1.01784677e+1
64 8.88215367e-1 -9.86588760e+0
66 8.48615992e-1 -9.57130606e+0
68 8.11884581e-1 -9.29318115e+0
70 7.77738508e-1 -9.03014254e+0
72 7.45930007e-1 -8.78096822e+0
74 7.16241054e-1 -8.54456492e+0
76 6.88479113e-1 -8.31995154e+0
78 6.62473589e-1 -8.10624513e+0
80 6.38072843e-1 -7.90264884e+0
82 6.15141681e-1 -7.70844172e+0
84 5.93559223e-1 -7.52296980e+0
86 5.73217094e-1 -7.34563855e+0
88 5.54017876e-1 -7.17590621e+0
90 5.35873788e-1 -7.01327804e+0
92 5.18705541e-1 -6.85730137e+0
94 5.02441356e-1 -6.70756118e+0
96 4.87016114e-1 -6.56367624e+0
98 4.72370613e-1 -6.42529575e+0
100 4.58450928e-1 -6.29209638e+0
102 4.45207843e-1 -6.16377958e+0
104 4.32596360e-1 -6.04006926e+0
106 4.20575265e-1 -5.92070972e+0
108 4.09106747e-1 -5.80546382e+0
110 3.98156060e-1 -5.69411126e+0
112 3.87691225e-1 -5.58644716e+0
114 3.77682766e-1 -5.48228069e+0
116 3.68103472e-1 -5.38143394e+0
118 3.58928193e-1 -5.28374076e+0
120 3.50133647e-1 -5.18904587e+0
122 3.41698258e-1 -5.09720395e+0
124 3.33602001e-1 -5.00807885e+0
126 3.25826274e-1 -4.92154290e+0
128 3.18353769e-1 -4.83747621e+0
130 3.11168372e-1 -4.75576614e+0
132 3.04255056e-1 -4.67630670e+0
134 2.97599799e-1 -4.59899812e+0
136 2.91189500e-1 -4.52374635e+0
138 2.85011908e-1 -4.45046268e+0
140 2.79055553e-1 -4.37906335e+0
142 2.73309689e-1 -4.30946924e+0
144 2.67764239e-1 -4.24160548e+0
146 2.62409742e-1 -4.17540125e+0
148 2.57237310e-1 -4.11078946e+0
150 2.52238588e-1 -4.04770649e+0
152 2.47405710e-1 -3.98609202e+0
154 2.42731273e-1 -3.92588876e+0
156 2.38208294e-1 -3.86704231e+0
158 2.33830192e-1 -3.80950093e+0
160 2.29590752e-1 -3.75321543e+0
162 2.25484104e-1 -3.69813896e+0
164 2.21504702e-1 -3.64422690e+0
166 2.17647297e-1 -3.59143672e+0
168 2.13906924e-1 -3.53972786e+0
170 2.10278881e-1 -3.48906162e+0
172 2.06758711e-1 -3.43940103e+0
174 2.03342188e-1 -3.39071078e+0
176 2.00025304e-1 -3.34295711e+0
178 1.96804255e-1 -3.29610773e+0
180 1.93675425e-1 -3.25013172e+0
182 1.90635380e-1 -3.20499950e+0
184 1.87680857e-1 -3.16068270e+0
186 1.84808749e-1 -3.11715414e+0
188 1.82016101e-1 -3.07438776e+0
190 1.79300098e-1 -3.03235852e+0
192 1.76658061e-1 -2.99104241e+0
194 1.74087435e-1 -2.95041636e+0
196 1.71585785e-1 -2.91045818e+0
198 1.69150788e-1 -2.87114656e+0
200 1.66780229e-1 -2.83246098e+0
202 1.64471993e-1 -2.79438169e+0
204 1.62224060e-1 -2.75688970e+0
206 1.60034502e-1 -2.71996667e+0
208 1.57901476e-1 -2.68359496e+0
210 1.55823220e-1 -2.64775754e+0
212 1.53798051e-1 -2.61243799e+0
214 1.51824358e-1 -2.57762046e+0
216 1.49900601e-1 -2.54328964e+0
218 1.48025307e-1 -2.50943075e+0
220 1.46197065e-1 -2.47602948e+0
222 1.44414525e-1 -2.44307203e+0
224 1.42676395e-1 -2.41054501e+0
226 1.40981437e-1 -2.37843549e+0
228 1.39328466e-1 -2.34673094e+0
230 1.37716347e-1 -2.31541922e+0
232 1.36143992e-1 -2.28448855e+0
234 1.34610360e-1 -2.25392754e+0
236 1.33114453e-1 -2.22372512e+0
238 1.31655315e-1 -2.19387054e+0
240 1.30232029e-1 -2.16435337e+0
242 1.28843718e-1 -2.13516348e+0
244 1.27489541e-1 -2.10629103e+0
246 1.26168693e-1 -2.07772642e+0
248 1.24880403e-1 -2.04946035e+0
250 1.23623932e-1 -2.02148374e+0
252 1.22398573e-1 -1.99378776e+0
254 1.21203648e-1 -1.96636380e+0
256 1.20038512e-1 -1.93920348e+0
258 1.18902543e-1 -1.91229860e+0
260 1.17795151e-1 -1.88564118e+0
262 1.16715768e-1 -1.85922342e+0
264 1.15663855e-1 -1.83303771e+0
266 1.14638896e-1 -1.80707658e+0
268 1.13640398e-1 -1.78133277e+0
270 1.12667894e-1 -1.75579913e+0
272 1.11720936e-1 -1.73046869e+0
274 1.10799100e-1 -1.70533462e+0
276 1.09901983e-1 -1.68039020e+0
278 1.09029203e-1 -1.65562885e+0
280 1.08180398e-1 -1.63104413e+0
282 1.07355224e-1 -1.60662969e+0
284 1.06553360e-1 -1.58237931e+0
286 1.05774500e-1 -1.55828684e+0
288 1.05018359e-1 -1.53434626e+0
290 1.04284671e-1 -1.51055163e+0
292 1.03573186e-1 -1.48689710e+0
294 1.02883671e-1 -1.46337688e+0
296 1.02215914e-1 -1.43998530e+0
298 1.01569718e-1 -1.41671671e+0
300 1.00944902e-1 -1.39356556e+0
302 1.00341303e-1 -1.37052634e+0
304 9.97587773e-2 -1.34759362e+0
306 9.91971941e-2 -1.32476200e+0
308 9.86564414e-2 -1.30202612e+0
310 9.81364235e-2 -1.27938070e+0
312 9.76370614e-2 -1.25682044e+0
314 9.71582927e-2 -1.23434013e+0
316 9.67000721e-2 -1.21193456e+0
318 9.62623711e-2 -1.18959853e+0
320 9.58451780e-2 -1.16732688e+0
322 9.54484986e-2 -1.14511446e+0
324 9.50723560e-2 -1.12295613e+0
326 9.47167909e-2 -1.10084675e+0
328 9.43818618e-2 -1.07878119e+0
330 9.40676457e-2 -1.05675431e+0
332 9.37742378e-2 -1.03476095e+0
334 9.35017522e-2 -1.01279597e+0
336 9.32503227e-2 -9.90854166e-1
338 9.30201024e-2 -9.68930354e-1
340 9.28112651e-2 -9.47019299e-1
342 9.26240050e-2 -9.25115738e-1
344 9.24585380e-2 -9.03214371e-1
346 9.23151021e-2 -8.81309855e-1
348 9.21939578e-2 -8.59396798e-1
350 9.20953895e-2 -8.37469755e-1
352 9.20197055e-2 -8.15523221e-1
354 9.19672396e-2 -7.93551625e-1
356 9.19383517e-2 -7.71549327e-1
358 9.19334288e-2 -7.49510608e-1
360 9.19528860e-2 -7.27429665e-1
362 9.19971682e-2 -7.05300605e-1
364 9.20667505e-2 -6.83117439e-1
366 9.21621404e-2 -6.60874072e-1
368 9.22838785e-2 -6.38564299e-1
370 9.24325404e-2 -6.16181794e-1
372 9.26087386e-2 -5.93720105e-1
374 9.28131236e-2 -5.71172644e-1
376 9.30463864e-2 -5.48532678e-1
378 9.33092600e-2 -5.25793322e-1
380 9.36025221e-2 -5.02947527e-1
382 9.39269970e-2 -4.79988071e-1
384 9.42835583e-2 -4.56907550e-1
386 9.46731313e-2 -4.33698362e-1
388 9.50966962e-2 -4.10352703e-1
390 9.55552910e-2 -3.86862548e-1
392 9.60500147e-2 -3.63219644e-1
394 9.65820309e-2 -3.39415489e-1
396 9.71525716e-2 -3.15441326e-1
398 9.77629412e-2 -2.91288123e-1
400 9.84145210e-2 -2.66946558e-1
402 9.91087737e-2 -2.42407003e-1
404 9.98472485e-2 -2.17659503e-1
406 1.00631587e-1 -1.92693764e-1
408 1.01463528e-1 -1.67499125e-1
410 1.02344915e-1 -1.42064542e-1
412 1.03277702e-1 -1.16378564e-1
414 1.04263962e-1 -9.04293074e-2
416 1.05305894e-1 -6.42044329e-2
418 1.06405832e-1 -3.76911166e-2
420 1.07566255e-1 -1.08760217e-2
422 1.08789794e-1 1.62547328e-2
424 1.10079249e-1 4.37156049e-2
426 1.11437593e-1 7.15216654e-2
428 1.12867991e-1 9.96886351e-2
430 1.14373814e-1 1.28232926e-1
432 1.15958648e-1 1.57171684e-1
434 1.17626319e-1 1.86522835e-1
436 1.19380903e-1 2.16305136e-1
438 1.21226752e-1 2.46538230e-1
440 1.23168513e-1 2.77242698e-1
442 1.25211151e-1 3.08440128e-1
444 1.27359975e-1 3.40153179e-1
446 1.29620667e-1 3.72405650e-1
448 1.31999313e-1 4.05222563e-1
450 1.34502435e-1 4.38630245e-1
452 1.37137033e-1 4.72656417e-1
454 1.39910618e-1 5.07330297e-1
456 1.42831268e-1 5.42682702e-1
458 1.45907668e-1 5.78746167e-1
460 1.49149173e-1 6.15555069e-1
462 1.52565863e-1 6.53145765e-1
464 1.56168617e-1 6.91556742e-1
466 1.59969183e-1 7.30828777e-1
468 1.63980265e-1 7.71005116e-1
470 1.68215616e-1 8.12131667e-1
472 1.72690142e-1 8.54257212e-1
474 1.77420014e-1 8.97433642e-1
476 1.82422808e-1 9.41716206e-1
478 1.87717641e-1 9.87163798e-1
480 1.93325339e-1 1.03383926e+0
482 1.99268624e-1 1.08180972e+0
484 2.05572315e-1 1.13114697e+0
486 2.12263571e-1 1.18192788e+0
488 2.19372151e-1 1.23423487e+0
490 2.26930719e-1 1.28815637e+0
492 2.34975187e-1 1.34378743e+0
494 2.43545103e-1 1.40123035e+0
496 2.52684102e-1 1.46059534e+0
498 2.62440416e-1 1.52200133e+0
500 2.72867460e-1 1.58557682e+0
502 2.84024513e-1 1.65146087e+0
504 2.95977495e-1 1.71980420e+0
506 3.08799873e-1 1.79077042e+0
508 3.22573712e-1 1.86453739e+0
510 3.37390898e-1 1.94129881e+0
512 3.53354568e-1 2.02126602e+0
514 3.70580787e-1 2.10466995e+0
516 3.89200522e-1 2.19176343e+0
518 4.09361972e-1 2.28282381e+0
520 4.31233330e-1 2.37815588e+0
522 4.55006074e-1 2.47809529e+0
524 4.80898899e-1 2.58301241e+0
526 5.09162433e-1 2.69331682e+0
528 5.40084932e-1 2.80946238e+0
530 5.73999174e-1 2.93195318e+0
532 6.11290860e-1 3.06135032e+0
534 6.52408892e-1 3.19827978e+0
536 6.97878028e-1 3.34344154e+0
538 7.48314543e-1 3.49762007e+0
540 8.04445744e-1 3.66169649e+0
542 8.67134404e-1 3.83666262e+0
544 9.37409611e-1 4.02363709e+0
546 1.01650593e+0 4.22388379e+0
548 1.10591349e+0 4.43883274e+0
550 1.20744259e+0 4.67010340e+0
552 1.32330754e+0 4.91952992e+0
554 1.45623643e+0 5.18918757e+0
556 1.60961604e+0 5.48141798e+0
558 1.78768452e+0 5.79884928e+0
560 1.99578982e+0 6.14440349e+0
562 2.24073872e+0 6.52127725e+0
564 2.53127134e+0 6.93287119e+0
566 2.87870898e+0 7.38262361e+0
568 3.29783998e+0 7.87366943e+0
570 3.80812512e+0 8.40818356e+0
572 4.43531358e+0 8.98615721e+0
574 5.21353264e+0 9.60316100e+0
576 6.18777769e+0 1.02463154e+1
578 7.41629725e+0 1.08871569e+1
580 8.97121846e+0 1.14693860e+1
582 1.09330322e+1 1.18890700e+1
584 1.33690254e+1 1.19667526e+1
586 1.62777778e+1 1.14208678e+1
588 1.94820460e+1 9.88018249e+0
590 2.24982986e+1 7.01554066e+0
592 2.45413178e+1 2.84245596e+0
594 2.48844396e+1 -2.00852211e+0
596 2.34094654e+1 -6.49941404e+0
598 2.07048996e+1 -9.83096740e+0
600 1.75813247e+1 -1.18163102e+1
602 1.46173649e+1 -1.27075695e+1
604 1.20702860e+1 -1.28722466e+1
606 9.98631416e+0 -1.26151742e+1
608 8.31756822e+0 -1.21406458e+1
610 6.98971840e+0 -1.15714609e+1
612 5.93106223e+0 -1.09766427e+1
614 5.08171579e+0 -1.03928481e+1
616 4.39456689e+0 -9.83816186e+0
618 3.83348839e+0 -9.32032756e+0
620 3.37102931e+0 -8.84148671e+0
622 2.98634268e+0 -8.40085676e+0
624 2.66353185e+0 -7.99622674e+0
626 2.39039483e+0 -7.62478188e+0
628 2.15749152e+0 -7.28354940e+0
630 1.95745659e+0 -6.96963104e+0
632 1.78449383e+0 -6.68031609e+0
634 1.63400288e+0 -6.41312827e+0
636 1.50230216e+0 -6.16583659e+0
638 1.38642183e+0 -5.93644747e+0
640 1.28394791e+0 -5.72318776e+0
642 1.19290402e+0 -5.52448418e+0
644 1.11166090e+0 -5.33894193e+0
646 1.03886672e+0 -5.16532435e+0
648 9.73392889e-1 -5.00253401e+0
650 9.14291755e-1 -4.84959581e+0
652 8.60763170e-1 -4.70564184e+0
654 8.12128026e-1 -4.56989823e+0
656 7.67807099e-1 -4.44167358e+0
658 7.27304053e-1 -4.32034882e+0
660 6.90191690e-1 -4.20536856e+0
662 6.56100777e-1 -4.09623340e+0
664 6.24710908e-1 -3.99249336e+0
666 5.95742992e-1 -3.89374214e+0
668 5.68953050e-1 -3.79961210e+0
670 5.44127064e-1 -3.70976992e+0
672 5.21076686e-1 -3.62391279e+0
674 4.99635637e-1 -3.54176507e+0
676 4.79656691e-1 -3.46307540e+0
678 4.61009113e-1 -3.38761412e+0
680 4.43576504e-1 -3.31517105e+0
682 4.27254951e-1 -3.24555346e+0
684 4.11951462e-1 -3.17858437e+0
686 3.97582618e-1 -3.11410096e+0
688 3.84073416e-1 -3.05195325e+0
690 3.71356269e-1 -2.99200280e+0
692 3.59370147e-1 -2.93412171e+0
694 3.48059829e-1 -2.87819159e+0
696 3.37375251e-1 -2.82410274e+0
698 3.27270938e-1 -2.77175334e+0
700 3.17705513e-1 -2.72104878e+0
702 3.08641257e-1 -2.67190104e+0
704 3.00043732e-1 -2.62422811e+0
706 2.91881440e-1 -2.57795350e+0
708 2.84125533e-1 -2.53300579e+0
710 2.76749544e-1 -2.48931820e+0
712 2.69729159e-1 -2.44682824e+0
714 2.63042011e-1 -2.40547735e+0
716 2.56667492e-1 -2.36521062e+0
718 2.50586593e-1 -2.32597648e+0
720 2.44781758e-1 -2.28772647e+0
722 2.39236750e-1 -2.25041501e+0
724 2.33936537e-1 -2.21399916e+0
726 2.28867185e-1 -2.17843846e+0
728 2.24015764e-1 -2.14369475e+0
730 2.19370263e-1 -2.10973198e+0
732 2.14919512e-1 -2.07651609e+0
734 2.10653113e-1 -2.04401486e+0
736 2.06561378e-1 -2.01219780e+0
738 2.02635271e-1 -1.98103602e+0
740 1.98866358e-1 -1.95050210e+0
742 1.95246758e-1 -1.92057006e+0
744 1.91769100e-1 -1.89121521e+0
746 1.88426489e-1 -1.86241407e+0
748 1.85212462e-1 -1.83414432e+0
750 1.82120966e-1 -1.80638473e+0
752 1.79146319e-1 -1.77911504e+0
754 1.76283189e-1 -1.75231598e+0
756 1.73526567e-1 -1.72596914e+0
758 1.70871745e-1 -1.70005696e+0
760 1.68314294e-1 -1.67456264e+0
762 1.65850046e-1 -1.64947016e+0
764 1.63475076e-1 -1.62476416e+0
766 1.61185687e-1 -1.60042996e+0
768 1.58978392e-1 -1.57645348e+0
770 1.56849905e-1 -1.55282124e+0
772 1.54797121e-1 -1.52952030e+0
774 1.52817114e-1 -1.50653823e+0
776 1.50907118e-1 -1.48386312e+0
778 1.49064520e-1 -1.46148348e+0
780 1.47286851e-1 -1.43938830e+0
782 1.45571778e-1 -1.41756697e+0
784 1.43917095e-1 -1.39600925e+0
786 1.42320714e-1 -1.37470529e+0
788 1.40780662e-1 -1.35364559e+0
790 1.39295071e-1 -1.33282099e+0
792 1.37862176e-1 -1.31222261e+0
794 1.36480304e-1 -1.29184190e+0
796 1.35147876e-1 -1.27167059e+0
798 1.33863394e-1 -1.25170064e+0
800 1.32625446e-1 -1.23192431e+0
802 1.31432692e-1 -1.21233406e+0
804 1.30283868e-1 -1.19292259e+0
806 1.29177780e-1 -1.17368283e+0
808 1.28113299e-1 -1.15460788e+0
810 1.27089360e-1 -1.13569106e+0
812 1.26104958e-1 -1.11692584e+0
814 1.25159146e-1 -1.09830588e+0
816 1.24251033e-1 -1.07982501e+0
818 1.23379782e-1 -1.06147720e+0
820 1.22544605e-1 -1.04325654e+0
822 1.21744764e-1 -1.02515730e+0
824 1.20979570e-1 -1.00717383e+0
826 1.20248377e-1 -9.89300645e-1
828 1.19550587e-1 -9.71532331e-1
830 1.18885643e-1 -9.53863600e-1
832 1.18253028e-1 -9.36289253e-1
834 1.17652271e-1 -9.18804184e-1
836 1.17082935e-1 -9.01403369e-1
838 1.16544625e-1 -8.84081861e-1
840 1.16036985e-1 -8.66834786e-1
842 1.15559694e-1 -8.49657332e-1
844 1.15112469e-1 -8.32544747e-1
846 1.14695066e-1 -8.15492333e-1
848 1.14307273e-1 -7.98495436e-1
850 1.13948917e-1 -7.81549448e-1
852 1.13619860e-1 -7.64649793e-1
854 1.13320001e-1 -7.47791927e-1
856 1.13049272e-1 -7.30971331e-1
858 1.12807646e-1 -7.14183504e-1
860 1.12595128e-1 -6.97423960e-1
862 1.12411763e-1 -6.80688220e-1
864 1.12257633e-1 -6.63971808e-1
866 1.12132857e-1 -6.47270244e-1
868 1.12037595e-1 -6.30579041e-1
870 1.11972046e-1 -6.13893695e-1
872 1.11936451e-1 -5.97209684e-1
874 1.11931093e-1 -5.80522457e-1
876 1.11956299e-1 -5.63827431e-1
878 1.12012443e-1 -5.47119984e-1
880 1.12099943e-1 -5.30395449e-1
882 1.12219271e-1 -5.13649104e-1
884 1.12370948e-1 -4.96876170e-1
886 1.12555550e-1 -4.80071800e-1
888 1.12773710e-1 -4.63231073e-1
890 1.13026121e-1 -4.46348985e-1
892 1.13313540e-1 -4.29420441e-1
894 1.13636792e-1 -4.12440249e-1
896 1.13996772e-1 -3.95403105e-1
898 1.14394451e-1 -3.78303588e-1
900 1.14830884e-1 -3.61136150e-1
902 1.15307208e-1 -3.43895102e-1
904 1.15824658e-1 -3.26574604e-1
906 1.16384565e-1 -3.09168653e-1
908 1.16988368e-1 -2.91671073e-1
910 1.17637622e-1 -2.74075492e-1
912 1.18334007e-1 -2.56375339e-1
914 1.19079337e-1 -2.38563820e-1
916 1.19875573e-1 -2.20633902e-1
918 1.20724834e-1 -2.02578297e-1
920 1.21629414e-1 -1.84389441e-1
922 1.22591793e-1 -1.66059474e-1
924 1.23614659e-1 -1.47580215e-1
926 1.24700926e-1 -1.28943136e-1
928 1.25853755e-1 -1.10139341e-1
930 1.27076578e-1 -9.11595291e-2
932 1.28373131e-1 -7.19939696e-2
934 1.29747477e-1 -5.26324628e-2
936 1.31204048e-1 -3.30643048e-2
938 1.32747684e-1 -1.32782459e-2
940 1.34383674e-1 6.73755383e-3
942 1.36117811e-1 2.69955735e-2
944 1.37956453e-1 4.75089847e-2
946 1.39906584e-1 6.82917096e-2
948 1.41975896e-1 8.93584852e-2
950 1.44172872e-1 1.10724933e-1
952 1.46506893e-1 1.32407637e-1
954 1.48988353e-1 1.54424225e-1
956 1.51628790e-1 1.76793464e-1
958 1.54441049e-1 1.99535359e-1
960 1.57439463e-1 2.22671267e-1
962 1.60640065e-1 2.46224012e-1
964 1.64060839e-1 2.70218022e-1
966 1.67722012e-1 2.94679469e-1
968 1.71646404e-1 3.19636426e-1
970 1.75859835e-1 3.45119028e-1
972 1.80391609e-1 3.71159656e-1
974 1.85275096e-1 3.97793113e-1
976 1.90548421e-1 4.25056824e-1
978 1.96255293e-1 4.52991016e-1
980 2.02446007e-1 4.81638909e-1
982 2.09178642e-1 5.11046871e-1
984 2.16520525e-1 5.41264534e-1
986 2.24550006e-1 5.72344846e-1
988 2.33358621e-1 6.04343995e-1
990 2.43053742e-1 6.37321161e-1
992 2.53761813e-1 6.71337991e-1
994 2.65632336e-1 7.06457654e-1
996 2.78842755e-1 7.42743278e-1
998 2.93604448e-1 7.80255475e-1
1000 3.10170059e-1 8.19048499e-1
1002 3.28842394e-1 8.59164420e-1
1004 3.49985119e-1 9.00624369e-1
1006 3.74035362e-1 9.43415508e-1
1008 4.01518090e-1 9.87471784e-1
1010 4.33061581e-1 1.03264569e+0
1012 4.69412242e-1 1.07866728e+0
1014 5.11445008e-1 1.12508524e+0
1016 5.60162001e-1 1.17118406e+0
1018 6.16665991e-1 1.21587080e+0
1020 6.82085702e-1 1.25752808e+0
1022 7.57416509e-1 1.29383982e+0
1024 8.43225653e-1 1.32162057e+0
1026 9.39166590e-1 1.33672740e+0
1028 1.04328024e+0 1.33420996e+0
1030 1.15117931e+0 1.30893435e+0
1032 1.25545415e+0 1.25690639e+0
1034 1.34593127e+0 1.17724588e+0
1036 1.41143491e+0 1.07412602e+0
1038 1.44299558e+0 9.57347352e-1
1040 1.43713746e+0 8.40463397e-1
1042 1.39720763e+0 7.36942821e-1
1044 1.33184298e+0 6.56463928e-1
1046 1.25171126e+0 6.03280623e-1
1048 1.16651372e+0 5.76893175e-1
1050 1.08340849e+0 5.73889461e-1
1052 1.00679841e+0 5.89748788e-1
1054 9.38862993e-1 6.20039314e-1
1056 8.80278979e-1 6.60993300e-1
1058 8.30840526e-1 7.09664413e-1
1060 7.89897280e-1 7.63871500e-1
1062 7.56627861e-1 8.22063275e-1
1064 7.30194594e-1 8.83173549e-1
1066 7.09822322e-1 9.46495607e-1
1068 6.94832525e-1 1.01158318e+0
1070 6.84652997e-1 1.07817638e+0
1072 6.78815212e-1 1.14614807e+0
1074 6.76946335e-1 1.21546570e+0
1076 6.78759611e-1 1.28616468e+0
1078 6.84045064e-1 1.35832983e+0
1080 6.92661403e-1 1.43208277e+0
1082 7.04529505e-1 1.50757336e+0
1084 7.19627564e-1 1.58497405e+0
1086 7.37987882e-1 1.66447619e+0
1088 7.59695258e-1 1.74628788e+0
1090 7.84886905e-1 1.83063256e+0
1092 8.13753896e-1 1.91774848e+0
1094 8.46544161e-1 2.00788827e+0
1096 8.83567108e-1 2.10131889e+0
1098 9.25200028e-1 2.19832132e+0
1100 9.71896474e-1 2.29919005e+0
1102 1.02419692e+0 2.40423190e+0
1104 1.08274205e+0 2.51376399e+0
1106 1.14828919e+0 2.62811017e+0
1108 1.22173241e+0 2.74759543e+0
1110 1.30412708e+0 2.87253726e+0
1112 1.39671961e+0 3.00323269e+0
1114 1.50098340e+0 3.13993922e+0
1116 1.61866202e+0 3.28284705e+0
1118 1.75182055e+0 3.43203902e+0
1120 1.90290580e+0 3.58743317e+0
1122 2.07481556e+0 3.74870085e+0
1124 2.27097551e+0 3.91515051e+0
1126 2.49541971e+0 4.08556373e+0
1128 2.75286562e+0 4.25796538e+0
1130 3.04876566e+0 4.42930477e+0
1132 3.38930257e+0 4.59501965e+0
1134 3.78127095e+0 4.74845400e+0
1136 4.23175016e+0 4.88010869e+0
1138 4.74742015e+0 4.97673573e+0
1140 5.33330764e+0 5.02036361e+0
1142 5.99069964e+0 4.98749757e+0
1144 6.71399290e+0 4.84900803e+0
1146 7.48650049e+0 4.57159192e+0
1148 8.27590952e+0 4.12200557e+0
1150 9.03128054e+0 3.47507167e+0
1152 9.68479147e+0 2.62503668e+0
1154 1.01614666e+1 1.59686146e+0
1156 1.03970188e+1 4.50907101e-1
1158 1.03578491e+1 -7.25100352e-1
1160 1.00528574e+1 -1.83646165e+0
1162 9.52986098e+0 -2.80521595e+0
1164 8.85899176e+0 -3.58560596e+0
1166 8.11276409e+0 -4.16602920e+0
1168 7.35168815e+0 -4.56073146e+0
1170 6.61838637e+0 -4.79812607e+0
1172 5.93826051e+0 -4.91093140e+0
1174 5.32330075e+0 -4.92999853e+0
1176 4.77644951e+0 -4.88144725e+0
1178 4.29525076e+0 -4.78596639e+0
1180 3.87445038e+0 -4.65923294e+0
1182 3.50766143e+0 -4.51276032e+0
1184 3.18833954e+0 -4.35480501e+0
1186 2.91030175e+0 -4.19116892e+0
1188 2.66796463e+0 -4.02584844e+0
1190 2.45642098e+0 -3.86153341e+0
1192 2.27142962e+0 -3.69997924e+0
1194 2.10936313e+0 -3.54227916e+0
1196 1.96713900e+0 -3.38906096e+0
1198 1.84214792e+0 -3.24062794e+0
1200 1.73218618e+0 -3.09705939e+0
1202 1.63539509e+0 -2.95828188e+0
1204 1.55020856e+0 -2.82411961e+0
1206 1.47530844e+0 -2.69432979e+0
1208 1.40958713e+0 -2.56862740e+0
1210 1.35211658e+0 -2.44670235e+0
1212 1.30212269e+0 -2.32823121e+0
1214 1.25896457e+0 -2.21288517e+0
1216 1.22211773e+0 -2.10033524e+0
1218 1.19116081e+0 -1.99025562e+0
1220 1.16576525e+0 -1.88232576e+0
1222 1.14568766e+0 -1.77623161e+0
1224 1.13076451e+0 -1.67166637e+0
1226 1.12090906e+0 -1.56833111e+0
1228 1.11611038e+0 -1.46593537e+0
1230 1.11643444e+0 -1.36419827e+0
1232 1.12202734e+0 -1.26285010e+0
1234 1.13312080e+0 -1.16163514e+0
1236 1.15004007e+0 -1.06031585e+0
1238 1.17321458e+0 -9.58679349e-1
1240 1.20319151e+0 -8.56546940e-1
1242 1.24065271e+0 -7.53787961e-1
1244 1.28643515e+0 -6.50339719e-1
1246 1.34155497e+0 -5.46235878e-1
1248 1.40723485e+0 -4.41646639e-1
1250 1.48493351e+0 -3.36935239e-1
1252 1.57637481e+0 -2.32736907e-1
1254 1.68357119e+0 -1.30068236e-1
1256 1.80883176e+0 -3.04769275e-2
1258 1.95473801e+0 6.37568263e-2
1260 2.12405840e+0 1.49356977e-1
1262 2.31955602e+0 2.21722450e-1
1264 2.54362007e+0 2.74546901e-1
1266 2.79762794e+0 2.99443190e-1
1268 3.08093245e+0 2.85705912e-1
1270 3.38940641e+0 2.20469038e-1
1272 3.71362691e+0 8.96669638e-2
1274 4.03712228e+0 -1.19709779e-1
1276 4.33563399e+0 -4.15779183e-1
1278 4.57879478e+0 -7.96846599e-1
1280 4.73532644e+0 -1.24722963e+0
1282 4.78116277e+0 -1.73669360e+0
1284 4.70733508e+0 -2.22552209e+0
1286 4.52330672e+0 -2.67404557e+0
1288 4.25365447e+0 -3.05220377e+0
1290 3.93012974e+0 -3.34466771e+0
1292 3.58343465e+0 -3.55026438e+0
1294 3.23795236e+0 -3.67771595e+0
1296 2.91006816e+0 -3.74061100e+0
1298 2.60896261e+0 -3.75349236e+0
1300 2.33843668e+0 -3.72957247e+0
1302 2.09878816e+0 -3.67978015e+0
1304 1.88830617e+0 -3.61262892e+0
1306 1.70430313e+0 -3.53448414e+0
1308 1.54375827e+0 -3.44996444e+0
1310 1.40368370e+0 -3.36234175e+0
1312 1.28131085e+0 -3.27388414e+0
1314 1.17416874e+0 -3.18612823e+0
1316 1.08010144e+0 -3.10008605e+0
1318 9.97253736e-1 -3.01639804e+0
1320 9.24042389e-1 -2.93544416e+0
1322 8.59122525e-1 -2.85742375e+0
1324 8.01354198e-1 -2.78241239e+0
1326 7.49771605e-1 -2.71040222e+0
1328 7.03555875e-1 -2.64133038e+0
1330 6.62011625e-1 -2.57509898e+0
1332 6.24547073e-1 -2.51158898e+0
1334 5.90657323e-1 -2.45066991e+0
1336 5.59910399e-1 -2.39220645e+0
1338 5.31935620e-1 -2.33606294e+0
1340 5.06413919e-1 -2.28210631e+0
1342 4.83069810e-1 -2.23020806e+0
1344 4.61664687e-1 -2.18024531e+0
1346 4.41991247e-1 -2.13210157e+0
1348 4.23868834e-1 -2.08566688e+0
1350 4.07139540e-1 -2.04083798e+0
1352 3.91664935e-1 -1.99751809e+0
1354 3.77323317e-1 -1.95561671e+0
1356 3.64007390e-1 -1.91504935e+0
1358 3.51622309e-1 -1.87573716e+0
1360 3.40084007e-1 -1.83760661e+0
1362 3.29317789e-1 -1.80058914e+0
1364 3.19257116e-1 -1.76462079e+0
1366 3.09842582e-1 -1.72964193e+0
1368 3.01021021e-1 -1.69559687e+0
1370 2.92744751e-1 -1.66243364e+0
1372 2.84970912e-1 -1.63010364e+0
1374 2.77660905e-1 -1.59856145e+0
1376 2.70779896e-1 -1.56776454e+0
1378 2.64296388e-1 -1.53767307e+0
1380 2.58181852e-1 -1.50824969e+0
1382 2.52410399e-1 -1.47945933e+0
1384 2.46958500e-1 -1.45126905e+0
1386 2.41804730e-1 -1.42364787e+0
1388 2.36929554e-1 -1.39656661e+0
1390 2.32315135e-1 -1.36999779e+0
1392 2.27945158e-1 -1.34391547e+0
1394 2.23804685e-1 -1.31829515e+0
1396 2.19880018e-1 -1.29311366e+0
1398 2.16158584e-1 -1.26834906e+0
1400 2.12628826e-1 -1.24398059e+0
1402 2.09280112e-1 -1.21998851e+0
1404 2.06102649e-1 -1.19635411e+0
1406 2.03087410e-1 -1.17305958e+0
1408 2.00226069e-1 -1.15008795e+0
1410 1.97510934e-1 -1.12742307e+0
1412 1.94934902e-1 -1.10504952e+0
1414 1.92491404e-1 -1.08295257e+0
1416 1.90174365e-1 -1.06111812e+0
1418 1.87978163e-1 -1.03953268e+0
1420 1.85897594e-1 -1.01818330e+0
1422 1.83927840e-1 -9.97057563e-1
1424 1.82064441e-1 -9.76143521e-1
1426 1.80303267e-1 -9.55429679e-1
1428 1.78640498e-1 -9.34904955e-1
1430 1.77072597e-1 -9.14558658e-1
1432 1.75596296e-1 -8.94380454e-1
1434 1.74208574e-1 -8.74360345e-1
1436 1.72906644e-1 -8.54488644e-1
1438 1.71687938e-1 -8.34755950e-1
1440 1.70550093e-1 -8.15153130e-1
1442 1.69490939e-1 -7.95671295e-1
1444 1.68508491e-1 -7.76301785e-1
1446 1.67600934e-1 -7.57036147e-1
1448 1.66766619e-1 -7.37866121e-1
1450 1.66004054e-1 -7.18783620e-1
1452 1.65311895e-1 -6.99780717e-1
1454 1.64688941e-1 -6.80849628e-1
1456 1.64134130e-1 -6.61982702e-1
1458 1.63646531e-1 -6.43172398e-1
1460 1.63225340e-1 -6.24411280e-1
1462 1.62869879e-1 -6.05692001e-1
1464 1.62579589e-1 -5.87007289e-1
1466 1.62354031e-1 -5.68349937e-1
1468 1.62192880e-1 -5.49712788e-1
1470 1.62095926e-1 -5.31088725e-1
1472 1.62063071e-1 -5.12470660e-1
1474 1.62094328e-1 -4.93851520e-1
1476 1.62189822e-1 -4.75224239e-1
1478 1.62349790e-1 -4.56581742e-1
1480 1.62574579e-1 -4.37916938e-1
1482 1.62864650e-1 -4.19222706e-1
1484 1.63220575e-1 -4.00491883e-1
1486 1.63643042e-1 -3.81717257e-1
1488 1.64132860e-1 -3.62891548e-1
1490 1.64690952e-1 -3.44007403e-1
1492 1.65318368e-1 -3.25057382e-1
1494 1.66016282e-1 -3.06033940e-1
1496 1.66786002e-1 -2.86929424e-1
1498 1.67628966e-1 -2.67736053e-1
1500 1.68546755e-1 -2.48445906e-1
1502 1.69541096e-1 -2.29050912e-1
1504 1.70613866e-1 -2.09542828e-1
1506 1.71767103e-1 -1.89913232e-1
1508 1.73003010e-1 -1.70153504e-1
1510 1.74323965e-1 -1.50254809e-1
1512 1.75732532e-1 -1.30208083e-1
1514 1.77231466e-1 -1.10004011e-1
1516 1.78823730e-1 -8.96330138e-2
1518 1.80512504e-1 -6.90852245e-2
1520 1.82301197e-1 -4.83504698e-2
1522 1.84193463e-1 -2.74182483e-2
1524 1.86193218e-1 -6.27770712e-3
1526 1.88304655e-1 1.50823814e-2
1528 1.90532261e-1 3.66736459e-2
1530 1.92880842e-1 5.85081425e-2
1532 1.95355541e-1 8.05983839e-2
1534 1.97961866e-1 1.02957369e-1
1536 2.00705711e-1 1.25598618e-1
1538 2.03593393e-1 1.48536202e-1
1540 2.06631674e-1 1.71784786e-1
1542 2.09827804e-1 1.95359661e-1
1544 2.13189555e-1 2.19276795e-1
1546 2.16725263e-1 2.43552868e-1
1548 2.20443876e-1 2.68205328e-1
1550 2.24355000e-1 2.93252439e-1
1552 2.28468958e-1 3.18713336e-1
1554 2.32796852e-1 3.44608083e-1
1556 2.37350626e-1 3.70957741e-1
1558 2.42143143e-1 3.97784432e-1
1560 2.47188266e-1 4.25111412e-1
1562 2.52500949e-1 4.52963155e-1
1564 2.58097339e-1 4.81365430e-1
1566 2.63994885e-1 5.10345400e-1
1568 2.70212463e-1 5.39931715e-1
1570 2.76770514e-1 5.70154620e-1
1572 2.83691198e-1 6.01046069e-1
1574 2.90998562e-1 6.32639850e-1
1576 2.98718738e-1 6.64971713e-1
1578 3.06880149e-1 6.98079519e-1
1580 3.15513756e-1 7.32003390e-1
1582 3.24653325e-1 7.66785877e-1
1584 3.34335727e-1 8.02472140e-1
1586 3.44601288e-1 8.39110140e-1
1588 3.55494164e-1 8.76750846e-1
1590 3.67062788e-1 9.15448459e-1
1592 3.79360355e-1 9.55260651e-1
1594 3.92445390e-1 9.96248821e-1
1596 4.06382383e-1 1.03847836e+0
1598 4.21242514e-1 1.08201897e+0
1600 4.37104489e-1 1.12694491e+0
1602 4.54055487e-1 1.17333540e+0
1604 4.72192248e-1 1.22127488e+0
1606 4.91622333e-1 1.27085341e+0
1608 5.12465558e-1 1.32216700e+0
1610 5.34855666e-1 1.37531795e+0
1612 5.58942252e-1 1.43041521e+0
1614 5.84892996e-1 1.48757471e+0
1616 6.12896259e-1 1.54691957e+0
1618 6.43164107e-1 1.60858035e+0
1620 6.75935838e-1 1.67269511e+0
1622 7.11482105e-1 1.73940936e+0
1624 7.50109751e-1 1.80887569e+0
1626 7.92167476e-1 1.88125323e+0
1628 8.38052500e-1 1.95670650e+0
1630 8.88218413e-1 2.03540374e+0
1632 9.43184403e-1 2.11751433e+0
1634 1.00354614e+0 2.20320511e+0
1636 1.06998858e+0 2.29263503e+0
1638 1.14330103e+0 2.38594768e+0
1640 1.22439480e+0 2.48326088e+0
1642 1.31432380e+0 2.58465230e+0
1644 1.41430841e+0 2.69013960e+0
1646 1.52576276e+0 2.79965331e+0
1648 1.65032550e+0 2.91299981e+0
1650 1.78989347e+0 3.02981098e+0
1652 1.94665696e+0 3.14947603e+0
1654 2.12313399e+0 3.27104965e+0
1656 2.32219837e+0 3.39312903e+0
1658 2.54709300e+0 3.51369087e+0
1660 2.80141376e+0 3.62987831e+0
1662 3.08904054e+0 3.73772804e+0
1664 3.41397961e+0 3.83183194e+0
1666 3.78006420e+0 3.90493809e+0
1668 4.19044081e+0 3.94751999e+0
1670 4.64675157e+0 3.94738701e+0
1672 5.14792388e+0 3.88948363e+0
1674 5.68852479e+0 3.75613086e+0
1676 6.25677646e+0 3.52808153e+0
1678 6.83260568e+0 3.18681920e+0
1680 7.38651238e+0 2.71838540e+0
1682 7.88043154e+0 2.11848636e+0
1684 8.27174073e+0 1.39765817e+0
1686 8.52064652e+0 5.84241775e-1
1688 8.59932664e+0 -2.77239735e-1
1690 8.49940904e+0 -1.13315336e+0
1692 8.23430185e+0 -1.93129752e+0
1694 7.83521171e+0 -2.63081865e+0
1696 7.34288292e+0 -3.20782580e+0
1698 6.79875433e+0 -3.65558840e+0
1700 6.23850479e+0 -3.98078746e+0
1702 5.68900429e+0 -4.19829465e+0
1704 5.16808151e+0 -4.32643891e+0
1706 4.68590836e+0 -4.38365791e+0
1708 4.24694310e+0 -4.38659097e+0
1710 3.85178579e+0 -4.34927207e+0
1712 3.49866852e+0 -4.28301172e+0
1714 3.18453143e+0 -4.19663774e+0
1716 2.90574117e+0 -4.09687895e+0
1718 2.65853890e+0 -3.98877017e+0
1720 2.43929985e+0 -3.87602009e+0
1722 2.24466910e+0 -3.76132054e+0
1724 2.07162007e+0 -3.64659497e+0
1726 1.91746708e+0 -3.53319243e+0
1728 1.77985242e+0 -3.42203610e+0
1730 1.65672038e+0 -3.31373574e+0
1732 1.54628614e+0 -3.20867193e+0
1734 1.44700364e+0 -3.10705900e+0
1736 1.35753497e+0 -3.00899159e+0
1738 1.27672235e+0 -2.91447930e+0
1740 1.20356322e+0 -2.82347205e+0
1742 1.13718839e+0 -2.73587892e+0
1744 1.07684311e+0 -2.65158183e+0
1746 1.02187085e+0 -2.57044560e+0
1748 9.71699384e-1 -2.49232523e+0
1750 9.25828926e-1 -2.41707110e+0
1752 8.83822034e-1 -2.34453276e+0
1754 8.45295005e-1 -2.27456151e+0
1756 8.09910559e-1 -2.20701219e+0
1758 7.77371599e-1 -2.14174438e+0
1760 7.47415891e-1 -2.07862314e+0
1762 7.19811526e-1 -2.01751938e+0
1764 6.94353028e-1 -1.95831013e+0
1766 6.70858033e-1 -1.90087846e+0
1768 6.49164429e-1 -1.84511344e+0
1770 6.29127899e-1 -1.79090992e+0
1772 6.10619810e-1 -1.73816831e+0
1774 5.93525388e-1 -1.68679428e+0
1776 5.77742141e-1 -1.63669849e+0
1778 5.63178495e-1 -1.58779627e+0
1780 5.49752615e-1 -1.54000734e+0
1782 5.37391379e-1 -1.49325544e+0
1784 5.26029491e-1 -1.44746814e+0
1786 5.15608708e-1 -1.40257647e+0
1788 5.06077169e-1 -1.35851466e+0
1790 4.97388820e-1 -1.31521993e+0
1792 4.89502904e-1 -1.27263216e+0
1794 4.82383535e-1 -1.23069374e+0
1796 4.75999317e-1 -1.18934926e+0
1798 4.70323033e-1 -1.14854535e+0
1800 4.65331369e-1 -1.10823045e+0
1802 4.61004692e-1 -1.06835464e+0
1804 4.57326862e-1 -1.02886944e+0
1806 4.54285086e-1 -9.89727601e-1
1808 4.51869803e-1 -9.50883006e-1
1810 4.50074607e-1 -9.12290451e-1
1812 4.48896192e-1 -8.73905516e-1
1814 4.48334343e-1 -8.35684412e-1
1816 4.48391945e-1 -7.97583837e-1
1818 4.49075030e-1 -7.59560842e-1
1820 4.50392852e-1 -7.21572697e-1
1822 4.52357998e-1 -6.83576771e-1
1824 4.54986535e-1 -6.45530407e-1
1826 4.58298191e-1 -6.07390815e-1
1828 4.62316575e-1 -5.69114961e-1
1830 4.67069451e-1 -5.30659475e-1
1832 4.72589045e-1 -4.91980562e-1
1834 4.78912421e-1 -4.53033930e-1
1836 4.86081908e-1 -4.13774732e-1
1838 4.94145593e-1 -3.74157528e-1
1840 5.03157900e-1 -3.34136272e-1
1842 5.13180241e-1 -2.93664333e-1
1844 5.24281774e-1 -2.52694553e-1
1846 5.36540267e-1 -2.11179358e-1
1848 5.50043088e-1 -1.69070935e-1
1850 5.64888334e-1 -1.26321497e-1
1852 5.81186126e-1 -8.28836407e-2
1854 5.99060086e-1 -3.87108532e-2
1856 6.18649013e-1 6.24181781e-3
1858 6.40108805e-1 5.20168743e-2
1860 6.63614630e-1 9.86532025e-2
1862 6.89363395e-1 1.46184557e-1
1864 7.17576529e-1 1.94637597e-1
1866 7.48503108e-1 2.44029365e-1
1868 7.82423352e-1 2.94364038e-1
1870 8.19652475e-1 3.45628782e-1
1872 8.60544907e-1 3.97788455e-1
1874 9.05498798e-1 4.50778865e-1
1876 9.54960732e-1 5.04498204e-1
1878 1.00943044e+0 5.58796212e-1
1880 1.06946519e+0 6.13460501e-1
1882 1.13568337e+0 6.68199395e-1
1884 1.20876651e+0 7.22620511e-1
1886 1.28945848e+0 7.76204272e-1
1888 1.37856037e+0 8.28271490e-1
1890 1.47691851e+0 8.77944335e-1
1892 1.58540236e+0 9.24100333e-1
1894 1.70486787e+0 9.65319867e-1
1896 1.83610037e+0 9.99829068e-1
1898 1.97973025e+0 1.02544246e+0
1900 2.13611332e+0 1.03951351e+0
1902 2.30516895e+0 1.03890673e+0
1904 2.48617169e+0 1.02001217e+0
1906 2.67750054e+0 9.78831174e-1
1908 2.87636413e+0 9.11168719e-1
1910 3.07854322e+0 8.12967865e-1
1912 3.27822059e+0 6.80808394e-1
1914 3.46799594e+0 5.12556567e-1
1916 3.63919235e+0 3.08092723e-1
1918 3.78252975e+0 6.99679900e-2
1920 3.88915247e+0 -1.96218614e-1
1922 3.95186339e+0 -4.81929912e-1
1924 3.96628667e+0 -7.76395121e-1
1926 3.93163175e+0 -1.06783239e+0
1928 3.85081865e+0 -1.34491820e+0
1930 3.72992615e+0 -1.59813260e+0
1932 3.57714542e+0 -1.82066281e+0
1934 3.40155068e+0 -2.00872108e+0
1936 3.21199029e+0 -2.16132998e+0
1938 3.01629031e+0 -2.27975712e+0
1940 2.82082452e+0 -2.36681242e+0
1942 2.63040067e+0 -2.42617654e+0
1944 2.44836493e+0 -2.46185700e+0
1946 2.27682383e+0 -2.47780266e+0
1948 2.11690606e+0 -2.47766530e+0
1950 1.96901428e+0 -2.46467719e+0
1952 1.83304204e+0 -2.44160989e+0
1954 1.70854721e+0 -2.41078412e+0
1956 1.59488339e+0 -2.37410796e+0
1958 1.49129488e+0 -2.33312764e+0
1960 1.39698283e+0 -2.28908145e+0
1962 1.31114916e+0 -2.24295095e+0
1964 1.23302441e+0 -2.19550707e+0
1966 1.16188415e+0 -2.14734982e+0
1968 1.09705742e+0 -2.09894174e+0
1970 1.03793003e+0 -2.05063557e+0
1972 9.83944422e-1 -2.00269683e+0
1974 9.34597426e-1 -1.95532209e+0
1976 8.89436887e-1 -1.90865357e+0
1978 8.48057664e-1 -1.86279091e+0
1980 8.10097443e-1 -1.81780045e+0
1982 7.75232598e-1 -1.77372268e+0
1984 7.43174233e-1 -1.73057805e+0
1986 7.13664502e-1 -1.68837161e+0
1988 6.86473238e-1 -1.64709669e+0
1990 6.61394901e-1 -1.60673774e+0
1992 6.38245832e-1 -1.56727264e+0
1994 6.16861813e-1 -1.52867442e+0
1996 5.97095892e-1 -1.49091267e+0
1998 5.78816460e-1 -1.45395464e+0
2000 5.61905550e-1 -1.41776604e+0
2002 5.46257343e-1 -1.38231171e+0
2004 5.31776840e-1 -1.34755613e+0
2006 5.18378708e-1 -1.31346374e+0
2008 5.05986250e-1 -1.27999927e+0
2010 4.94530506e-1 -1.24712793e+0
2012 4.83949461e-1 -1.21481556e+0
2014 4.74187347e-1 -1.18302869e+0
2016 4.65194032e-1 -1.15173467e+0
2018 4.56924475e-1 -1.12090163e+0
2020 4.49338254e-1 -1.09049856e+0
2022 4.42399147e-1 -1.06049526e+0
2024 4.36074767e-1 -1.03086234e+0
2026 4.30336241e-1 -1.00157116e+0
2028 4.25157923e-1 -9.72593847e-1
2030 4.20517154e-1 -9.43903212e-1
2032 4.16394046e-1 -9.15472713e-1
2034 4.12771296e-1 -8.87276412e-1
2036 4.09634029e-1 -8.59288916e-1
2038 4.06969664e-1 -8.31485329e-1
2040 4.04767798e-1 -8.03841200e-1
2042 4.03020113e-1 -7.76332464e-1
2044 4.01720310e-1 -7.48935395e-1
2046 4.00864042e-1 -7.21626551e-1
2048 4.00448883e-1 -6.94382721e-1
2050 4.00474306e-1 -6.67180879e-1
2052 4.00941673e-1 -6.39998127e-1
2054 4.01854246e-1 -6.12811654e-1
2056 4.03217218e-1 -5.85598686e-1
2058 4.05037750e-1 -5.58336443e-1
2060 4.07325035e-1 -5.31002096e-1
2062 4.10090372e-1 -5.03572729e-1
2064 4.13347266e-1 -4.76025305e-1
2066 4.17111541e-1 -4.48336628e-1
2068 4.21401479e-1 -4.20483323e-1
2070 4.26237979e-1 -3.92441814e-1
2072 4.31644747e-1 -3.64188308e-1
2074 4.37648503e-1 -3.35698793e-1
2076 4.44279230e-1 -3.06949043e-1
2078 4.51570450e-1 -2.77914640e-1
2080 4.59559535e-1 -2.48571010e-1
2082 4.68288069e-1 -2.18893480e-1
2084 4.77802246e-1 -1.88857362e-1
2086 4.88153324e-1 -1.58438065e-1
2088 4.99398135e-1 -1.27611248e-1
2090 5.11599661e-1 -9.63530157e-2
2092 5.24827675e-1 -6.46401791e-2
2094 5.39159463e-1 -3.24505792e-2
2096 5.54680638e-1 2.36497521e-4
2098 5.71486040e-1 3.34397977e-2
2100 5.89680743e-1 6.71754477e-2
2102 6.09381178e-1 1.01456138e-1
2104 6.30716369e-1 1.36290107e-1
2106 6.53829299e-1 1.71679884e-1
2108 6.78878404e-1 2.07620726e-1
2110 7.06039185e-1 2.44098686e-1
2112 7.35505950e-1 2.81088238e-1
2114 7.67493631e-1 3.18549333e-1
2116 8.02239666e-1 3.56423798e-1
2118 8.40005873e-1 3.94630903e-1
2120 8.81080202e-1 4.33061945e-1
2122 9.25778246e-1 4.71573643e-1
2124 9.74444266e-1 5.09980106e-1
2126 1.02745146e+0 5.48043152e-1
2128 1.08520098e+0 5.85460684e-1
2130 1.14811921e+0 6.21852896e-1
2132 1.21665242e+0 6.56746090e-1
2134 1.29125770e+0 6.89554023e-1
2136 1.37238894e+0 7.19556914e-1
2138 1.46047599e+0 7.45878599e-1
2140 1.55589494e+0 7.67462931e-1
2142 1.65892718e+0 7.83051410e-1
2144 1.76970476e+0 7.91165284e-1
2146 1.88813998e+0 7.90097098e-1
2148 2.01383814e+0 7.77918708e-1
2150 2.14599506e+0 7.52515081e-1
2152 2.28328452e+0 7.11655012e-1
2154 2.42374729e+0 6.53110408e-1
2156 2.56470083e+0 5.74833343e-1
2158 2.70269743e+0 4.75192944e-1
2160 2.83356454e+0 3.53260838e-1
2162 2.95256069e+0 2.09114642e-1
2164 3.05466793e+0 4.41072707e-2
2166 3.13501525e+0 -1.38966423e-1
2168 3.18938846e+0 -3.35874537e-1
2170 3.21474257e+0 -5.41169075e-1
2172 3.20961019e+0 -7.48619040e-1
2174 3.17430843e+0 -9.51792507e-1
2176 3.11089156e+0 -1.14467801e+0
2178 3.02286201e+0 -1.32222276e+0
2180 2.91471235e+0 -1.48069232e+0
2182 2.79140337e+0 -1.61781036e+0
2184 2.65787922e+0 -1.73269468e+0
2186 2.51868971e+0 -1.82564606e+0
2188 2.37774909e+0 -1.89786066e+0
2190 2.23822539e+0 -1.95112974e+0
2192 2.10253343e+0 -1.98757075e+0
2194 1.97239700e+0 -2.00941259e+0
2196 1.84894839e+0 -2.01884075e+0
2198 1.73284071e+0 -2.01789708e+0
2200 1.62435693e+0 -2.00842362e+0
2202 1.52350657e+0 -1.99203909e+0
2204 1.43010630e+0 -1.97013739e+0
2206 1.34384423e+0 -1.94389977e+0
2208 1.26432908e+0 -1.91431440e+0
2210 1.19112675e+0 -1.88219916e+0
2212 1.12378652e+0 -1.84822482e+0
2214 1.06185923e+0 -1.81293709e+0
2216 1.00490949e+0 -1.77677658e+0
2218 9.52523198e-1 -1.74009645e+0
2220 9.04312027e-1 -1.70317755e+0
2222 8.59915478e-1 -1.66624134e+0
2224 8.19001431e-1 -1.62946075e+0
2226 7.81265639e-1 -1.59296917e+0
2228 7.46430558e-1 -1.55686789e+0
2230 7.14243781e-1 -1.52123230e+0
2232 6.84476275e-1 -1.48611686e+0
2234 6.56920537e-1 -1.45155926e+0
2236 6.31388760e-1 -1.41758374e+0
2238 6.07711068e-1 -1.38420383e+0
2240 5.85733839e-1 -1.35142458e+0
2242 5.65318155e-1 -1.31924436e+0
2244 5.46338365e-1 -1.28765627e+0
2246 5.28680778e-1 -1.25664938e+0
2248 5.12242473e-1 -1.22620965e+0
2250 4.96930224e-1 -1.19632069e+0
2252 4.82659535e-1 -1.16696439e+0
2254 4.69353765e-1 -1.13812141e+0
2256 4.56943353e-1 -1.10977156e+0
2258 4.45365118e-1 -1.08189412e+0
2260 4.34561632e-1 -1.05446811e+0
2262 4.24480664e-1 -1.02747243e+0
2264 4.15074680e-1 -1.00088608e+0
2266 4.06300394e-1 -9.74688197e-1
2268 3.98118372e-1 -9.48858215e-1
2270 3.90492674e-1 -9.23375874e-1
2272 3.83390536e-1 -8.98221289e-1
2274 3.76782084e-1 -8.73374977e-1
2276 3.70640080e-1 -8.48817870e-1
2278 3.64939691e-1 -8.24531325e-1
2280 3.59658290e-1 -8.00497124e-1
2282 3.54775269e-1 -7.76697467e-1
2284 3.50271878e-1 -7.53114960e-1
2286 3.46131078e-1 -7.29732603e-1
2288 3.42337409e-1 -7.06533767e-1
2290 3.38876878e-1 -6.83502179e-1
2292 3.35736847e-1 -6.60621895e-1
2294 3.32905950e-1 -6.37877279e-1
2296 3.30374000e-1 -6.15252977e-1
2298 3.28131926e-1 -5.92733896e-1
2300 3.26171700e-1 -5.70305170e-1
2302 3.24486285e-1 -5.47952141e-1
2304 3.23069584e-1 -5.25660329e-1
2306 3.21916397e-1 -5.03415407e-1
2308 3.21022385e-1 -4.81203173e-1
2310 3.20384037e-1 -4.59009523e-1
2312 3.19998648e-1 -4.36820424e-1
2314 3.19864294e-1 -4.14621889e-1
2316 3.19979820e-1 -3.92399946e-1
2318 3.20344829e-1 -3.70140615e-1
2320 3.20959674e-1 -3.47829878e-1
2322 3.21825460e-1 -3.25453651e-1
2324 3.22944042e-1 -3.02997758e-1
2326 3.24318040e-1 -2.80447902e-1
2328 3.25950842e-1 -2.57789639e-1
2330 3.27846630e-1 -2.35008344e-1
2332 3.30010395e-1 -2.12089188e-1
2334 3.32447968e-1 -1.89017105e-1
2336 3.35166049e-1 -1.65776761e-1
2338 3.38172247e-1 -1.42352530e-1
2340 3.41475124e-1 -1.18728456e-1
2342 3.45084239e-1 -9.48882254e-2
2344 3.49010215e-1 -7.08151344e-2
2346 3.53264792e-1 -4.64920573e-2
2348 3.57860907e-1 -2.19014135e-2
2350 3.62812770e-1 2.97486540e-3
2352 3.68135958e-1 2.81553684e-2
2354 3.73847510e-1 5.36592382e-2
2356 3.79966045e-1 7.95062046e-2
2358 3.86511883e-1 1.05716616e-1
2360 3.93507188e-1 1.32311472e-1
2362 4.00976115e-1 1.59312453e-1
2364 4.08944988e-1 1.86741949e-1
2366 4.17442491e-1 2.14623084e-1
2368 4.26499875e-1 2.42979740e-1
2370 4.36151200e-1 2.71836576e-1
2372 4.46433592e-1 3.01219036e-1
2374 4.57387541e-1 3.31153355e-1
2376 4.69057223e-1 3.61666554e-1
2378 4.81490866e-1 3.92786420e-1
2380 4.94741152e-1 4.24541475e-1
2382 5.08865670e-1 4.56960918e-1
2384 5.23927420e-1 4.90074555e-1
2386 5.39995377e-1 5.23912686e-1
2388 5.57145117e-1 5.58505963e-1
2390 5.75459518e-1 5.93885199e-1
2392 5.95029549e-1 6.30081125e-1
2394 6.15955140e-1 6.67124067e-1
2396 6.38346163e-1 7.05043553e-1
2398 6.62323518e-1 7.43867799e-1
2400 6.88020352e-1 7.83623073e-1
2402 7.15583405e-1 8.24332905e-1
2404 7.45174515e-1 8.66017090e-1
2406 7.76972273e-1 9.08690460e-1
2408 8.11173851e-1 9.52361362e-1
2410 8.47997016e-1 9.97029771e-1
2412 8.87682305e-1 1.04268497e+0
2414 9.30495391e-1 1.08930267e+0
2416 9.76729593e-1 1.13684153e+0
2418 1.02670851e+0 1.18523878e+0
2420 1.08078873e+0 1.23440497e+0
2422 1.13936246e+0 1.28421747e+0
2424 1.20286005e+0 1.33451259e+0
2426 1.27175205e+0 1.38507601e+0
2428 1.34655060e+0 1.43563116e+0
2430 1.42780967e+0 1.48582533e+0
2432 1.51612357e+0 1.53521297e+0
2434 1.61212283e+0 1.58323611e+0
2436 1.71646647e+0 1.62920133e+0
2438 1.82982898e+0 1.67225347e+0
2440 1.95288043e+0 1.71134609e+0
2442 2.08625706e+0 1.74520954e+0
2444 2.23051970e+0 1.77231800e+0
2446 2.38609689e+0 1.79085837e+0
2448 2.55320931e+0 1.79870523e+0
2450 2.73177294e+0 1.79340851e+0
2452 2.92127952e+0 1.77220326e+0
2454 3.12065622e+0 1.73205346e+0
2456 3.32811127e+0 1.66974469e+0
2458 3.54097998e+0 1.58204086e+0
2460 3.75559576e+0 1.46591738e+0
2462 3.96722091e+0 1.31887488e+0
2464 4.17008096e+0 1.13932118e+0
2466 4.35754657e+0 9.26985496e-1
2468 4.52249430e+0 6.83301499e-1
2470 4.65784635e+0 4.11673073e-1
2472 4.75724277e+0 1.17531334e-1
2474 4.81574805e+0 -1.91884674e-1
2476 4.83045859e+0 -5.08036316e-1
2478 4.80087774e+0 -8.21821821e-1
2480 4.72896964e+0 -1.12441399e+0
2482 4.61888020e+0 -1.40804157e+0
2484 4.47639493e+0 -1.66657509e+0
2486 4.30825781e+0 -1.89583680e+0
2488 4.12148728e+0 -2.09362790e+0
2490 3.92279787e+0 -2.25952716e+0
2492 3.71818781e+0 -2.39454695e+0
2494 3.51270443e+0 -2.50073434e+0
2496 3.31036426e+0 -2.58078625e+0
2498 3.11418726e+0 -2.63772157e+0
2500 2.92630243e+0 -2.67462830e+0
2502 2.74808781e+0 -2.69448632e+0
2504 2.58031854e+0 -2.70005590e+0
2506 2.42330597e+0 -2.69381786e+0
2508 2.27701910e+0 -2.67795132e+0
2510 2.14118514e+0 -2.65433641e+0
2512 2.01536939e+0 -2.62457248e+0
2514 1.89903669e+0 -2.59000439e+0
2516 1.79159709e+0 -2.55175235e+0
2518 1.69243903e+0 -2.51074181e+0
2520 1.60095251e+0 -2.46773193e+0
2522 1.51654479e+0 -2.42334129e+0
2524 1.43865036e+0 -2.37807071e+0
2526 1.36673694e+0 -2.33232304e+0
2528 1.30030846e+0 -2.28642000e+0
2530 1.23890601e+0 -2.24061647e+0
2532 1.18210748e+0 -2.19511244e+0
2534 1.12952616e+0 -2.15006298e+0
2536 1.08080896e+0 -2.10558653e+0
2538 1.03563418e+0 -2.06177170e+0
2540 9.93709229e-1 -2.01868289e+0
2542 9.54768283e-1 -1.97636494e+0
2544 9.18570016e-1 -1.93484691e+0
2546 8.84895436e-1 -1.89414520e+0
2548 8.53545848e-1 -1.85426608e+0
2550 8.24340964e-1 -1.81520776e+0
2552 7.97117171e-1 -1.77696210e+0
2554 7.71725942e-1 -1.73951602e+0
2556 7.48032394e-1 -1.70285256e+0
2558 7.25913983e-1 -1.66695185e+0
2560 7.05259322e-1 -1.63179185e+0
2562 6.85967124e-1 -1.59734889e+0
2564 6.67945244e-1 -1.56359824e+0
2566 6.51109820e-1 -1.53051443e+0
2568 6.35384505e-1 -1.49807160e+0
2570 6.20699779e-1 -1.46624372e+0
2572 6.06992326e-1 -1.43500482e+0
2574 5.94204485e-1 -1.40432908e+0
2576 5.82283753e-1 -1.37419102e+0
2578 5.71182340e-1 -1.34456556e+0
2580 5.60856775e-1 -1.31542806e+0
2582 5.51267550e-1 -1.28675439e+0
2584 5.42378805e-1 -1.25852098e+0
2586 5.34158040e-1 -1.23070479e+0
2588 5.26575873e-1 -1.20328340e+0
2590 5.19605806e-1 -1.17623491e+0
2592 5.13224034e-1 -1.14953802e+0
2594 5.07409263e-1 -1.12317200e+0
2596 5.02142560e-1 -1.09711665e+0
2598 4.97407215e-1 -1.07135232e+0
2600 4.93188621e-1 -1.04585988e+0
2602 4.89474175e-1 -1.02062073e+0
2604 4.86253186e-1 -9.95616729e-1
2606 4.83516810e-1 -9.70830239e-1
2608 4.81257981e-1 -9.46244074e-1
2610 4.79471371e-1 -9.21841505e-1
2612 4.78153348e-1 -8.97606241e-1
2614 4.77301959e-1 -8.73522424e-1
2616 4.76916912e-1 -8.49574623e-1
2618 4.76999577e-1 -8.25747834e-1
2620 4.77552993e-1 -8.02027480e-1
2622 4.78581891e-1 -7.78399422e-1
2624 4.80092721e-1 -7.54849968e-1
2626 4.82093695e-1 -7.31365894e-1
2628 4.84594841e-1 -7.07934475e-1
2630 4.87608066e-1 -6.84543512e-1
2632 4.91147229e-1 -6.61181385e-1
2634 4.95228234e-1 -6.37837106e-1
2636 4.99869125e-1 -6.14500390e-1
2638 5.05090199e-1 -5.91161739e-1
2640 5.10914138e-1 -5.67812545e-1
2642 5.17366139e-1 -5.44445215e-1
2644 5.24474075e-1 -5.21053312e-1
2646 5.32268657e-1 -4.97631738e-1
2648 5.40783615e-1 -4.74176931e-1
2650 5.50055895e-1 -4.50687111e-1
2652 5.60125862e-1 -4.27162567e-1
2654 5.71037519e-1 -4.03605986e-1
2656 5.82838731e-1 -3.80022851e-1
2658 5.95581463e-1 -3.56421893e-1
2660 6.09322009e-1 -3.32815629e-1
2662 6.24121221e-1 -3.09220978e-1
2664 6.40044731e-1 -2.85659987e-1
2666 6.57163140e-1 -2.62160669e-1
2668 6.75552174e-1 -2.38757965e-1
2670 6.95292781e-1 -2.15494866e-1
2672 7.16471151e-1 -1.92423695e-1
2674 7.39178616e-1 -1.69607571e-1
2676 7.63511407e-1 -1.47122091e-1
2678 7.89570201e-1 -1.25057216e-1
2680 8.17459408e-1 -1.03519404e-1
2682 8.47286122e-1 -8.26339834e-2
2684 8.79158631e-1 -6.25477601e-2
2686 9.13184391e-1 -4.34318506e-2
2688 9.49467322e-1 -2.54846907e-2
2690 9.88104281e-1 -8.93515027e-3
2692 1.02918054e+0 5.95436443e-3
2694 1.07276411e+0 1.88849955e-2
2696 1.11889865e+0 2.95189556e-2
2698 1.16759499e+0 3.74778276e-2
2700 1.21882087e+0 4.23420944e-2
2702 1.27248912e+0 4.36524675e-2
2704 1.32844426e+0 4.09137135e-2
2706 1.38644786e+0 3.36017808e-2
2708 1.44616332e+0 2.11750986e-2
2710 1.50714098e+0 3.09089638e-3
2712 1.56880507e+0 -2.11727610e-2
2714 1.63044441e+0 -5.20888807e-2
2716 1.69120911e+0 -9.00476479e-2
2718 1.75011602e+0 -1.35317855e-1
2720 1.80606534e+0 -1.88005890e-1
2722 1.85787039e+0 -2.48015756e-1
2724 1.90430149e+0 -3.15014726e-1
2726 1.94414294e+0 -3.88409979e-1
2728 1.97625989e+0 -4.67341528e-1
2730 1.99966972e+0 -5.50695659e-1
2732 2.01361037e+0 -6.37140940e-1
2734 2.01759750e+0 -7.25185720e-1
2736 2.01146275e+0 -8.13252633e-1
2738 1.99536766e+0 -8.99762650e-1
2740 1.96979108e+0 -9.83219427e-1
2742 1.93549212e+0 -1.06228465e+0
2744 1.89345358e+0 -1.13583673e+0
2746 1.84481371e+0 -1.20300809e+0
2748 1.79079447e+0 -1.26319979e+0
2750 1.73263386e+0 -1.31607529e+0
2752 1.67152797e+0 -1.36153760e+0
2754 1.60858618e+0 -1.39969491e+0
2756 1.54480047e+0 -1.43082047e+0
2758 1.48102820e+0 -1.45531102e+0
2760 1.41798630e+0 -1.47364767e+0
2762 1.35625433e+0 -1.48636140e+0
2764 1.29628385e+0 -1.49400445e+0
2766 1.23841157e+0 -1.49712777e+0
2768 1.18287452e+0 -1.49626441e+0
2770 1.12982547e+0 -1.49191797e+0
2772 1.07934792e+0 -1.48455531e+0
2774 1.03146970e+0 -1.47460268e+0
2776 9.86175073e-1 -1.46244439e+0
2778 9.43415140e-1 -1.44842330e+0
2780 9.03116511e-1 -1.43284262e+0
2782 8.65188501e-1 -1.41596845e+0
2784 8.29528895e-1 -1.39803280e+0
2786 7.96028540e-1 -1.37923675e+0
2788 7.64574906e-1 -1.35975371e+0
2790 7.35054818e-1 -1.33973244e+0
2792 7.07356484e-1 -1.31930001e+0
2794 6.81370988e-1 -1.29856448e+0
2796 6.56993328e-1 -1.27761725e+0
2798 6.34123115e-1 -1.25653534e+0
2800 6.12665005e-1 -1.23538325e+0
2802 5.92528923e-1 -1.21421472e+0
2804 5.73630138e-1 -1.19307418e+0
2806 5.55889225e-1 -1.17199811e+0
2808 5.39231939e-1 -1.15101614e+0
2810 5.23589042e-1 -1.13015204e+0
2812 5.08896083e-1 -1.10942461e+0
2814 4.95093160e-1 -1.08884837e+0
2816 4.82124670e-1 -1.06843420e+0
2818 4.69939049e-1 -1.04818992e+0
2820 4.58488524e-1 -1.02812071e+0
2822 4.47728862e-1 -1.00822954e+0
2824 4.37619130e-1 -9.88517511e-1
2826 4.28121470e-1 -9.68984132e-1
2828 4.19200882e-1 -9.49627585e-1
2830 4.10825025e-1 -9.30444933e-1
2832 4.02964021e-1 -9.11432304e-1
2834 3.95590285e-1 -8.92585041e-1
2836 3.88678358e-1 -8.73897841e-1
2838 3.82204757e-1 -8.55364860e-1
2840 3.76147835e-1 -8.36979809e-1
2842 3.70487651e-1 -8.18736038e-1
2844 3.65205854e-1 -8.00626596e-1
2846 3.60285574e-1 -7.82644290e-1
2848 3.55711325e-1 -7.64781734e-1
2850 3.51468909e-1 -7.47031384e-1
2852 3.47545341e-1 -7.29385572e-1
2854 3.43928768e-1 -7.11836531e-1
2856 3.40608408e-1 -6.94376415e-1
2858 3.37574479e-1 -6.76997318e-1
2860 3.34818155e-1 -6.59691284e-1
2862 3.32331508e-1 -6.42450318e-1
2864 3.30107467e-1 -6.25266391e-1
2866 3.28139781e-1 -6.08131446e-1
2868 3.26422981e-1 -5.91037399e-1
2870 3.24952351e-1 -5.73976142e-1
2872 3.23723903e-1 -5.56939537e-1
2874 3.22734357e-1 -5.39919418e-1
2876 3.21981121e-1 -5.22907586e-1
2878 3.21462274e-1 -5.05895804e-1
2880 3.21176565e-1 -4.88875795e-1
2882 3.21123397e-1 -4.71839229e-1
2884 3.21302827e-1 -4.54777725e-1
2886 3.21715569e-1 -4.37682839e-1
2888 3.22362995e-1 -4.20546059e-1
2890 3.23247143e-1 -4.03358795e-1
2892 3.24370728e-1 -3.86112375e-1
2894 3.25737158e-1 -3.68798036e-1
2896 3.27350552e-1 -3.51406915e-1
2898 3.29215762e-1 -3.33930045e-1
2900 3.31338404e-1 -3.16358346e-1
2902 3.33724881e-1 -2.98682620e-1
2904 3.36382430e-1 -2.80893544e-1
2906 3.39319155e-1 -2.62981667e-1
2908 3.42544076e-1 -2.44937404e-1
2910 3.46067183e-1 -2.26751036e-1
2912 3.49899492e-1 -2.08412711e-1
2914 3.54053114e-1 -1.89912439e-1
2916 3.58541322e-1 -1.71240104e-1
2918 3.63378638e-1 -1.52385465e-1
2920 3.68580916e-1 -1.33338170e-1
2922 3.74165445e-1 -1.14087769e-1
2924 3.80151056e-1 -9.46237341e-2
2926 3.86558241e-1 -7.49354853e-2
2928 3.93409288e-1 -5.50124243e-2
2930 4.00728424e-1 -3.48439755e-2
2932 4.08541974e-1 -1.44196376e-2
2934 4.16878542e-1 6.27095237e-3
2936 4.25769197e-1 2.72379410e-2
2938 4.35247692e-1 4.84911639e-2
2940 4.45350690e-1 7.00400307e-2
2942 4.56118024e-1 9.18933863e-2
2944 4.67592970e-1 1.14059345e-1
2946 4.79822556e-1 1.36545089e-1
2948 4.92857885e-1 1.59356631e-1
2950 5.06754503e-1 1.82498529e-1
2952 5.21572779e-1 2.05973544e-1
2954 5.37378333e-1 2.29782234e-1
2956 5.54242477e-1 2.53922476e-1
2958 5.72242702e-1 2.78388888e-1
2960 5.91463181e-1 3.03172151e-1
2962 6.11995303e-1 3.28258208e-1
2964 6.33938219e-1 3.53627301e-1
2966 6.57399405e-1 3.79252855e-1
2968 6.82495204e-1 4.05100141e-1
2970 7.09351358e-1 4.31124710e-1
2972 7.38103476e-1 4.57270555e-1
2974 7.68897412e-1 4.83467950e-1
2976 8.01889504e-1 5.09630929e-1
2978 8.37246605e-1 5.35654349e-1
2980 8.75145811e-1 5.61410493e-1
2982 9.15773787e-1 5.86745160e-1
2984 9.59325535e-1 6.11473198e-1
2986 1.00600242e+0 6.35373459e-1
2988 1.05600924e+0 6.58183164e-1
2990 1.10955003e+0 6.79591728e-1
2992 1.16682230e+0 6.99234132e-1
2994 1.22800927e+0 7.16684036e-1
2996 1.29326974e+0 7.31446953e-1
2998 1.36272498e+0 7.42953961e-1
3000 1.43644237e+0 7.50556674e-1
