#Note:B; Temperature:25Â°C
#f[Hz] Re(Z/Zc) Im(Z/Zc)
20 6.13195123e+0 -3.37701934e+1
22 5.33288045e+0 -3.09737266e+1
24 4.69404945e+0 -2.86099078e+1
26 4.17372406e+0 -2.65848639e+1
28 3.74320094e+0 -2.48301271e+1
30 3.38214991e+0 -2.32945722e+1
32 3.07580625e+0 -2.19392430e+1
34 2.81321317e+0 -2.07339280e+1
36 2.58608531e+0 -1.96548326e+1
38 2.38805291e+0 -1.86829575e+1
40 2.21414654e+0 -1.78029462e+1
42 2.06043811e+0 -1.70022505e+1
44 1.92378587e+0 -1.62705148e+1
46 1.80165013e+0 -1.55991168e+1
48 1.69195791e+0 -1.49808182e+1
50 1.59300219e+0 -1.44094975e+1
52 1.50336587e+0 -1.38799422e+1
54 1.42186377e+0 -1.33876855e+1
56 1.34749785e+0 -1.29288777e+1
58 1.27942226e+0 -1.25001825e+1
60 1.21691595e+0 -1.20986945e+1
62 1.15936082e+0 -1.17218713e+1
64 1.10622434e+0 -1.13674787e+1
66 1.05704546e+0 -1.10335449e+1
68 1.01142325e+0 -1.07183236e+1
70 9.69007562e-1 -1.04202619e+1
72 9.29491388e-1 -1.01379748e+1
74 8.92604539e-1 -9.87022267e+0
76 8.58108378e-1 -9.61589284e+0
78 8.25791433e-1 -9.37398362e+0
80 7.95465710e-1 -9.14359080e+0
82 7.66963578e-1 -8.92389607e+0
84 7.40135140e-1 -8.71415702e+0
86 7.14845990e-1 -8.51369852e+0
88 6.90975299e-1 -8.32190527e+0
90 6.68414176e-1 -8.13821527e+0
92 6.47064255e-1 -7.96211421e+0
94 6.26836479e-1 -7.79313046e+0
96 6.07650045e-1 -7.63083075e+0
98 5.89431485e-1 -7.47481635e+0
100 5.72113873e-1 -7.32471965e+0
102 5.55636121e-1 -7.18020120e+0
104 5.39942370e-1 -7.04094708e+0
106 5.24981456e-1 -6.90666650e+0
108 5.10706433e-1 -6.77708972e+0
110 4.97074156e-1 -6.65196620e+0
112 4.84044913e-1 -6.53106286e+0
114 4.71582094e-1 -6.41416265e+0
116 4.59651903e-1 -6.30106314e+0
118 4.48223096e-1 -6.19157533e+0
120 4.37266751e-1 -6.08552256e+0
122 4.26756057e-1 -5.98273949e+0
124 4.16666134e-1 -5.88307123e+0
126 4.06973861e-1 -5.78637251e+0
128 3.97657727e-1 -5.69250696e+0
130 3.88697699e-1 -5.60134642e+0
132 3.80075097e-1 -5.51277033e+0
134 3.71772486e-1 -5.42666519e+0
136 3.63773572e-1 -5.34292403e+0
138 3.56063117e-1 -5.26144596e+0
140 3.48626855e-1 -5.18213575e+0
142 3.41451416e-1 -5.10490340e+0
144 3.34524258e-1 -5.02966383e+0
146 3.27833606e-1 -4.95633652e+0
148 3.21368398e-1 -4.88484521e+0
150 3.15118229e-1 -4.81511764e+0
152 3.09073304e-1 -4.74708527e+0
154 3.03224399e-1 -4.68068304e+0
156 2.97562817e-1 -4.61584918e+0
158 2.92080352e-1 -4.55252496e+0
160 2.86769258e-1 -4.49065455e+0
162 2.81622215e-1 -4.43018481e+0
164 2.76632304e-1 -4.37106515e+0
166 2.71792976e-1 -4.31324737e+0
168 2.67098032e-1 -4.25668549e+0
170 2.62541600e-1 -4.20133570e+0
172 2.58118112e-1 -4.14715614e+0
174 2.53822288e-1 -4.09410687e+0
176 2.49649113e-1 -4.04214971e+0
178 2.45593829e-1 -3.99124816e+0
180 2.41651910e-1 -3.94136732e+0
182 2.37819057e-1 -3.89247379e+0
184 2.34091176e-1 -3.84453558e+0
186 2.30464373e-1 -3.79752207e+0
188 2.26934938e-1 -3.75140389e+0
190 2.23499338e-1 -3.70615290e+0
192 2.20154203e-1 -3.66174210e+0
194 2.16896320e-1 -3.61814558e+0
196 2.13722621e-1 -3.57533845e+0
198 2.10630180e-1 -3.53329684e+0
200 2.07616199e-1 -3.49199778e+0
202 2.04678008e-1 -3.45141920e+0
204 2.01813051e-1 -3.41153988e+0
206 1.99018886e-1 -3.37233939e+0
208 1.96293175e-1 -3.33379810e+0
210 1.93633680e-1 -3.29589707e+0
212 1.91038259e-1 -3.25861808e+0
214 1.88504860e-1 -3.22194357e+0
216 1.86031515e-1 -3.18585662e+0
218 1.83616338e-1 -3.15034091e+0
220 1.81257521e-1 -3.11538069e+0
222 1.78953329e-1 -3.08096078e+0
224 1.76702096e-1 -3.04706651e+0
226 1.74502224e-1 -3.01368372e+0
228 1.72352176e-1 -2.98079875e+0
230 1.70250478e-1 -2.94839838e+0
232 1.68195711e-1 -2.91646983e+0
234 1.66186513e-1 -2.88500077e+0
236 1.64221573e-1 -2.85397925e+0
238 1.62299629e-1 -2.82339372e+0
240 1.60419469e-1 -2.79323300e+0
242 1.58579924e-1 -2.76348628e+0
244 1.56779870e-1 -2.73414306e+0
246 1.55018225e-1 -2.70519320e+0
248 1.53293945e-1 -2.67662686e+0
250 1.51606024e-1 -2.64843452e+0
252 1.49953495e-1 -2.62060694e+0
254 1.48335422e-1 -2.59313515e+0
256 1.46750905e-1 -2.56601046e+0
258 1.45199076e-1 -2.53922444e+0
260 1.43679095e-1 -2.51276891e+0
262 1.42190155e-1 -2.48663592e+0
264 1.40731474e-1 -2.46081775e+0
266 1.39302298e-1 -2.43530691e+0
268 1.37901900e-1 -2.41009612e+0
270 1.36529577e-1 -2.38517831e+0
272 1.35184649e-1 -2.36054659e+0
274 1.33866460e-1 -2.33619427e+0
276 1.32574376e-1 -2.31211486e+0
278 1.31307785e-1 -2.28830202e+0
280 1.30066093e-1 -2.26474959e+0
282 1.28848727e-1 -2.24145158e+0
284 1.27655134e-1 -2.21840217e+0
286 1.26484778e-1 -2.19559565e+0
288 1.25337140e-1 -2.17302650e+0
290 1.24211718e-1 -2.15068932e+0
292 1.23108029e-1 -2.12857887e+0
294 1.22025601e-1 -2.10669000e+0
296 1.20963980e-1 -2.08501774e+0
298 1.19922727e-1 -2.06355720e+0
300 1.18901415e-1 -2.04230364e+0
302 1.17899632e-1 -2.02125241e+0
304 1.16916980e-1 -2.00039899e+0
306 1.15953071e-1 -1.97973896e+0
308 1.15007531e-1 -1.95926801e+0
310 1.14079998e-1 -1.93898192e+0
312 1.13170121e-1 -1.91887657e+0
314 1.12277560e-1 -1.89894794e+0
316 1.11401984e-1 -1.87919210e+0
318 1.10543077e-1 -1.85960520e+0
320 1.09700528e-1 -1.84018348e+0
322 1.08874038e-1 -1.82092326e+0
324 1.08063319e-1 -1.80182094e+0
326 1.07268088e-1 -1.78287300e+0
328 1.06488075e-1 -1.76407599e+0
330 1.05723016e-1 -1.74542654e+0
332 1.04972656e-1 -1.72692134e+0
334 1.04236748e-1 -1.70855714e+0
336 1.03515055e-1 -1.69033077e+0
338 1.02807344e-1 -1.67223913e+0
340 1.02113391e-1 -1.65427915e+0
342 1.01432981e-1 -1.63644785e+0
344 1.00765903e-1 -1.61874228e+0
346 1.00111955e-1 -1.60115958e+0
348 9.94709400e-2 -1.58369691e+0
350 9.88426695e-2 -1.56635149e+0
352 9.82269598e-2 -1.54912060e+0
354 9.76236338e-2 -1.53200156e+0
356 9.70325205e-2 -1.51499174e+0
358 9.64534548e-2 -1.49808856e+0
360 9.58862771e-2 -1.48128946e+0
362 9.53308336e-2 -1.46459194e+0
364 9.47869761e-2 -1.44799356e+0
366 9.42545614e-2 -1.43149187e+0
368 9.37334520e-2 -1.41508451e+0
370 9.32235151e-2 -1.39876912e+0
372 9.27246234e-2 -1.38254340e+0
374 9.22366542e-2 -1.36640505e+0
376 9.17594897e-2 -1.35035185e+0
378 9.12930171e-2 -1.33438157e+0
380 9.08371281e-2 -1.31849203e+0
382 9.03917189e-2 -1.30268107e+0
384 8.99566904e-2 -1.28694658e+0
386 8.95319481e-2 -1.27128645e+0
388 8.91174015e-2 -1.25569861e+0
390 8.87129647e-2 -1.24018102e+0
392 8.83185562e-2 -1.22473165e+0
394 8.79340984e-2 -1.20934849e+0
396 8.75595182e-2 -1.19402958e+0
398 8.71947463e-2 -1.17877295e+0
400 8.68397178e-2 -1.16357666e+0
402 8.64943716e-2 -1.14843881e+0
404 8.61586509e-2 -1.13335749e+0
406 8.58325026e-2 -1.11833081e+0
408 8.55158777e-2 -1.10335692e+0
410 8.52087312e-2 -1.08843396e+0
412 8.49110219e-2 -1.07356011e+0
414 8.46227125e-2 -1.05873353e+0
416 8.43437697e-2 -1.04395242e+0
418 8.40741641e-2 -1.02921499e+0
420 8.38138700e-2 -1.01451945e+0
422 8.35628657e-2 -9.99864026e-1
424 8.33211333e-2 -9.85246964e-1
426 8.30886589e-2 -9.70666505e-1
428 8.28654323e-2 -9.56120905e-1
430 8.26514475e-2 -9.41608426e-1
432 8.24467022e-2 -9.27127337e-1
434 8.22511980e-2 -9.12675914e-1
436 8.20649405e-2 -8.98252436e-1
438 8.18879395e-2 -8.83855190e-1
440 8.17202085e-2 -8.69482464e-1
442 8.15617653e-2 -8.55132550e-1
444 8.14126316e-2 -8.40803741e-1
446 8.12728334e-2 -8.26494332e-1
448 8.11424009e-2 -8.12202621e-1
450 8.10213683e-2 -7.97926902e-1
452 8.09097743e-2 -7.83665471e-1
454 8.08076619e-2 -7.69416621e-1
456 8.07150786e-2 -7.55178642e-1
458 8.06320762e-2 -7.40949821e-1
460 8.05587111e-2 -7.26728443e-1
462 8.04950446e-2 -7.12512785e-1
464 8.04411424e-2 -6.98301120e-1
466 8.03970751e-2 -6.84091714e-1
468 8.03629183e-2 -6.69882826e-1
470 8.03387526e-2 -6.55672706e-1
472 8.03246636e-2 -6.41459596e-1
474 8.03207422e-2 -6.27241727e-1
476 8.03270846e-2 -6.13017319e-1
478 8.03437927e-2 -5.98784581e-1
480 8.03709736e-2 -5.84541710e-1
482 8.04087406e-2 -5.70286887e-1
484 8.04572125e-2 -5.56018280e-1
486 8.05165143e-2 -5.41734042e-1
488 8.05867773e-2 -5.27432308e-1
490 8.06681390e-2 -5.13111196e-1
492 8.07607436e-2 -4.98768807e-1
494 8.08647419e-2 -4.84403219e-1
496 8.09802919e-2 -4.70012492e-1
498 8.11075584e-2 -4.55594663e-1
500 8.12467138e-2 -4.41147746e-1
502 8.13979381e-2 -4.26669732e-1
504 8.15614190e-2 -4.12158584e-1
506 8.17373523e-2 -3.97612241e-1
508 8.19259422e-2 -3.83028614e-1
510 8.21274016e-2 -3.68405581e-1
512 8.23419522e-2 -3.53740995e-1
514 8.25698248e-2 -3.39032674e-1
516 8.28112600e-2 -3.24278401e-1
518 8.30665080e-2 -3.09475928e-1
520 8.33358295e-2 -2.94622968e-1
522 8.36194955e-2 -2.79717197e-1
524 8.39177882e-2 -2.64756250e-1
526 8.42310009e-2 -2.49737723e-1
528 8.45594391e-2 -2.34659167e-1
530 8.49034200e-2 -2.19518090e-1
532 8.52632740e-2 -2.04311952e-1
534 8.56393445e-2 -1.89038164e-1
536 8.60319886e-2 -1.73694087e-1
538 8.64415776e-2 -1.58277031e-1
540 8.68684978e-2 -1.42784247e-1
542 8.73131508e-2 -1.27212935e-1
544 8.77759542e-2 -1.11560229e-1
546 8.82573425e-2 -9.58232058e-2
548 8.87577674e-2 -7.99988765e-2
550 8.92776988e-2 -6.40841853e-2
552 8.98176255e-2 -4.80760068e-2
554 9.03780562e-2 -3.19711433e-2
556 9.09595198e-2 -1.57663217e-2
558 9.15625670e-2 5.41809285e-4
560 9.21877706e-2 1.69566826e-2
562 9.28357271e-2 3.34818160e-2
564 9.35070572e-2 5.01208155e-2
566 9.42024073e-2 6.68773791e-2
568 9.49224504e-2 8.37553003e-2
570 9.56678877e-2 1.00758472e-1
572 9.64394492e-2 1.17890892e-1
574 9.72378960e-2 1.35156664e-1
576 9.80640210e-2 1.52560005e-1
578 9.89186506e-2 1.70105250e-1
580 9.98026468e-2 1.87796855e-1
582 1.00716908e-1 2.05639403e-1
584 1.01662372e-1 2.23637610e-1
586 1.02640017e-1 2.41796329e-1
588 1.03650863e-1 2.60120559e-1
590 1.04695977e-1 2.78615447e-1
592 1.05776470e-1 2.97286298e-1
594 1.06893505e-1 3.16138579e-1
596 1.08048297e-1 3.35177929e-1
598 1.09242115e-1 3.54410165e-1
600 1.10476285e-1 3.73841287e-1
602 1.11752196e-1 3.93477493e-1
604 1.13071298e-1 4.13325181e-1
606 1.14435112e-1 4.33390962e-1
608 1.15845227e-1 4.53681669e-1
610 1.17303310e-1 4.74204366e-1
612 1.18811104e-1 4.94966359e-1
614 1.20370439e-1 5.15975208e-1
616 1.21983231e-1 5.37238739e-1
618 1.23651492e-1 5.58765055e-1
620 1.25377331e-1 5.80562551e-1
622 1.27162962e-1 6.02639926e-1
624 1.29010712e-1 6.25006200e-1
626 1.30923022e-1 6.47670727e-1
628 1.32902462e-1 6.70643215e-1
630 1.34951730e-1 6.93933739e-1
632 1.37073668e-1 7.17552764e-1
634 1.39271264e-1 7.41511160e-1
636 1.41547666e-1 7.65820227e-1
638 1.43906191e-1 7.90491713e-1
640 1.46350333e-1 8.15537842e-1
642 1.48883779e-1 8.40971334e-1
644 1.51510419e-1 8.66805433e-1
646 1.54234357e-1 8.93053939e-1
648 1.57059932e-1 9.19731228e-1
650 1.59991726e-1 9.46852296e-1
652 1.63034588e-1 9.74432782e-1
654 1.66193646e-1 1.00248901e+0
656 1.69474331e-1 1.03103803e+0
658 1.72882394e-1 1.06009764e+0
660 1.76423936e-1 1.08968646e+0
662 1.80105424e-1 1.11982396e+0
664 1.83933726e-1 1.15053051e+0
666 1.87916135e-1 1.18182743e+0
668 1.92060404e-1 1.21373706e+0
670 1.96374780e-1 1.24628282e+0
672 2.00868041e-1 1.27948925e+0
674 2.05549538e-1 1.31338211e+0
676 2.10429239e-1 1.34798847e+0
678 2.15517781e-1 1.38333672e+0
680 2.20826521e-1 1.41945675e+0
682 2.26367596e-1 1.45637997e+0
684 2.32153986e-1 1.49413944e+0
686 2.38199589e-1 1.53277000e+0
688 2.44519294e-1 1.57230835e+0
690 2.51129068e-1 1.61279319e+0
692 2.58046054e-1 1.65426537e+0
694 2.65288669e-1 1.69676804e+0
696 2.72876725e-1 1.74034679e+0
698 2.80831549e-1 1.78504983e+0
700 2.89176132e-1 1.83092821e+0
702 2.97935277e-1 1.87803599e+0
704 3.07135778e-1 1.92643047e+0
706 3.16806609e-1 1.97617245e+0
708 3.26979142e-1 2.02732648e+0
710 3.37687384e-1 2.07996117e+0
712 3.48968245e-1 2.13414947e+0
714 3.60861840e-1 2.18996906e+0
716 3.73411821e-1 2.24750268e+0
718 3.86665761e-1 2.30683860e+0
720 4.00675572e-1 2.36807101e+0
722 4.15497989e-1 2.43130056e+0
724 4.31195114e-1 2.49663490e+0
726 4.47835022e-1 2.56418926e+0
728 4.65492467e-1 2.63408712e+0
730 4.84249665e-1 2.70646096e+0
732 5.04197202e-1 2.78145302e+0
734 5.25435065e-1 2.85921620e+0
736 5.48073819e-1 2.93991505e+0
738 5.72235965e-1 3.02372682e+0
740 5.98057498e-1 3.11084267e+0
742 6.25689707e-1 3.20146898e+0
744 6.55301256e-1 3.29582878e+0
746 6.87080599e-1 3.39416341e+0
748 7.21238790e-1 3.49673426e+0
750 7.58012761e-1 3.60382473e+0
752 7.97669159e-1 3.71574243e+0
754 8.40508856e-1 3.83282154e+0
756 8.86872251e-1 3.95542545e+0
758 9.37145553e-1 4.08394963e+0
760 9.91768218e-1 4.21882475e+0
762 1.05124181e+0 4.36052008e+0
764 1.11614059e+0 4.50954712e+0
766 1.18712421e+0 4.66646343e+0
768 1.26495297e+0 4.83187660e+0
770 1.35050630e+0 5.00644826e+0
772 1.44480515e+0 5.19089787e+0
774 1.54903924e+0 5.38600609e+0
776 1.66460043e+0 5.59261718e+0
778 1.79312357e+0 5.81163976e+0
780 1.93653686e+0 6.04404488e+0
782 2.09712410e+0 6.29085972e+0
784 2.27760169e+0 6.55315472e+0
786 2.48121425e+0 6.83202036e+0
788 2.71185349e+0 7.12852844e+0
790 2.97420566e+0 7.44366987e+0
792 3.27393427e+0 7.77825721e+0
794 3.61790474e+0 8.13277414e+0
796 4.01445764e+0 8.50714563e+0
798 4.47373383e+0 8.90038967e+0
800 5.00804755e+0 9.31009264e+0
802 5.63228573e+0 9.73162492e+0
804 6.36427614e+0 1.01569783e+1
806 7.22499753e+0 1.05730668e+1
808 8.23837669e+0 1.09592995e+1
810 9.43019530e+0 1.12842419e+1
812 1.08252763e+1 1.15013290e+1
814 1.24416443e+1 1.15440535e+1
816 1.42799407e+1 1.13221507e+1
818 1.63066647e+1 1.07223767e+1
820 1.84322496e+1 9.62031869e+0
822 2.04914725e+1 7.91110189e+0
824 2.22437312e+1 5.56118659e+0
826 2.34152822e+1 2.66479740e+0
828 2.37870305e+1 -5.35255497e-1
830 2.32879069e+1 -3.69966381e+0
832 2.20281613e+1 -6.50363054e+0
834 2.02459239e+1 -8.73779947e+0
836 1.82099799e+1 -1.03404738e+1
838 1.61424403e+1 -1.13640852e+1
840 1.41887752e+1 -1.19180688e+1
842 1.24240899e+1 -1.21226013e+1
844 1.08737640e+1 -1.20835015e+1
846 9.53385540e+0 -1.18837710e+1
848 8.38593716e+0 -1.15841444e+1
850 7.40621573e+0 -1.12270930e+1
852 6.57047152e+0 -1.08413657e+1
854 5.85639802e+0 -1.04459045e+1
856 5.24448129e+0 -1.00528554e+1
858 4.71813038e+0 -9.66974697e+0
860 4.26346343e+0 -9.30101731e+0
862 3.86896448e+0 -8.94906066e+0
864 3.52511792e+0 -8.61493786e+0
866 3.22406870e+0 -8.29885407e+0
868 2.95932640e+0 -8.00047851e+0
870 2.72551618e+0 -7.71915721e+0
872 2.51817347e+0 -7.45405374e+0
874 2.33357655e+0 -7.20424149e+0
876 2.16861086e+0 -6.96876341e+0
878 2.02065932e+0 -6.74666998e+0
880 1.88751375e+0 -6.53704248e+0
882 1.76730326e+0 -6.33900667e+0
884 1.65843620e+0 -6.15173992e+0
886 1.55955301e+0 -5.97447421e+0
888 1.46948780e+0 -5.80649638e+0
890 1.38723695e+0 -5.64714667e+0
892 1.31193329e+0 -5.49581636e+0
894 1.24282490e+0 -5.35194465e+0
896 1.17925748e+0 -5.21501550e+0
898 1.12065984e+0 -5.08455423e+0
900 1.06653171e+0 -4.96012428e+0
902 1.01643358e+0 -4.84132410e+0
904 9.69978175e-1 -4.72778413e+0
906 9.26823290e-1 -4.61916413e+0
908 8.86665696e-1 -4.51515058e+0
910 8.49235997e-1 -4.41545435e+0
912 8.14294252e-1 -4.31980861e+0
914 7.81626229e-1 -4.22796681e+0
916 7.51040208e-1 -4.13970096e+0
918 7.22364223e-1 -4.05480000e+0
920 6.95443700e-1 -3.97306834e+0
922 6.70139405e-1 -3.89432453e+0
924 6.46325675e-1 -3.81840006e+0
926 6.23888876e-1 -3.74513825e+0
928 6.02726066e-1 -3.67439331e+0
930 5.82743823e-1 -3.60602938e+0
932 5.63857228e-1 -3.53991976e+0
934 5.45988961e-1 -3.47594614e+0
936 5.29068519e-1 -3.41399792e+0
938 5.13031523e-1 -3.35397164e+0
940 4.97819106e-1 -3.29577036e+0
942 4.83377371e-1 -3.23930320e+0
944 4.69656919e-1 -3.18448484e+0
946 4.56612423e-1 -3.13123509e+0
948 4.44202254e-1 -3.07947853e+0
950 4.32388147e-1 -3.02914413e+0
952 4.21134910e-1 -2.98016493e+0
954 4.10410158e-1 -2.93247770e+0
956 4.00184081e-1 -2.88602273e+0
958 3.90429242e-1 -2.84074351e+0
960 3.81120391e-1 -2.79658653e+0
962 3.72234307e-1 -2.75350102e+0
964 3.63749661e-1 -2.71143879e+0
966 3.55646890e-1 -2.67035403e+0
968 3.47908099e-1 -2.63020309e+0
970 3.40516971e-1 -2.59094437e+0
972 3.33458700e-1 -2.55253813e+0
974 3.26719938e-1 -2.51494636e+0
976 3.20288759e-1 -2.47813263e+0
978 3.14154640e-1 -2.44206198e+0
980 3.08308465e-1 -2.40670077e+0
982 3.02742544e-1 -2.37201660e+0
984 2.97450662e-1 -2.33797820e+0
986 2.92428151e-1 -2.30455531e+0
988 2.87671993e-1 -2.27171863e+0
990 2.83180967e-1 -2.23943973e+0
992 2.78955829e-1 -2.20769101e+0
994 2.74999556e-1 -2.17644567e+0
996 2.71317651e-1 -2.14567774e+0
998 2.67918524e-1 -2.11536210e+0
1000 2.64813970e-1 -2.08547466e+0
1002 2.62019761e-1 -2.05599257e+0
1004 2.59556373e-1 -2.02689461e+0
1006 2.57449869e-1 -1.99816181e+0
1008 2.55732958e-1 -1.96977830e+0
1010 2.54446238e-1 -1.94173274e+0
1012 2.53639598e-1 -1.91402024e+0
1014 2.53373713e-1 -1.88664531e+0
1016 2.53721436e-1 -1.85962601e+0
1018 2.54768722e-1 -1.83299990e+0
1020 2.56614357e-1 -1.80683238e+0
1022 2.59367184e-1 -1.78122787e+0
1024 2.63138667e-1 -1.75634433e+0
1026 2.68027325e-1 -1.73241047e+0
1028 2.74090288e-1 -1.70974269e+0
1030 2.81296635e-1 -1.68875491e+0
1032 2.89459858e-1 -1.66994692e+0
1034 2.98156735e-1 -1.65384957e+0
1036 3.06661167e-1 -1.64090385e+0
1038 3.13949728e-1 -1.63127172e+0
1040 3.18845613e-1 -1.62463134e+0
1042 3.20316608e-1 -1.62007666e+0
1044 3.17823790e-1 -1.61624365e+0
1046 3.11524503e-1 -1.61166240e+0
1048 3.02195330e-1 -1.60516104e+0
1050 2.90932786e-1 -1.59610634e+0
1052 2.78820891e-1 -1.58440197e+0
1054 2.66717011e-1 -1.57032538e+0
1056 2.55186673e-1 -1.55433201e+0
1058 2.44537347e-1 -1.53690739e+0
1060 2.34889653e-1 -1.51848526e+0
1062 2.26247036e-1 -1.49941689e+0
1064 2.18548776e-1 -1.47996969e+0
1066 2.11704990e-1 -1.46033880e+0
1068 2.05617472e-1 -1.44066218e+0
1070 2.00190953e-1 -1.42103470e+0
1072 1.95338463e-1 -1.40151981e+0
1074 1.90983290e-1 -1.38215844e+0
1076 1.87059137e-1 -1.36297565e+0
1078 1.83509394e-1 -1.34398545e+0
1080 1.80286055e-1 -1.32519417e+0
1082 1.77348554e-1 -1.30660293e+0
1084 1.74662656e-1 -1.28820929e+0
1086 1.72199466e-1 -1.27000848e+0
1088 1.69934569e-1 -1.25199420e+0
1090 1.67847305e-1 -1.23415921e+0
1092 1.65920156e-1 -1.21649569e+0
1094 1.64138238e-1 -1.19899556e+0
1096 1.62488888e-1 -1.18165064e+0
1098 1.60961313e-1 -1.16445276e+0
1100 1.59546304e-1 -1.14739382e+0
1102 1.58236005e-1 -1.13046591e+0
1104 1.57023716e-1 -1.11366124e+0
1106 1.55903735e-1 -1.09697221e+0
1108 1.54871223e-1 -1.08039140e+0
1110 1.53922102e-1 -1.06391156e+0
1112 1.53052960e-1 -1.04752557e+0
1114 1.52260980e-1 -1.03122648e+0
1116 1.51543884e-1 -1.01500746e+0
1118 1.50899878e-1 -9.98861763e-1
1120 1.50327622e-1 -9.82782754e-1
1122 1.49826196e-1 -9.66763850e-1
1124 1.49395080e-1 -9.50798517e-1
1126 1.49034138e-1 -9.34880249e-1
1128 1.48743612e-1 -9.19002542e-1
1130 1.48524116e-1 -9.03158877e-1
1132 1.48376642e-1 -8.87342699e-1
1134 1.48302566e-1 -8.71547395e-1
1136 1.48303663e-1 -8.55766271e-1
1138 1.48382130e-1 -8.39992532e-1
1140 1.48540605e-1 -8.24219260e-1
1142 1.48782208e-1 -8.08439388e-1
1144 1.49110575e-1 -7.92645682e-1
1146 1.49529909e-1 -7.76830712e-1
1148 1.50045036e-1 -7.60986831e-1
1150 1.50661474e-1 -7.45106151e-1
1152 1.51385514e-1 -7.29180519e-1
1154 1.52224310e-1 -7.13201493e-1
1156 1.53185993e-1 -6.97160322e-1
1158 1.54279797e-1 -6.81047924e-1
1160 1.55516213e-1 -6.64854872e-1
1162 1.56907165e-1 -6.48571383e-1
1164 1.58466216e-1 -6.32187313e-1
1166 1.60208818e-1 -6.15692165e-1
1168 1.62152596e-1 -5.99075115e-1
1170 1.64317692e-1 -5.82325053e-1
1172 1.66727163e-1 -5.65430659e-1
1174 1.69407454e-1 -5.48380521e-1
1176 1.72388963e-1 -5.31163304e-1
1178 1.75706699e-1 -5.13768001e-1
1180 1.79401065e-1 -4.96184289e-1
1182 1.83518776e-1 -4.78403027e-1
1184 1.88113942e-1 -4.60416954e-1
1186 1.93249327e-1 -4.42221653e-1
1188 1.98997805e-1 -4.23816879e-1
1190 2.05444026e-1 -4.05208385e-1
1192 2.12686262e-1 -3.86410416e-1
1194 2.20838407e-1 -3.67449120e-1
1196 2.30031998e-1 -3.48367167e-1
1198 2.40418040e-1 -3.29230000e-1
1200 2.52168237e-1 -3.10134195e-1
1202 2.65474905e-1 -2.91218551e-1
1204 2.80548446e-1 -2.72678499e-1
1206 2.97610514e-1 -2.54784367e-1
1208 3.16880119e-1 -2.37903547e-1
1210 3.38548661e-1 -2.22525532e-1
1212 3.62738669e-1 -2.09286608e-1
1214 3.89440453e-1 -1.98986997e-1
1216 4.18422394e-1 -1.92587213e-1
1218 4.49117041e-1 -1.91162678e-1
1220 4.80499792e-1 -1.95789741e-1
1222 5.11001388e-1 -2.07340143e-1
1224 5.38523257e-1 -2.26187149e-1
1226 5.60633956e-1 -2.51883238e-1
1228 5.74981568e-1 -2.82940212e-1
1230 5.79845777e-1 -3.16872038e-1
1232 5.74625673e-1 -3.50582297e-1
1234 5.60028220e-1 -3.80998320e-1
1236 5.37855595e-1 -4.05697117e-1
1238 5.10503923e-1 -4.23273076e-1
1240 4.80411828e-1 -4.33359805e-1
1242 4.49658286e-1 -4.36396119e-1
1244 4.19778999e-1 -4.33298570e-1
1246 3.91761495e-1 -4.25168997e-1
1248 3.66139042e-1 -4.13093455e-1
1250 3.43114864e-1 -3.98033121e-1
1252 3.22676654e-1 -3.80782945e-1
1254 3.04685705e-1 -3.61970866e-1
1256 2.88939258e-1 -3.42076785e-1
1258 2.75210705e-1 -3.21458307e-1
1260 2.63273627e-1 -3.00376333e-1
1262 2.52914957e-1 -2.79017469e-1
1264 2.43941234e-1 -2.57512345e-1
1266 2.36180720e-1 -2.35950002e-1
1268 2.29483173e-1 -2.14388896e-1
1270 2.23718403e-1 -1.92865167e-1
1272 2.18774291e-1 -1.71398792e-1
1274 2.14554662e-1 -1.49998117e-1
1276 2.10977215e-1 -1.28663183e-1
1278 2.07971619e-1 -1.07388147e-1
1280 2.05477824e-1 -8.61630457e-2
1282 2.03444582e-1 -6.49750689e-2
1284 2.01828179e-1 -4.38094736e-2
1286 2.00591346e-1 -2.26502380e-2
1288 1.99702347e-1 -1.48052174e-3
1290 1.99134198e-1 1.97170137e-2
1292 1.98864015e-1 4.09599877e-2
1294 1.98872462e-1 6.22661586e-2
1296 1.99143295e-1 8.36533370e-2
1298 1.99662968e-1 1.05139339e-1
1300 2.00420312e-1 1.26741969e-1
1302 2.01406266e-1 1.48479023e-1
1304 2.02613645e-1 1.70368313e-1
1306 2.04036957e-1 1.92427691e-1
1308 2.05672246e-1 2.14675095e-1
1310 2.07516964e-1 2.37128595e-1
1312 2.09569869e-1 2.59806441e-1
1314 2.11830942e-1 2.82727119e-1
1316 2.14301325e-1 3.05909411e-1
1318 2.16983272e-1 3.29372454e-1
1320 2.19880120e-1 3.53135806e-1
1322 2.22996267e-1 3.77219506e-1
1324 2.26337170e-1 4.01644149e-1
1326 2.29909346e-1 4.26430953e-1
1328 2.33720398e-1 4.51601836e-1
1330 2.37779035e-1 4.77179490e-1
1332 2.42095120e-1 5.03187466e-1
1334 2.46679718e-1 5.29650257e-1
1336 2.51545159e-1 5.56593390e-1
1338 2.56705121e-1 5.84043520e-1
1340 2.62174713e-1 6.12028529e-1
1342 2.67970583e-1 6.40577640e-1
1344 2.74111038e-1 6.69721522e-1
1346 2.80616182e-1 6.99492420e-1
1348 2.87508071e-1 7.29924282e-1
1350 2.94810893e-1 7.61052901e-1
1352 3.02551171e-1 7.92916061e-1
1354 3.10757988e-1 8.25553703e-1
1356 3.19463253e-1 8.59008094e-1
1358 3.28701987e-1 8.93324016e-1
1360 3.38512666e-1 9.28548964e-1
1362 3.48937591e-1 9.64733363e-1
1364 3.60023326e-1 1.00193080e+0
1366 3.71821182e-1 1.04019825e+0
1368 3.84387777e-1 1.07959640e+0
1370 3.97785673e-1 1.12018984e+0
1372 4.12084108e-1 1.16204747e+0
1374 4.27359823e-1 1.20524272e+0
1376 4.43698028e-1 1.24985397e+0
1378 4.61193499e-1 1.29596485e+0
1380 4.79951852e-1 1.34366462e+0
1382 5.00091010e-1 1.39304856e+0
1384 5.21742904e-1 1.44421832e+0
1386 5.45055446e-1 1.49728231e+0
1388 5.70194827e-1 1.55235604e+0
1390 5.97348190e-1 1.60956240e+0
1392 6.26726766e-1 1.66903191e+0
1394 6.58569528e-1 1.73090285e+0
1396 6.93147506e-1 1.79532118e+0
1398 7.30768835e-1 1.86244027e+0
1400 7.71784728e-1 1.93242030e+0
1402 8.16596510e-1 2.00542715e+0
1404 8.65663946e-1 2.08163062e+0
1406 9.19515083e-1 2.16120182e+0
1408 9.78757914e-1 2.24430916e+0
1410 1.04409417e+0 2.33111272e+0
1412 1.11633562e+0 2.42175621e+0
1414 1.19642327e+0 2.51635557e+0
1416 1.28544992e+0 2.61498326e+0
1418 1.38468632e+0 2.71764625e+0
1420 1.49561132e+0 2.82425575e+0
1422 1.61994589e+0 2.93458555e+0
1424 1.75969030e+0 3.04821474e+0
1426 1.91716303e+0 3.16444967e+0
1428 2.09503776e+0 3.28221777e+0
1430 2.29637214e+0 3.39992438e+0
1432 2.52461706e+0 3.51526169e+0
1434 2.78358733e+0 3.62495784e+0
1436 3.07736315e+0 3.72445517e+0
1438 3.41007499e+0 3.80751319e+0
1440 3.78550226e+0 3.86574838e+0
1442 4.20639220e+0 3.88815858e+0
1444 4.67338872e+0 3.86074584e+0
1446 5.18347757e+0 3.76645798e+0
1448 5.72794930e+0 3.58581117e+0
1450 6.29012036e+0 3.29868550e+0
1452 6.84348054e+0 2.88776760e+0
1454 7.35147048e+0 2.34372253e+0
1456 7.77038075e+0 1.67121341e+0
1458 8.05627134e+0 8.93542940e-1
1460 8.17491914e+0 5.28999919e-2
1462 8.11132579e+0 -7.95724832e-1
1464 7.87430219e+0 -1.59572412e+0
1466 7.49368224e+0 -2.30072599e+0
1468 7.01168952e+0 -2.88223702e+0
1470 6.47272178e+0 -3.33092963e+0
1472 5.91549190e+0 -3.65286563e+0
1474 5.36914193e+0 -3.86360545e+0
1476 4.85279238e+0 -3.98271942e+0
1478 4.37708654e+0 -4.02990274e+0
1480 3.94641840e+0 -4.02280103e+0
1482 3.56104756e+0 -3.97613186e+0
1484 3.21877121e+0 -3.90159893e+0
1486 2.91610554e+0 -3.80820281e+0
1488 2.64905417e+0 -3.70269602e+0
1490 2.41357191e+0 -3.59004637e+0
1492 2.20582194e+0 -3.47384706e+0
1494 2.02230134e+0 -3.35665415e+0
1496 1.85988699e+0 -3.24025242e+0
1498 1.71583615e+0 -3.12585929e+0
1500 1.58776319e+0 -3.01427844e+0
1502 1.47360541e+0 -2.90601417e+0
1504 1.37158539e+0 -2.80135586e+0
1506 1.28017409e+0 -2.70044007e+0
1508 1.19805668e+0 -2.60329586e+0
1510 1.12410192e+0 -2.50987790e+0
1512 1.05733545e+0 -2.42009050e+0
1514 9.96916639e-1 -2.33380501e+0
1516 9.42118872e-1 -2.25087232e+0
1518 8.92312709e-1 -2.17113183e+0
1520 8.46951643e-1 -2.09441784e+0
1522 8.05560044e-1 -2.02056398e+0
1524 7.67722961e-1 -1.94940629e+0
1526 7.33077499e-1 -1.88078530e+0
1528 7.01305526e-1 -1.81454731e+0
1530 6.72127488e-1 -1.75054526e+0
1532 6.45297163e-1 -1.68863908e+0
1534 6.20597203e-1 -1.62869590e+0
1536 5.97835330e-1 -1.57058997e+0
1538 5.76841100e-1 -1.51420250e+0
1540 5.57463122e-1 -1.45942143e+0
1542 5.39566687e-1 -1.40614107e+0
1544 5.23031722e-1 -1.35426182e+0
1546 5.07751032e-1 -1.30368975e+0
1548 4.93628782e-1 -1.25433630e+0
1550 4.80579190e-1 -1.20611784e+0
1552 4.68525384e-1 -1.15895541e+0
1554 4.57398425e-1 -1.11277430e+0
1556 4.47136441e-1 -1.06750377e+0
1558 4.37683888e-1 -1.02307675e+0
1560 4.28990899e-1 -9.79429502e-1
1562 4.21012711e-1 -9.36501393e-1
1564 4.13709176e-1 -8.94234607e-1
1566 4.07044327e-1 -8.52573909e-1
1568 4.00985993e-1 -8.11466411e-1
1570 3.95505477e-1 -7.70861358e-1
1572 3.90577260e-1 -7.30709921e-1
1574 3.86178756e-1 -6.90965001e-1
1576 3.82290087e-1 -6.51581051e-1
1578 3.78893898e-1 -6.12513899e-1
1580 3.75975194e-1 -5.73720582e-1
1582 3.73521198e-1 -5.35159188e-1
1584 3.71521238e-1 -4.96788705e-1
1586 3.69966648e-1 -4.58568877e-1
1588 3.68850687e-1 -4.20460060e-1
1590 3.68168481e-1 -3.82423084e-1
1592 3.67916977e-1 -3.44419122e-1
1594 3.68094913e-1 -3.06409557e-1
1596 3.68702802e-1 -2.68355853e-1
1598 3.69742936e-1 -2.30219424e-1
1600 3.71219401e-1 -1.91961505e-1
1602 3.73138107e-1 -1.53543024e-1
1604 3.75506835e-1 -1.14924470e-1
1606 3.78335298e-1 -7.60657631e-2
1608 3.81635226e-1 -3.69261123e-2
1610 3.85420455e-1 2.53611751e-3
1612 3.89707053e-1 4.23635517e-2
1614 3.94513452e-1 8.25999538e-2
1616 3.99860614e-1 1.23290379e-1
1618 4.05772214e-1 1.64481336e-1
1620 4.12274856e-1 2.06220953e-1
1622 4.19398322e-1 2.48559153e-1
1624 4.27175852e-1 2.91547840e-1
1626 4.35644464e-1 3.35241088e-1
1628 4.44845325e-1 3.79695349e-1
1630 4.54824164e-1 4.24969661e-1
1632 4.65631753e-1 4.71125872e-1
1634 4.77324445e-1 5.18228876e-1
1636 4.89964797e-1 5.66346852e-1
1638 5.03622271e-1 6.15551521e-1
1640 5.18374048e-1 6.65918401e-1
1642 5.34305948e-1 7.17527074e-1
1644 5.51513486e-1 7.70461457e-1
1646 5.70103092e-1 8.24810060e-1
1648 5.90193503e-1 8.80666246e-1
1650 6.11917374e-1 9.38128462e-1
1652 6.35423131e-1 9.97300448e-1
1654 6.60877110e-1 1.05829139e+0
1656 6.88466043e-1 1.12121599e+0
1658 7.18399927e-1 1.18619447e+0
1660 7.50915366e-1 1.25335237e+0
1662 7.86279450e-1 1.32282020e+0
1664 8.24794277e-1 1.39473280e+0
1666 8.66802221e-1 1.46922828e+0
1668 9.12692082e-1 1.54644653e+0
1670 9.62906262e-1 1.62652700e+0
1672 1.01794914e+0 1.70960558e+0
1674 1.07839683e+0 1.79581023e+0
1676 1.14490856e+0 1.88525504e+0
1678 1.21823987e+0 1.97803204e+0
1680 1.29925781e+0 2.07420016e+0
1682 1.38895845e+0 2.17377029e+0
1684 1.48848665e+0 2.27668517e+0
1686 1.59915820e+0 2.38279249e+0
1688 1.72248383e+0 2.49180893e+0
1690 1.86019446e+0 2.60327227e+0
1692 2.01426584e+0 2.71647792e+0
1694 2.18693974e+0 2.83039528e+0
1696 2.38073656e+0 2.94355844e+0
1698 2.59845116e+0 3.05392485e+0
1700 2.84311880e+0 3.15869568e+0
1702 3.11793155e+0 3.25409289e+0
1704 3.42607592e+0 3.33509270e+0
1706 3.77045169e+0 3.39512557e+0
1708 4.15321954e+0 3.42577219e+0
1710 4.57511870e+0 3.41651995e+0
1712 5.03450382e+0 3.35469604e+0
1714 5.52609353e+0 3.22576290e+0
1716 6.03952722e+0 3.01422873e+0
1718 6.55801399e+0 2.70544398e+0
1720 7.05761488e+0 2.28843590e+0
1722 7.50792395e+0 1.75958123e+0
1724 7.87488002e+0 1.12631537e+0
1726 8.12588588e+0 4.09449694e-1
1728 8.23630400e+0 -3.57478858e-1
1730 8.19524684e+0 -1.13257820e+0
1732 8.00830410e+0 -1.87277637e+0
1734 7.69598537e+0 -2.54137690e+0
1736 7.28861669e+0 -3.11336366e+0
1738 6.81987204e+0 -3.57708478e+0
1740 6.32119138e+0 -3.93267847e+0
1742 5.81833399e+0 -4.18867969e+0
1744 5.33014470e+0 -4.35831769e+0
1746 4.86890958e+0 -4.45646853e+0
1748 4.44153049e+0 -4.49760189e+0
1750 4.05092211e+0 -4.49464705e+0
1752 3.69728940e+0 -4.45853409e+0
1754 3.37914629e+0 -4.39815492e+0
1756 3.09405884e+0 -4.32054542e+0
1758 2.83915155e+0 -4.23115795e+0
1760 2.61143234e+0 -4.13414858e+0
1762 2.40798811e+0 -4.03264127e+0
1764 2.22609275e+0 -3.92895394e+0
1766 2.06325866e+0 -3.82478350e+0
1768 1.91725313e+0 -3.72135339e+0
1770 1.78609430e+0 -3.61952881e+0
1772 1.66803569e+0 -3.51990573e+0
1774 1.56154557e+0 -3.42287895e+0
1776 1.46528429e+0 -3.32869393e+0
1778 1.37808202e+0 -3.23748597e+0
1780 1.29891774e+0 -3.14930983e+0
1782 1.22690014e+0 -3.06416200e+0
1784 1.16125055e+0 -2.98199740e+0
1786 1.10128799e+0 -2.90274194e+0
1788 1.04641601e+0 -2.82630184e+0
1790 9.96111397e-1 -2.75257059e+0
1792 9.49914352e-1 -2.68143412e+0
1794 9.07420077e-1 -2.61277452e+0
1796 8.68271504e-1 -2.54647286e+0
1798 8.32153069e-1 -2.48241110e+0
1800 7.98785353e-1 -2.42047353e+0
1802 7.67920474e-1 -2.36054771e+0
1804 7.39338123e-1 -2.30252508e+0
1806 7.12842145e-1 -2.24630136e+0
1808 6.88257593e-1 -2.19177678e+0
1810 6.65428186e-1 -2.13885611e+0
1812 6.44214097e-1 -2.08744864e+0
1814 6.24490055e-1 -2.03746814e+0
1816 6.06143676e-1 -1.98883265e+0
1818 5.89074035e-1 -1.94146435e+0
1820 5.73190401e-1 -1.89528936e+0
1822 5.58411153e-1 -1.85023754e+0
1824 5.44662820e-1 -1.80624225e+0
1826 5.31879252e-1 -1.76324016e+0
1828 5.20000888e-1 -1.72117108e+0
1830 5.08974120e-1 -1.67997765e+0
1832 4.98750733e-1 -1.63960525e+0
1834 4.89287420e-1 -1.60000176e+0
1836 4.80545351e-1 -1.56111736e+0
1838 4.72489801e-1 -1.52290440e+0
1840 4.65089826e-1 -1.48531718e+0
1842 4.58317982e-1 -1.44831184e+0
1844 4.52150074e-1 -1.41184617e+0
1846 4.46564956e-1 -1.37587950e+0
1848 4.41544345e-1 -1.34037253e+0
1850 4.37072675e-1 -1.30528723e+0
1852 4.33136974e-1 -1.27058669e+0
1854 4.29726764e-1 -1.23623504e+0
1856 4.26833990e-1 -1.20219728e+0
1858 4.24452963e-1 -1.16843925e+0
1860 4.22580333e-1 -1.13492745e+0
1862 4.21215078e-1 -1.10162903e+0
1864 4.20358518e-1 -1.06851161e+0
1866 4.20014348e-1 -1.03554327e+0
1868 4.20188694e-1 -1.00269245e+0
1870 4.20890193e-1 -9.69927843e-1
1872 4.22130094e-1 -9.37218383e-1
1874 4.23922394e-1 -9.04533145e-1
1876 4.26283986e-1 -8.71841315e-1
1878 4.29234856e-1 -8.39112139e-1
1880 4.32798297e-1 -8.06314898e-1
1882 4.37001170e-1 -7.73418890e-1
1884 4.41874201e-1 -7.40393431e-1
1886 4.47452322e-1 -7.07207874e-1
1888 4.53775064e-1 -6.73831655e-1
1890 4.60887007e-1 -6.40234372e-1
1892 4.68838285e-1 -6.06385892e-1
1894 4.77685174e-1 -5.72256521e-1
1896 4.87490745e-1 -5.37817215e-1
1898 4.98325611e-1 -5.03039878e-1
1900 5.10268769e-1 -4.67897741e-1
1902 5.23408552e-1 -4.32365856e-1
1904 5.37843698e-1 -3.96421732e-1
1906 5.53684545e-1 -3.60046138e-1
1908 5.71054374e-1 -3.23224133e-1
1910 5.90090894e-1 -2.85946350e-1
1912 6.10947878e-1 -2.48210629e-1
1914 6.33796959e-1 -2.10024052e-1
1916 6.58829561e-1 -1.71405504e-1
1918 6.86258950e-1 -1.32388861e-1
1920 7.16322352e-1 -9.30269685e-2
1922 7.49283071e-1 -5.33965877e-2
1924 7.85432467e-1 -1.36045165e-2
1926 8.25091613e-1 2.62048544e-2
1928 8.68612353e-1 6.58402689e-2
1930 9.16377340e-1 1.05052300e-1
1932 9.68798479e-1 1.43519686e-1
1934 1.02631297e+0 1.80833014e-1
1936 1.08937581e+0 2.16475542e-1
1938 1.15844733e+0 2.49801152e-1
1940 1.23397377e+0 2.80009807e-1
1942 1.31635862e+0 3.06121501e-1
1944 1.40592176e+0 3.26950682e-1
1946 1.50284358e+0 3.41084625e-1
1948 1.60709117e+0 3.46871234e-1
1950 1.71832527e+0 3.42424354e-1
1952 1.83578895e+0 3.25657560e-1
1954 1.95818447e+0 2.94359806e-1
1956 2.08355178e+0 2.46327005e-1
1958 2.20917260e+0 1.79560422e-1
1960 2.33153407e+0 9.25330756e-2
1962 2.44639340e+0 -1.54925378e-2
1964 2.54898158e+0 -1.44137393e-1
1966 2.63436468e+0 -2.91638214e-1
1968 2.69794268e+0 -4.54723613e-1
1970 2.73601461e+0 -6.28709201e-1
1972 2.74629553e+0 -8.07843548e-1
1974 2.72825850e+0 -9.85867582e-1
1976 2.68320877e+0 -1.15668044e+0
1978 2.61407048e+0 -1.31496768e+0
1980 2.52494695e+0 -1.45666183e+0
1982 2.42057023e+0 -1.57916321e+0
1984 2.30576431e+0 -1.68132180e+0
1986 2.18501500e+0 -1.76323764e+0
1988 2.06218987e+0 -1.82596224e+0
1990 1.94040669e+0 -1.87117786e+0
1992 1.82202029e+0 -1.90090880e+0
1994 1.70868771e+0 -1.91729275e+0
1996 1.60147438e+0 -1.92241859e+0
1998 1.50097318e+0 -1.91822438e+0
2000 1.40741840e+0 -1.90644294e+0
2002 1.32078499e+0 -1.88858155e+0
2004 1.24086984e+0 -1.86592405e+0
2006 1.16735514e+0 -1.83954616e+0
2008 1.09985577e+0 -1.81033738e+0
2010 1.03795372e+0 -1.77902529e+0
2012 9.81222060e-1 -1.74619950e+0
2014 9.29241044e-1 -1.71233382e+0
2016 8.81608433e-1 -1.67780598e+0
2018 8.37945599e-1 -1.64291472e+0
2020 7.97900710e-1 -1.60789426e+0
2022 7.61149889e-1 -1.57292641e+0
2024 7.27397057e-1 -1.53815061e+0
2026 6.96372917e-1 -1.50367216e+0
2028 6.67833451e-1 -1.46956896e+0
2030 6.41558137e-1 -1.43589700e+0
2032 6.17348063e-1 -1.40269478e+0
2034 5.95024043e-1 -1.36998691e+0
2036 5.74424787e-1 -1.33778703e+0
2038 5.55405181e-1 -1.30610007e+0
2040 5.37834683e-1 -1.27492422e+0
2042 5.21595859e-1 -1.24425235e+0
2044 5.06583048e-1 -1.21407328e+0
2046 4.92701152e-1 -1.18437270e+0
2048 4.79864559e-1 -1.15513398e+0
2050 4.67996168e-1 -1.12633872e+0
2052 4.57026524e-1 -1.09796733e+0
2054 4.46893046e-1 -1.06999930e+0
2056 4.37539340e-1 -1.04241359e+0
2058 4.28914589e-1 -1.01518884e+0
2060 4.20973014e-1 -9.88303527e-1
2062 4.13673388e-1 -9.61736115e-1
2064 4.06978617e-1 -9.35465167e-1
2066 4.00855359e-1 -9.09469407e-1
2068 3.95273694e-1 -8.83727778e-1
2070 3.90206828e-1 -8.58219471e-1
2072 3.85630835e-1 -8.32923943e-1
2074 3.81524427e-1 -8.07820927e-1
2076 3.77868753e-1 -7.82890427e-1
2078 3.74647228e-1 -7.58112709e-1
2080 3.71845375e-1 -7.33468282e-1
2082 3.69450696e-1 -7.08937883e-1
2084 3.67452555e-1 -6.84502444e-1
2086 3.65842088e-1 -6.60143072e-1
2088 3.64612115e-1 -6.35841014e-1
2090 3.63757080e-1 -6.11577627e-1
2092 3.63272998e-1 -5.87334344e-1
2094 3.63157415e-1 -5.63092641e-1
2096 3.63409382e-1 -5.38833996e-1
2098 3.64029443e-1 -5.14539863e-1
2100 3.65019635e-1 -4.90191627e-1
2102 3.66383493e-1 -4.65770570e-1
2104 3.68126077e-1 -4.41257836e-1
2106 3.70254006e-1 -4.16634394e-1
2108 3.72775506e-1 -3.91881001e-1
2110 3.75700466e-1 -3.66978168e-1
2112 3.79040521e-1 -3.41906126e-1
2114 3.82809133e-1 -3.16644790e-1
2116 3.87021702e-1 -2.91173733e-1
2118 3.91695686e-1 -2.65472154e-1
2120 3.96850741e-1 -2.39518851e-1
2122 4.02508886e-1 -2.13292202e-1
2124 4.08694685e-1 -1.86770149e-1
2126 4.15435456e-1 -1.59930183e-1
2128 4.22761505e-1 -1.32749346e-1
2130 4.30706399e-1 -1.05204235e-1
2132 4.39307259e-1 -7.72710251e-2
2134 4.48605107e-1 -4.89255018e-2
2136 4.58645240e-1 -2.01431171e-2
2138 4.69477665e-1 9.10093246e-3
2140 4.81157574e-1 3.88315974e-2
2142 4.93745893e-1 6.90738309e-2
2144 5.07309883e-1 9.98523987e-2
2146 5.21923825e-1 1.31191633e-1
2148 5.37669785e-1 1.63115118e-1
2150 5.54638467e-1 1.95645289e-1
2152 5.72930170e-1 2.28802927e-1
2154 5.92655861e-1 2.62606525e-1
2156 6.13938359e-1 2.97071493e-1
2158 6.36913661e-1 3.32209166e-1
2160 6.61732396e-1 3.68025572e-1
2162 6.88561437e-1 4.04519901e-1
2164 7.17585649e-1 4.41682603e-1
2166 7.49009782e-1 4.79493046e-1
2168 7.83060493e-1 5.17916610e-1
2170 8.19988457e-1 5.56901111e-1
2172 8.60070526e-1 5.96372402e-1
2174 9.03611835e-1 6.36228971e-1
2176 9.50947746e-1 6.76335326e-1
2178 1.00244541e+0 7.16513931e-1
2180 1.05850468e+0 7.56535420e-1
2182 1.11955798e+0 7.96106792e-1
2184 1.18606854e+0 8.34857284e-1
2186 1.25852631e+0 8.72321650e-1
2188 1.33744037e+0 9.07920652e-1
2190 1.42332665e+0 9.40938742e-1
2192 1.51668910e+0 9.70499224e-1
2194 1.61799218e+0 9.95537720e-1
2196 1.72762210e+0 1.01477556e+0
2198 1.84583405e+0 1.02669598e+0
2200 1.97268254e+0 1.02952754e+0
2202 2.10793318e+0 1.02124163e+0
2204 2.25095541e+0 9.99573160e-1
2206 2.40059996e+0 9.62076215e-1
2208 2.55506982e+0 9.06228042e-1
2210 2.71180206e+0 8.29593925e-1
2212 2.86738701e+0 7.30060437e-1
2214 3.01756046e+0 6.06133066e-1
2216 3.15730883e+0 4.57275325e-1
2218 3.28112023e+0 2.84242141e-1
2220 3.38339275e+0 8.93370314e-2
2222 3.45897211e+0 -1.23488519e-1
2224 3.50374391e+0 -3.48761888e-1
2226 3.51516764e+0 -5.79867643e-1
2228 3.49263083e+0 -8.09637700e-1
2230 3.43753446e+0 -1.03104976e+0
2232 3.35308754e+0 -1.23789530e+0
2234 3.24386489e+0 -1.42528873e+0
2236 3.11523577e+0 -1.58994003e+0
2238 2.97278559e+0 -1.73018073e+0
2240 2.82182908e+0 -1.84579045e+0
2242 2.66706898e+0 -1.93770103e+0
2244 2.51240969e+0 -2.00765683e+0
2246 2.36090332e+0 -2.05789194e+0
2248 2.21479107e+0 -2.09086045e+0
2250 2.07560136e+0 -2.10903364e+0
2252 1.94427293e+0 -2.11476258e+0
2254 1.82128066e+0 -2.11019590e+0
2256 1.70675087e+0 -2.09723978e+0
2258 1.60055950e+0 -2.07754740e+0
2260 1.50241170e+0 -2.05252741e+0
2262 1.41190355e+0 -2.02336327e+0
2264 1.32856847e+0 -1.99103787e+0
2266 1.25191087e+0 -1.95635962e+0
2268 1.18142981e+0 -1.91998791e+0
2270 1.11663502e+0 -1.88245642e+0
2272 1.05705721e+0 -1.84419393e+0
2274 1.00225420e+0 -1.80554240e+0
2276 9.51814218e-1 -1.76677235e+0
2278 9.05356995e-1 -1.72809583e+0
2280 8.62533636e-1 -1.68967726e+0
2282 8.23025522e-1 -1.65164239e+0
2284 7.86542696e-1 -1.61408566e+0
2286 7.52821956e-1 -1.57707630e+0
2288 7.21624807e-1 -1.54066326e+0
2290 6.92735405e-1 -1.50487922e+0
2292 6.65958544e-1 -1.46974394e+0
2294 6.41117755e-1 -1.43526687e+0
2296 6.18053515e-1 -1.40144934e+0
2298 5.96621602e-1 -1.36828633e+0
2300 5.76691584e-1 -1.33576785e+0
2302 5.58145448e-1 -1.30388009e+0
2304 5.40876357e-1 -1.27260638e+0
2306 5.24787532e-1 -1.24192790e+0
2308 5.09791245e-1 -1.21182425e+0
2310 4.95807917e-1 -1.18227400e+0
2312 4.82765310e-1 -1.15325499e+0
2314 4.70597806e-1 -1.12474465e+0
2316 4.59245756e-1 -1.09672029e+0
2318 4.48654910e-1 -1.06915919e+0
2320 4.38775895e-1 -1.04203882e+0
2322 4.29563756e-1 -1.01533689e+0
2324 4.20977548e-1 -9.89031476e-1
2326 4.12979963e-1 -9.63101046e-1
2328 4.05537004e-1 -9.37524505e-1
2330 3.98617693e-1 -9.12281224e-1
2332 3.92193805e-1 -8.87351051e-1
2334 3.86239638e-1 -8.62714313e-1
2336 3.80731797e-1 -8.38351811e-1
2338 3.75649011e-1 -8.14244814e-1
2340 3.70971966e-1 -7.90375042e-1
2342 3.66683152e-1 -7.66724646e-1
2344 3.62766730e-1 -7.43276192e-1
2346 3.59208418e-1 -7.20012635e-1
2348 3.55995378e-1 -6.96917294e-1
2350 3.53116126e-1 -6.73973828e-1
2352 3.50560449e-1 -6.51166209e-1
2354 3.48319331e-1 -6.28478694e-1
2356 3.46384888e-1 -6.05895800e-1
2358 3.44750316e-1 -5.83402272e-1
2360 3.43409835e-1 -5.60983061e-1
2362 3.42358659e-1 -5.38623292e-1
2364 3.41592952e-1 -5.16308238e-1
2366 3.41109807e-1 -4.94023291e-1
2368 3.40907220e-1 -4.71753937e-1
2370 3.40984079e-1 -4.49485727e-1
2372 3.41340148e-1 -4.27204251e-1
2374 3.41976068e-1 -4.04895107e-1
2376 3.42893353e-1 -3.82543883e-1
2378 3.44094400e-1 -3.60136119e-1
2380 3.45582501e-1 -3.37657290e-1
2382 3.47361856e-1 -3.15092774e-1
2384 3.49437601e-1 -2.92427830e-1
2386 3.51815836e-1 -2.69647567e-1
2388 3.54503656e-1 -2.46736924e-1
2390 3.57509201e-1 -2.23680640e-1
2392 3.60841696e-1 -2.00463231e-1
2394 3.64511512e-1 -1.77068966e-1
2396 3.68530230e-1 -1.53481844e-1
2398 3.72910712e-1 -1.29685569e-1
2400 3.77667183e-1 -1.05663529e-1
2402 3.82815322e-1 -8.13987752e-2
2404 3.88372368e-1 -5.68740062e-2
2406 3.94357231e-1 -3.20715481e-2
2408 4.00790623e-1 -6.97334239e-3
2410 4.07695196e-1 1.84390642e-2
2412 4.15095707e-1 4.41845260e-2
2414 4.23019189e-1 7.02822984e-2
2416 4.31495150e-1 9.67520330e-2
2418 4.40555787e-1 1.23613763e-1
2420 4.50236233e-1 1.50887879e-1
2422 4.60574817e-1 1.78595095e-1
2424 4.71613370e-1 2.06756398e-1
2426 4.83397551e-1 2.35392978e-1
2428 4.95977213e-1 2.64526142e-1
2430 5.09406812e-1 2.94177196e-1
2432 5.23745857e-1 3.24367297e-1
2434 5.39059413e-1 3.55117272e-1
2436 5.55418651e-1 3.86447378e-1
2438 5.72901468e-1 4.18377019e-1
2440 5.91593164e-1 4.50924387e-1
2442 6.11587189e-1 4.84106019e-1
2444 6.32985979e-1 5.17936260e-1
2446 6.55901857e-1 5.52426601e-1
2448 6.80458035e-1 5.87584868e-1
2450 7.06789703e-1 6.23414243e-1
2452 7.35045205e-1 6.59912058e-1
2454 7.65387317e-1 6.97068346e-1
2456 7.97994605e-1 7.34864074e-1
2458 8.33062853e-1 7.73269001e-1
2460 8.70806558e-1 8.12239098e-1
2462 9.11460427e-1 8.51713419e-1
2464 9.55280851e-1 8.91610351e-1
2466 1.00254727e+0 9.31823088e-1
2468 1.05356333e+0 9.72214231e-1
2470 1.10865762e+0 1.01260932e+0
2472 1.16818394e+0 1.05278920e+0
2474 1.23252055e+0 1.09248094e+0
2476 1.30206833e+0 1.13134729e+0
2478 1.37724707e+0 1.16897440e+0
2480 1.45848947e+0 1.20485779e+0
2482 1.54623175e+0 1.23838669e+0
2484 1.64090021e+0 1.26882673e+0
2486 1.74289210e+0 1.29530179e+0
2488 1.85254961e+0 1.31677575e+0
2490 1.97012542e+0 1.33203573e+0
2492 2.09573808e+0 1.33967926e+0
2494 2.22931623e+0 1.33810877e+0
2496 2.37053098e+0 1.32553802e+0
2498 2.51871757e+0 1.30001654e+0
2500 2.67278945e+0 1.25947903e+0
2502 2.83115154e+0 1.20182720e+0
2504 2.99162361e+0 1.12505044e+0
2506 3.15138969e+0 1.02738855e+0
2508 3.30699357e+0 9.07533113e-1
2510 3.45440251e+0 7.64854888e-1
2512 3.58915779e+0 5.99632140e-1
2514 3.70662116e+0 4.13242946e-1
2516 3.80230821e+0 2.08277200e-1
2518 3.87227693e+0 -1.14738048e-2
2520 3.91351760e+0 -2.41176866e-1
2522 3.92427733e+0 -4.75264134e-1
2524 3.90425635e+0 -7.07853102e-1
2526 3.85463536e+0 -9.33215558e-1
2528 3.77792918e+0 -1.14621880e+0
2530 3.67769837e+0 -1.34267039e+0
2532 3.55817725e+0 -1.51952309e+0
2534 3.42388490e+0 -1.67493012e+0
2536 3.27927685e+0 -1.80817046e+0
2538 3.12847477e+0 -1.91948256e+0
2540 2.97508890e+0 -2.00985040e+0
2542 2.82212863e+0 -2.08078021e+0
2544 2.67198537e+0 -2.13409575e+0
2546 2.52646659e+0 -2.17176780e+0
2548 2.38686113e+0 -2.19578352e+0
2550 2.25401906e+0 -2.20805435e+0
2552 2.12843404e+0 -2.21035703e+0
2554 2.01032075e+0 -2.20430100e+0
2556 1.89968305e+0 -2.19131519e+0
2558 1.79637139e+0 -2.17264835e+0
2560 1.70012940e+0 -2.14937783e+0
2562 1.61063063e+0 -2.12242348e+0
2564 1.52750668e+0 -2.09256380e+0
2566 1.45036832e+0 -2.06045274e+0
2568 1.37882077e+0 -2.02663606e+0
2570 1.31247464e+0 -1.99156646e+0
2572 1.25095326e+0 -1.95561736e+0
2574 1.19389750e+0 -1.91909504e+0
2576 1.14096864e+0 -1.88224920e+0
2578 1.09184981e+0 -1.84528216e+0
2580 1.04624643e+0 -1.80835663e+0
2582 1.00388600e+0 -1.77160233e+0
2584 9.64517352e-1 -1.73512159e+0
2586 9.27909657e-1 -1.69899405e+0
2588 8.93851250e-1 -1.66328059e+0
2590 8.62148355e-1 -1.62802666e+0
2592 8.32623792e-1 -1.59326494e+0
2594 8.05115700e-1 -1.55901773e+0
2596 7.79476310e-1 -1.52529876e+0
2598 7.55570768e-1 -1.49211481e+0
2600 7.33276048e-1 -1.45946704e+0
2602 7.12479926e-1 -1.42735202e+0
2604 6.93080045e-1 -1.39576266e+0
2606 6.74983048e-1 -1.36468896e+0
2608 6.58103792e-1 -1.33411859e+0
2610 6.42364631e-1 -1.30403742e+0
2612 6.27694762e-1 -1.27442995e+0
2614 6.14029635e-1 -1.24527960e+0
2616 6.01310420e-1 -1.21656904e+0
2618 5.89483525e-1 -1.18828038e+0
2620 5.78500162e-1 -1.16039539e+0
2622 5.68315954e-1 -1.13289563e+0
2624 5.58890586e-1 -1.10576256e+0
2626 5.50187489e-1 -1.07897766e+0
2628 5.42173559e-1 -1.05252249e+0
2630 5.34818902e-1 -1.02637875e+0
2632 5.28096611e-1 -1.00052835e+0
2634 5.21982566e-1 -9.74953409e-1
2636 5.16455254e-1 -9.49636300e-1
2638 5.11495615e-1 -9.24559669e-1
2640 5.07086904e-1 -8.99706447e-1
2642 5.03214574e-1 -8.75059855e-1
2644 4.99866168e-1 -8.50603415e-1
2646 4.97031234e-1 -8.26320948e-1
2648 4.94701255e-1 -8.02196577e-1
2650 4.92869585e-1 -7.78214731e-1
2652 4.91531407e-1 -7.54360142e-1
2654 4.90683695e-1 -7.30617849e-1
2656 4.90325195e-1 -7.06973202e-1
2658 4.90456414e-1 -6.83411866e-1
2660 4.91079624e-1 -6.59919830e-1
2662 4.92198871e-1 -6.36483419e-1
2664 4.93820002e-1 -6.13089313e-1
2666 4.95950701e-1 -5.89724562e-1
2668 4.98600535e-1 -5.66376623e-1
2670 5.01781015e-1 -5.43033388e-1
2672 5.05505668e-1 -5.19683233e-1
2674 5.09790120e-1 -4.96315072e-1
2676 5.14652191e-1 -4.72918422e-1
2678 5.20112012e-1 -4.49483483e-1
2680 5.26192141e-1 -4.26001237e-1
2682 5.32917707e-1 -4.02463560e-1
2684 5.40316561e-1 -3.78863363e-1
2686 5.48419442e-1 -3.55194751e-1
2688 5.57260163e-1 -3.31453215e-1
2690 5.66875806e-1 -3.07635860e-1
2692 5.77306935e-1 -2.83741667e-1
2694 5.88597819e-1 -2.59771809e-1
2696 6.00796674e-1 -2.35730012e-1
2698 6.13955907e-1 -2.11622983e-1
2700 6.28132370e-1 -1.87460908e-1
2702 6.43387619e-1 -1.63258031e-1
2704 6.59788160e-1 -1.39033331e-1
2706 6.77405690e-1 -1.14811303e-1
2708 6.96317307e-1 -9.06228686e-2
2710 7.16605683e-1 -6.65064253e-2
2712 7.38359170e-1 -4.25090570e-2
2714 7.61671826e-1 -1.86879255e-2
2716 7.86643312e-1 4.88813784e-3
2718 8.13378629e-1 2.81368185e-2
2720 8.41987639e-1 5.09602664e-2
2722 8.72584298e-1 7.32427879e-2
2724 9.05285523e-1 9.48482772e-2
2726 9.40209598e-1 1.15617387e-1
2728 9.77473983e-1 1.35364462e-1
2730 1.01719241e+0 1.53874275e-1
2732 1.05947107e+0 1.70898652e-1
2734 1.10440377e+0 1.86153100e-1
2736 1.15206577e+0 1.99313643e-1
2738 1.20250618e+0 2.10014112e-1
2740 1.25573881e+0 2.17844280e-1
2742 1.31173107e+0 2.22349299e-1
2744 1.37039131e+0 2.23031078e-1
2746 1.43155424e+0 2.19352332e-1
2748 1.49496522e+0 2.10744175e-1
2750 1.56026373e+0 1.96618188e-1
2752 1.62696724e+0 1.76383893e-1
2754 1.69445705e+0 1.49472361e-1
2756 1.76196797e+0 1.15366368e-1
2758 1.82858456e+0 7.36368203e-2
2760 1.89324657e+0 2.39842858e-2
2762 1.95476635e+0 -3.37167423e-2
2764 2.01186049e+0 -9.93745281e-2
2766 2.06319650e+0 -1.72642646e-1
2768 2.10745380e+0 -2.52894122e-1
2770 2.14339548e+0 -3.39212897e-1
2772 2.16994527e+0 -4.30407218e-1
2774 2.18626163e+0 -5.25047276e-1
2776 2.19180016e+0 -6.21526121e-1
2778 2.18635618e+0 -7.18139177e-1
2780 2.17008118e+0 -8.13174516e-1
2782 2.14347099e+0 -9.05003994e-1
2784 2.10732728e+0 -9.92165254e-1
2786 2.06269771e+0 -1.07342624e+0
2788 2.01080310e+0 -1.14782693e+0
2790 1.95296010e+0 -1.21469669e+0
2792 1.89050790e+0 -1.27364907e+0
2794 1.82474496e+0 -1.32455824e+0
2796 1.75687966e+0 -1.36752294e+0
2798 1.68799618e+0 -1.40282347e+0
2800 1.61903474e+0 -1.43087706e+0
2802 1.55078453e+0 -1.45219552e+0
2804 1.48388618e+0 -1.46734759e+0
2806 1.41884135e+0 -1.47692766e+0
2808 1.35602656e+0 -1.48153092e+0
2810 1.29570929e+0 -1.48173494e+0
2812 1.23806462e+0 -1.47808672e+0
2814 1.18319135e+0 -1.47109448e+0
2816 1.13112680e+0 -1.46122311e+0
2818 1.08185998e+0 -1.44889246e+0
2820 1.03534293e+0 -1.43447772e+0
2822 9.91500289e-1 -1.41831116e+0
2824 9.50237143e-1 -1.40068478e+0
2826 9.11445428e-1 -1.38185347e+0
2828 8.75008990e-1 -1.36203848e+0
2830 8.40807543e-1 -1.34143077e+0
2832 8.08719714e-1 -1.32019441e+0
2834 7.78625316e-1 -1.29846965e+0
2836 7.50407026e-1 -1.27637589e+0
2838 7.23951564e-1 -1.25401429e+0
2840 6.99150498e-1 -1.23147011e+0
2842 6.75900748e-1 -1.20881487e+0
2844 6.54104863e-1 -1.18610820e+0
2846 6.33671124e-1 -1.16339945e+0
2848 6.14513529e-1 -1.14072919e+0
2850 5.96551672e-1 -1.11813037e+0
2852 5.79710568e-1 -1.09562947e+0
2854 5.63920431e-1 -1.07324742e+0
2856 5.49116423e-1 -1.05100039e+0
2858 5.35238390e-1 -1.02890049e+0
2860 5.22230594e-1 -1.00695640e+0
2862 5.10041439e-1 -9.85173848e-1
2864 4.98623211e-1 -9.63556058e-1
2866 4.87931823e-1 -9.42104143e-1
2868 4.77926571e-1 -9.20817415e-1
2870 4.68569903e-1 -8.99693666e-1
2872 4.59827208e-1 -8.78729402e-1
2874 4.51666607e-1 -8.57920045e-1
2876 4.44058769e-1 -8.37260100e-1
2878 4.36976736e-1 -8.16743307e-1
2880 4.30395764e-1 -7.96362755e-1
2882 4.24293171e-1 -7.76110994e-1
2884 4.18648204e-1 -7.55980117e-1
2886 4.13441916e-1 -7.35961833e-1
2888 4.08657051e-1 -7.16047532e-1
2890 4.04277942e-1 -6.96228335e-1
2892 4.00290419e-1 -6.76495132e-1
2894 3.96681725e-1 -6.56838621e-1
2896 3.93440441e-1 -6.37249331e-1
2898 3.90556419e-1 -6.17717648e-1
2900 3.88020722e-1 -5.98233829e-1
2902 3.85825576e-1 -5.78788019e-1
2904 3.83964320e-1 -5.59370253e-1
2906 3.82431373e-1 -5.39970470e-1
2908 3.81222196e-1 -5.20578509e-1
2910 3.80333273e-1 -5.01184117e-1
2912 3.79762086e-1 -4.81776945e-1
2914 3.79507102e-1 -4.62346545e-1
2916 3.79567768e-1 -4.42882367e-1
2918 3.79944502e-1 -4.23373756e-1
2920 3.80638703e-1 -4.03809945e-1
2922 3.81652755e-1 -3.84180049e-1
2924 3.82990042e-1 -3.64473062e-1
2926 3.84654969e-1 -3.44677842e-1
2928 3.86652989e-1 -3.24783116e-1
2930 3.88990635e-1 -3.04777466e-1
2932 3.91675562e-1 -2.84649324e-1
2934 3.94716588e-1 -2.64386974e-1
2936 3.98123753e-1 -2.43978541e-1
2938 4.01908379e-1 -2.23411995e-1
2940 4.06083142e-1 -2.02675148e-1
2942 4.10662149e-1 -1.81755661e-1
2944 4.15661029e-1 -1.60641046e-1
2946 4.21097033e-1 -1.39318681e-1
2948 4.26989144e-1 -1.17775821e-1
2950 4.33358206e-1 -9.59996220e-2
2952 4.40227055e-1 -7.39771653e-2
2954 4.47620679e-1 -5.16954960e-2
2956 4.55566379e-1 -2.91416671e-2
2958 4.64093965e-1 -6.30279652e-3
2960 4.73235957e-1 1.68338618e-2
2962 4.83027810e-1 4.02808308e-2
2964 4.93508172e-1 6.40503033e-2
2966 5.04719154e-1 8.81540121e-2
2968 5.16706634e-1 1.12603072e-1
2970 5.29520589e-1 1.37407791e-1
2972 5.43215459e-1 1.62577436e-1
2974 5.57850544e-1 1.88119965e-1
2976 5.73490437e-1 2.14041688e-1
2978 5.90205492e-1 2.40346878e-1
2980 6.08072338e-1 2.67037296e-1
2982 6.27174421e-1 2.94111623e-1
2984 6.47602599e-1 3.21564796e-1
2986 6.69455758e-1 3.49387197e-1
2988 6.92841476e-1 3.77563710e-1
2990 7.17876702e-1 4.06072585e-1
2992 7.44688455e-1 4.34884096e-1
2994 7.73414522e-1 4.63958957e-1
2996 8.04204132e-1 4.93246440e-1
2998 8.37218567e-1 5.22682162e-1
3000 8.72631681e-1 5.52185480e-1
