#Note:F; Temperature:25Â°C
#f[Hz] Re(Z/Zc) Im(Z/Zc)
20 4.55885409e+0 -2.80450227e+1
22 3.96200045e+0 -2.56899658e+1
24 3.48517249e+0 -2.37024253e+1
26 3.09705808e+0 -2.20019432e+1
28 2.77613030e+0 -2.05300251e+1
30 2.50714794e+0 -1.92431087e+1
32 2.27904694e+0 -1.81080746e+1
34 2.08362059e+0 -1.70992874e+1
36 1.91466618e+0 -1.61965904e+1
38 1.76741758e+0 -1.53839132e+1
40 1.63815842e+0 -1.46482841e+1
42 1.52395263e+0 -1.39791164e+1
44 1.42245313e+0 -1.33676829e+1
46 1.33176354e+0 -1.28067244e+1
48 1.25033671e+0 -1.22901528e+1
50 1.17689920e+0 -1.18128238e+1
52 1.11039431e+0 -1.13703601e+1
54 1.04993862e+0 -1.09590140e+1
56 9.94788476e-1 -1.05755572e+1
58 9.44313868e-1 -1.02171941e+1
60 8.97977889e-1 -9.88149163e+0
62 8.55320450e-1 -9.56632172e+0
64 8.15945254e-1 -9.26981532e+0
66 7.79509307e-1 -8.99032388e+0
68 7.45714404e-1 -8.72638773e+0
70 7.14300180e-1 -8.47670976e+0
72 6.85038401e-1 -8.24013332e+0
74 6.57728245e-1 -8.01562369e+0
76 6.32192382e-1 -7.80225238e+0
78 6.08273697e-1 -7.59918383e+0
80 5.85832546e-1 -7.40566400e+0
82 5.64744437e-1 -7.22101069e+0
84 5.44898066e-1 -7.04460514e+0
86 5.26193650e-1 -6.87588481e+0
88 5.08541502e-1 -6.71433709e+0
90 4.91860808e-1 -6.55949394e+0
92 4.76078582e-1 -6.41092704e+0
94 4.61128753e-1 -6.26824375e+0
96 4.46951385e-1 -6.13108336e+0
98 4.33491992e-1 -5.99911400e+0
100 4.20700947e-1 -5.87202971e+0
102 4.08532962e-1 -5.74954802e+0
104 3.96946633e-1 -5.63140769e+0
106 3.85904040e-1 -5.51736676e+0
108 3.75370398e-1 -5.40720081e+0
110 3.65313744e-1 -5.30070136e+0
112 3.55704663e-1 -5.19767447e+0
114 3.46516044e-1 -5.09793955e+0
116 3.37722866e-1 -5.00132814e+0
118 3.29302000e-1 -4.90768295e+0
120 3.21232042e-1 -4.81685696e+0
122 3.13493157e-1 -4.72871252e+0
124 3.06066939e-1 -4.64312069e+0
126 2.98936291e-1 -4.55996050e+0
128 2.92085311e-1 -4.47911837e+0
130 2.85499192e-1 -4.40048752e+0
132 2.79164134e-1 -4.32396749e+0
134 2.73067259e-1 -4.24946367e+0
136 2.67196537e-1 -4.17688684e+0
138 2.61540722e-1 -4.10615285e+0
140 2.56089289e-1 -4.03718220e+0
142 2.50832380e-1 -3.96989976e+0
144 2.45760750e-1 -3.90423442e+0
146 2.40865727e-1 -3.84011888e+0
148 2.36139165e-1 -3.77748935e+0
150 2.31573407e-1 -3.71628534e+0
152 2.27161252e-1 -3.65644943e+0
154 2.22895922e-1 -3.59792708e+0
156 2.18771030e-1 -3.54066645e+0
158 2.14780556e-1 -3.48461821e+0
160 2.10918822e-1 -3.42973543e+0
162 2.07180468e-1 -3.37597336e+0
164 2.03560431e-1 -3.32328939e+0
166 2.00053926e-1 -3.27164282e+0
168 1.96656428e-1 -3.22099483e+0
170 1.93363657e-1 -3.17130832e+0
172 1.90171561e-1 -3.12254784e+0
174 1.87076300e-1 -3.07467946e+0
176 1.84074237e-1 -3.02767072e+0
178 1.81161926e-1 -2.98149052e+0
180 1.78336095e-1 -2.93610906e+0
182 1.75593641e-1 -2.89149775e+0
184 1.72931620e-1 -2.84762916e+0
186 1.70347235e-1 -2.80447695e+0
188 1.67837831e-1 -2.76201581e+0
190 1.65400885e-1 -2.72022141e+0
192 1.63033997e-1 -2.67907033e+0
194 1.60734890e-1 -2.63854003e+0
196 1.58501397e-1 -2.59860879e+0
198 1.56331457e-1 -2.55925569e+0
200 1.54223111e-1 -2.52046052e+0
202 1.52174496e-1 -2.48220381e+0
204 1.50183840e-1 -2.44446672e+0
206 1.48249457e-1 -2.40723106e+0
208 1.46369745e-1 -2.37047924e+0
210 1.44543180e-1 -2.33419423e+0
212 1.42768314e-1 -2.29835953e+0
214 1.41043770e-1 -2.26295916e+0
216 1.39368239e-1 -2.22797761e+0
218 1.37740481e-1 -2.19339985e+0
220 1.36159314e-1 -2.15921125e+0
222 1.34623622e-1 -2.12539762e+0
224 1.33132343e-1 -2.09194513e+0
226 1.31684473e-1 -2.05884034e+0
228 1.30279062e-1 -2.02607014e+0
230 1.28915211e-1 -1.99362175e+0
232 1.27592073e-1 -1.96148271e+0
234 1.26308848e-1 -1.92964083e+0
236 1.25064783e-1 -1.89808422e+0
238 1.23859174e-1 -1.86680122e+0
240 1.22691359e-1 -1.83578043e+0
242 1.21560720e-1 -1.80501067e+0
244 1.20466682e-1 -1.77448097e+0
246 1.19408711e-1 -1.74418057e+0
248 1.18386316e-1 -1.71409886e+0
250 1.17399044e-1 -1.68422544e+0
252 1.16446481e-1 -1.65455004e+0
254 1.15528256e-1 -1.62506254e+0
256 1.14644033e-1 -1.59575295e+0
258 1.13793516e-1 -1.56661139e+0
260 1.12976448e-1 -1.53762811e+0
262 1.12192607e-1 -1.50879343e+0
264 1.11441814e-1 -1.48009775e+0
266 1.10723925e-1 -1.45153156e+0
268 1.10038834e-1 -1.42308539e+0
270 1.09386477e-1 -1.39474981e+0
272 1.08766827e-1 -1.36651545e+0
274 1.08179897e-1 -1.33837295e+0
276 1.07625741e-1 -1.31031293e+0
278 1.07104453e-1 -1.28232606e+0
280 1.06616169e-1 -1.25440296e+0
282 1.06161071e-1 -1.22653423e+0
284 1.05739381e-1 -1.19871044e+0
286 1.05351370e-1 -1.17092211e+0
288 1.04997353e-1 -1.14315966e+0
290 1.04677695e-1 -1.11541349e+0
292 1.04392811e-1 -1.08767386e+0
294 1.04143169e-1 -1.05993095e+0
296 1.03929289e-1 -1.03217480e+0
298 1.03751749e-1 -1.00439533e+0
300 1.03611186e-1 -9.76582302e-1
302 1.03508300e-1 -9.48725307e-1
304 1.03443853e-1 -9.20813755e-1
306 1.03418678e-1 -8.92836853e-1
308 1.03433678e-1 -8.64783585e-1
310 1.03489833e-1 -8.36642695e-1
312 1.03588201e-1 -8.08402666e-1
314 1.03729927e-1 -7.80051697e-1
316 1.03916244e-1 -7.51577683e-1
318 1.04148479e-1 -7.22968190e-1
320 1.04428062e-1 -6.94210427e-1
322 1.04756530e-1 -6.65291223e-1
324 1.05135532e-1 -6.36196999e-1
326 1.05566842e-1 -6.06913734e-1
328 1.06052363e-1 -5.77426936e-1
330 1.06594136e-1 -5.47721606e-1
332 1.07194355e-1 -5.17782203e-1
334 1.07855369e-1 -4.87592605e-1
336 1.08579704e-1 -4.57136066e-1
338 1.09370066e-1 -4.26395175e-1
340 1.10229363e-1 -3.95351802e-1
342 1.11160715e-1 -3.63987053e-1
344 1.12167476e-1 -3.32281211e-1
346 1.13253246e-1 -3.00213680e-1
348 1.14421898e-1 -2.67762915e-1
350 1.15677596e-1 -2.34906362e-1
352 1.17024819e-1 -2.01620375e-1
354 1.18468394e-1 -1.67880141e-1
356 1.20013520e-1 -1.33659589e-1
358 1.21665801e-1 -9.89312993e-2
360 1.23431289e-1 -6.36663972e-2
362 1.25316516e-1 -2.78344433e-2
364 1.27328544e-1 8.59668866e-3
366 1.29475016e-1 4.56609440e-2
368 1.31764206e-1 8.33942320e-2
370 1.34205087e-1 1.21834584e-1
372 1.36807393e-1 1.61022324e-1
374 1.39581705e-1 2.01000264e-1
376 1.42539528e-1 2.41813905e-1
378 1.45693393e-1 2.83511670e-1
380 1.49056967e-1 3.26145155e-1
382 1.52645171e-1 3.69769405e-1
384 1.56474319e-1 4.14443223e-1
386 1.60562276e-1 4.60229506e-1
388 1.64928635e-1 5.07195624e-1
390 1.69594914e-1 5.55413834e-1
392 1.74584788e-1 6.04961744e-1
394 1.79924344e-1 6.55922832e-1
396 1.85642385e-1 7.08387020e-1
398 1.91770766e-1 7.62451317e-1
400 1.98344785e-1 8.18220545e-1
402 2.05403635e-1 8.75808145e-1
404 2.12990925e-1 9.35337095e-1
406 2.21155284e-1 9.96940930e-1
408 2.29951057e-1 1.06076491e+0
410 2.39439127e-1 1.12696734e+0
412 2.49687869e-1 1.19572105e+0
414 2.60774270e-1 1.26721510e+0
416 2.72785250e-1 1.34165674e+0
418 2.85819225e-1 1.41927361e+0
420 2.99987957e-1 1.50031628e+0
422 3.15418762e-1 1.58506118e+0
424 3.32257158e-1 1.67381401e+0
426 3.50670032e-1 1.76691361e+0
428 3.70849487e-1 1.86473647e+0
430 3.93017493e-1 1.96770207e+0
432 4.17431574e-1 2.07627896e+0
434 4.44391779e-1 2.19099198e+0
436 4.74249286e-1 2.31243069e+0
438 5.07417085e-1 2.44125932e+0
440 5.44383322e-1 2.57822846e+0
442 5.85728084e-1 2.72418893e+0
444 6.32144669e-1 2.88010813e+0
446 6.84466722e-1 3.04708958e+0
448 7.43703163e-1 3.22639590e+0
450 8.11083487e-1 3.41947620e+0
452 8.88117064e-1 3.62799832e+0
454 9.76671479e-1 3.85388671e+0
456 1.07907705e+0 4.09936626e+0
458 1.19826769e+0 4.36701212e+0
460 1.33797284e+0 4.65980402e+0
462 1.50298176e+0 4.98118156e+0
464 1.69951170e+0 5.33509151e+0
466 1.93572623e+0 5.72600903e+0
468 2.22247260e+0 6.15889559e+0
470 2.57433982e+0 6.63901980e+0
472 3.01118465e+0 7.17149536e+0
474 3.56033002e+0 7.76024836e+0
476 4.25968733e+0 8.40584630e+0
478 5.16201015e+0 9.10107362e+0
480 6.34008323e+0 9.82210664e+0
482 7.89110599e+0 1.05113754e+1
484 9.93380075e+0 1.10460066e+1
486 1.25796559e+1 1.11866375e+1
488 1.58371119e+1 1.05203679e+1
490 1.94000788e+1 8.48451556e+0
492 2.24063019e+1 4.67732812e+0
494 2.36308312e+1 -5.00808728e-1
496 2.24585370e+1 -5.66385766e+0
498 1.95420045e+1 -9.45753498e+0
500 1.60861809e+1 -1.15212111e+1
502 1.29173576e+1 -1.22546772e+1
504 1.03275743e+1 -1.21983170e+1
506 8.31200225e+0 -1.17472924e+1
508 6.76788395e+0 -1.11325758e+1
510 5.58425974e+0 -1.04747623e+1
512 4.66937604e+0 -9.83196711e+0
514 3.95390409e+0 -9.22952809e+0
516 3.38717080e+0 -8.67631268e+0
518 2.93247187e+0 -8.17323376e+0
520 2.56315830e+0 -7.71759370e+0
522 2.25972824e+0 -7.30526401e+0
524 2.00775945e+0 -6.93175448e+0
526 1.79646214e+0 -6.59271565e+0
528 1.61766812e+0 -6.28415369e+0
530 1.46512165e+0 -6.00250178e+0
532 1.33397788e+0 -5.74462178e+0
534 1.22044456e+0 -5.50777457e+0
536 1.12152348e+0 -5.28957837e+0
538 1.03482173e+0 -5.08796468e+0
540 9.58412591e-1 -4.90113641e+0
542 8.90731802e-1 -4.72753011e+0
544 8.30499477e-1 -4.56578278e+0
546 7.76660785e-1 -4.41470326e+0
548 7.28340429e-1 -4.27324771e+0
550 6.84807434e-1 -4.14049882e+0
552 6.45447676e-1 -4.01564806e+0
554 6.09742279e-1 -3.89798073e+0
556 5.77250508e-1 -3.78686319e+0
558 5.47596120e-1 -3.68173211e+0
560 5.20456402e-1 -3.58208521e+0
562 4.95553319e-1 -3.48747343e+0
564 4.72646311e-1 -3.39749426e+0
566 4.51526407e-1 -3.31178594e+0
568 4.32011386e-1 -3.23002254e+0
570 4.13941780e-1 -3.15190974e+0
572 3.97177552e-1 -3.07718107e+0
574 3.81595327e-1 -3.00559482e+0
576 3.67086074e-1 -2.93693120e+0
578 3.53553150e-1 -2.87098995e+0
580 3.40910653e-1 -2.80758827e+0
582 3.29082019e-1 -2.74655892e+0
584 3.17998835e-1 -2.68774863e+0
586 3.07599817e-1 -2.63101670e+0
588 2.97829941e-1 -2.57623369e+0
590 2.88639688e-1 -2.52328037e+0
592 2.79984402e-1 -2.47204668e+0
594 2.71823725e-1 -2.42243092e+0
596 2.64121113e-1 -2.37433890e+0
598 2.56843414e-1 -2.32768332e+0
600 2.49960493e-1 -2.28238310e+0
602 2.43444915e-1 -2.23836286e+0
604 2.37271660e-1 -2.19555239e+0
606 2.31417871e-1 -2.15388623e+0
608 2.25862639e-1 -2.11330326e+0
610 2.20586803e-1 -2.07374634e+0
612 2.15572787e-1 -2.03516198e+0
614 2.10804438e-1 -1.99750005e+0
616 2.06266898e-1 -1.96071350e+0
618 2.01946483e-1 -1.92475812e+0
620 1.97830570e-1 -1.88959233e+0
622 1.93907509e-1 -1.85517697e+0
624 1.90166530e-1 -1.82147511e+0
626 1.86597671e-1 -1.78845191e+0
628 1.83191705e-1 -1.75607441e+0
630 1.79940083e-1 -1.72431147e+0
632 1.76834872e-1 -1.69313356e+0
634 1.73868708e-1 -1.66251268e+0
636 1.71034752e-1 -1.63242229e+0
638 1.68326643e-1 -1.60283711e+0
640 1.65738467e-1 -1.57373314e+0
642 1.63264718e-1 -1.54508749e+0
644 1.60900273e-1 -1.51687834e+0
646 1.58640358e-1 -1.48908486e+0
648 1.56480527e-1 -1.46168715e+0
650 1.54416636e-1 -1.43466615e+0
652 1.52444825e-1 -1.40800363e+0
654 1.50561497e-1 -1.38168207e+0
656 1.48763301e-1 -1.35568467e+0
658 1.47047116e-1 -1.32999527e+0
660 1.45410037e-1 -1.30459832e+0
662 1.43849362e-1 -1.27947882e+0
664 1.42362578e-1 -1.25462230e+0
666 1.40947353e-1 -1.23001477e+0
668 1.39601525e-1 -1.20564270e+0
670 1.38323091e-1 -1.18149297e+0
672 1.37110201e-1 -1.15755286e+0
674 1.35961151e-1 -1.13380998e+0
676 1.34874374e-1 -1.11025231e+0
678 1.33848436e-1 -1.08686809e+0
680 1.32882028e-1 -1.06364588e+0
682 1.31973967e-1 -1.04057446e+0
684 1.31123182e-1 -1.01764287e+0
686 1.30328720e-1 -9.94840322e-1
688 1.29589738e-1 -9.72156249e-1
690 1.28905498e-1 -9.49580231e-1
692 1.28275372e-1 -9.27101994e-1
694 1.27698831e-1 -9.04711392e-1
696 1.27175451e-1 -8.82398382e-1
698 1.26704908e-1 -8.60153005e-1
700 1.26286979e-1 -8.37965370e-1
702 1.25921541e-1 -8.15825634e-1
704 1.25608571e-1 -7.93723980e-1
706 1.25348148e-1 -7.71650604e-1
708 1.25140452e-1 -7.49595689e-1
710 1.24985769e-1 -7.27549392e-1
712 1.24884489e-1 -7.05501822e-1
714 1.24837112e-1 -6.83443021e-1
716 1.24844246e-1 -6.61362942e-1
718 1.24906617e-1 -6.39251432e-1
720 1.25025068e-1 -6.17098207e-1
722 1.25200567e-1 -5.94892835e-1
724 1.25434209e-1 -5.72624709e-1
726 1.25727225e-1 -5.50283025e-1
728 1.26080985e-1 -5.27856757e-1
730 1.26497012e-1 -5.05334636e-1
732 1.26976981e-1 -4.82705114e-1
734 1.27522736e-1 -4.59956345e-1
736 1.28136297e-1 -4.37076150e-1
738 1.28819872e-1 -4.14051985e-1
740 1.29575869e-1 -3.90870911e-1
742 1.30406910e-1 -3.67519555e-1
744 1.31315846e-1 -3.43984075e-1
746 1.32305775e-1 -3.20250115e-1
748 1.33380061e-1 -2.96302767e-1
750 1.34542354e-1 -2.72126519e-1
752 1.35796610e-1 -2.47705208e-1
754 1.37147124e-1 -2.23021967e-1
756 1.38598551e-1 -1.98059162e-1
758 1.40155940e-1 -1.72798335e-1
760 1.41824770e-1 -1.47220128e-1
762 1.43610988e-1 -1.21304219e-1
764 1.45521052e-1 -9.50292326e-2
766 1.47561976e-1 -6.83726566e-2
768 1.49741392e-1 -4.13107464e-2
770 1.52067599e-1 -1.38184204e-2
772 1.54549640e-1 1.41308539e-2
774 1.57197373e-1 4.25651844e-2
776 1.60021554e-1 7.15143913e-2
778 1.63033937e-1 1.01010157e-1
780 1.66247379e-1 1.31086193e-1
782 1.69675960e-1 1.61778419e-1
784 1.73335125e-1 1.93125167e-1
786 1.77241835e-1 2.25167401e-1
788 1.81414751e-1 2.57948967e-1
790 1.85874428e-1 2.91516861e-1
792 1.90643553e-1 3.25921538e-1
794 1.95747207e-1 3.61217246e-1
796 2.01213168e-1 3.97462401e-1
798 2.07072263e-1 4.34720014e-1
800 2.13358767e-1 4.73058155e-1
802 2.20110874e-1 5.12550482e-1
804 2.27371236e-1 5.53276835e-1
806 2.35187596e-1 5.95323896e-1
808 2.43613520e-1 6.38785943e-1
810 2.52709267e-1 6.83765696e-1
812 2.62542796e-1 7.30375265e-1
814 2.73190968e-1 7.78737239e-1
816 2.84740964e-1 8.28985906e-1
818 2.97291969e-1 8.81268647e-1
820 3.10957186e-1 9.35747511e-1
822 3.25866247e-1 9.92601015e-1
824 3.42168121e-1 1.05202619e+0
826 3.60034627e-1 1.11424089e+0
828 3.79664706e-1 1.17948646e+0
830 4.01289639e-1 1.24803073e+0
832 4.25179449e-1 1.32017140e+0
834 4.51650812e-1 1.39623990e+0
836 4.81076872e-1 1.47660569e+0
838 5.13899495e-1 1.56168104e+0
840 5.50644661e-1 1.65192622e+0
842 5.91941919e-1 1.74785516e+0
844 6.38549126e-1 1.85004111e+0
846 6.91384115e-1 1.95912222e+0
848 7.51565494e-1 2.07580610e+0
850 8.20465528e-1 2.20087229e+0
852 8.99779121e-1 2.33517054e+0
854 9.91614278e-1 2.47961144e+0
856 1.09861127e+0 2.63514349e+0
858 1.22410006e+0 2.80270703e+0
860 1.37230832e+0 2.98314857e+0
862 1.54863502e+0 3.17706823e+0
864 1.76000596e+0 3.38455448e+0
866 2.01532360e+0 3.60472981e+0
868 2.32600594e+0 3.83498098e+0
870 2.70655683e+0 4.06967036e+0
872 3.17498024e+0 4.29801667e+0
874 3.75255533e+0 4.50072055e+0
876 4.46187925e+0 4.64492021e+0
878 5.32100013e+0 4.67760225e+0
880 6.33010169e+0 4.51964606e+0
882 7.44736437e+0 4.06776821e+0
884 8.55786350e+0 3.21925914e+0
886 9.46055572e+0 1.93360605e+0
888 9.91977514e+0 3.10662654e-1
890 9.79087270e+0 -1.39557492e+0
892 9.12157064e+0 -2.88864387e+0
894 8.11553526e+0 -3.98157314e+0
896 7.00193893e+0 -4.64799634e+0
898 5.94125016e+0 -4.96560599e+0
900 5.01033957e+0 -5.04043411e+0
902 4.22845884e+0 -4.96408123e+0
904 3.58588292e+0 -4.80208500e+0
906 3.06235862e+0 -4.59685843e+0
908 2.63628643e+0 -4.37420585e+0
910 2.28839469e+0 -4.14910676e+0
912 2.00273759e+0 -3.92983841e+0
914 1.76658145e+0 -3.72065328e+0
916 1.56992206e+0 -3.52344079e+0
918 1.40494685e+0 -3.33873454e+0
920 1.26555616e+0 -3.16631472e+0
922 1.14697292e+0 -3.00556490e+0
924 1.04543700e+0 -2.85568122e+0
926 9.57970700e-1 -2.71579314e+0
928 8.82200289e-1 -2.58503147e+0
930 8.16220544e-1 -2.46256491e+0
932 7.58491839e-1 -2.34761813e+0
934 7.07761653e-1 -2.23947887e+0
936 6.63004438e-1 -2.13749898e+0
938 6.23375283e-1 -2.04109196e+0
940 5.88173994e-1 -1.94972880e+0
942 5.56817082e-1 -1.86293308e+0
944 5.28815769e-1 -1.78027588e+0
946 5.03758628e-1 -1.70137083e+0
948 4.81297780e-1 -1.62586947e+0
950 4.61137870e-1 -1.55345702e+0
952 4.43027202e-1 -1.48384852e+0
954 4.26750580e-1 -1.41678537e+0
956 4.12123495e-1 -1.35203232e+0
958 3.98987380e-1 -1.28937467e+0
960 3.87205726e-1 -1.22861591e+0
962 3.76660885e-1 -1.16957557e+0
964 3.67251437e-1 -1.11208730e+0
966 3.58890003e-1 -1.05599721e+0
968 3.51501447e-1 -1.00116236e+0
970 3.45021369e-1 -9.47449446e-1
972 3.39394869e-1 -8.94733565e-1
974 3.34575517e-1 -8.42897167e-1
976 3.30524508e-1 -7.91829076e-1
978 3.27209975e-1 -7.41423604e-1
980 3.24606430e-1 -6.91579747e-1
982 3.22694328e-1 -6.42200442e-1
984 3.21459734e-1 -5.93191879e-1
986 3.20894088e-1 -5.44462854e-1
988 3.20994051e-1 -4.95924167e-1
990 3.21761444e-1 -4.47488041e-1
992 3.23203266e-1 -3.99067565e-1
994 3.25331788e-1 -3.50576160e-1
996 3.28164744e-1 -3.01927043e-1
998 3.31725592e-1 -2.53032708e-1
1000 3.36043891e-1 -2.03804403e-1
1002 3.41155766e-1 -1.54151601e-1
1004 3.47104494e-1 -1.03981467e-1
1006 3.53941227e-1 -5.31983162e-2
1008 3.61725864e-1 -1.70305522e-3
1010 3.70528088e-1 5.06073860e-2
1012 3.80428630e-1 1.03840636e-1
1014 3.91520751e-1 1.58109473e-1
1016 4.03912028e-1 2.13532421e-1
1018 4.17726471e-1 2.70234334e-1
1020 4.33107055e-1 3.28346963e-1
1022 4.50218736e-1 3.88009464e-1
1024 4.69252067e-1 4.49368832e-1
1026 4.90427518e-1 5.12580173e-1
1028 5.14000677e-1 5.77806771e-1
1030 5.40268492e-1 6.45219804e-1
1032 5.69576797e-1 7.14997568e-1
1034 6.02329398e-1 7.87323961e-1
1036 6.38999035e-1 8.62385912e-1
1038 6.80140642e-1 9.40369277e-1
1040 7.26407345e-1 1.02145255e+0
1042 7.78569741e-1 1.10579745e+0
1044 8.37539027e-1 1.19353503e+0
1046 9.04394544e-1 1.28474552e+0
1048 9.80416169e-1 1.37942906e+0
1050 1.06712171e+0 1.47746391e+0
1052 1.16630866e+0 1.57854658e+0
1054 1.28009837e+0 1.68210707e+0
1056 1.41097790e+0 1.78718947e+0
1058 1.56183051e+0 1.89228562e+0
1060 1.73593735e+0 1.99510696e+0
1062 1.93692066e+0 2.09227865e+0
1064 2.16857819e+0 2.17894500e+0
1066 2.43453106e+0 2.24829107e+0
1068 2.73757290e+0 2.29102662e+0
1070 3.07858244e+0 2.29496053e+0
1072 3.45487927e+0 2.24493603e+0
1074 3.85803829e+0 2.12358996e+0
1076 4.27153364e+0 1.91355809e+0
1078 4.66920556e+0 1.60163161e+0
1080 5.01620655e+0 1.18461100e+0
1082 5.27405606e+0 6.75055074e-1
1084 5.40978165e+0 1.03571972e-1
1086 5.40602926e+0 -4.85377775e-1
1088 5.26691862e+0 -1.04383830e+0
1090 5.01614805e+0 -1.53224726e+0
1092 4.68866444e+0 -1.92712067e+0
1094 4.32074775e+0 -2.22201754e+0
1096 3.94285994e+0 -2.42345035e+0
1098 3.57668083e+0 -2.54513105e+0
1100 3.23536991e+0 -2.60309109e+0
1102 2.92539247e+0 -2.61259599e+0
1104 2.64864532e+0 -2.58668062e+0
1106 2.40425355e+0 -2.53575569e+0
1108 2.18986499e+0 -2.46777769e+0
1110 2.00248979e+0 -2.38864335e+0
1112 1.83900039e+0 -2.30262356e+0
1114 1.69640400e+0 -2.21275334e+0
1116 1.57197349e+0 -2.12115068e+0
1118 1.46329519e+0 -2.02926409e+0
1120 1.36827131e+0 -1.93805868e+0
1122 1.28509936e+0 -1.84815340e+0
1124 1.21224174e+0 -1.75992093e+0
1126 1.14839281e+0 -1.67355992e+0
1128 1.09244712e+0 -1.58914676e+0
1130 1.04347057e+0 -1.50667272e+0
1132 1.00067514e+0 -1.42607033e+0
1134 9.63397212e-1 -1.34723216e+0
1136 9.31079349e-1 -1.27002404e+0
1138 9.03254996e-1 -1.19429434e+0
1140 8.79535887e-1 -1.11988040e+0
1142 8.59601704e-1 -1.04661289e+0
1144 8.43191700e-1 -9.74318758e-1
1146 8.30097989e-1 -9.02823062e-1
1148 8.20160300e-1 -8.31950097e-1
1150 8.13261992e-1 -7.61523987e-1
1152 8.09327207e-1 -6.91368917e-1
1154 8.08319054e-1 -6.21309138e-1
1156 8.10238770e-1 -5.51168848e-1
1158 8.15125810e-1 -4.80772035e-1
1160 8.23058899e-1 -4.09942385e-1
1162 8.34158051e-1 -3.38503326e-1
1164 8.48587653e-1 -2.66278338e-1
1166 8.66560703e-1 -1.93091659e-1
1168 8.88344366e-1 -1.18769566e-1
1170 9.14267017e-1 -4.31424834e-2
1172 9.44727029e-1 3.39517617e-2
1174 9.80203565e-1 1.12663062e-1
1176 1.02126972e+0 1.93121906e-1
1178 1.06860835e+0 2.75429124e-1
1180 1.12303096e+0 3.59641266e-1
1182 1.18549993e+0 4.45749928e-1
1184 1.25715423e+0 5.33652640e-1
1186 1.33933831e+0 6.23112096e-1
1188 1.43363322e+0 7.13699264e-1
1190 1.54188748e+0 8.04714438e-1
1192 1.66624302e+0 8.95078437e-1
1194 1.80914704e+0 9.83184205e-1
1196 1.97333418e+0 1.06669756e+0
1198 2.16175231e+0 1.14229622e+0
1200 2.37738949e+0 1.20534123e+0
1202 2.62293708e+0 1.24949051e+0
1204 2.90019965e+0 1.26629901e+0
1206 3.20914463e+0 1.24491819e+0
1208 3.54650522e+0 1.17212045e+0
1210 3.90396342e+0 1.03302405e+0
1212 4.26622443e+0 8.13014499e-1
1214 4.60978494e+0 5.01265221e-1
1216 4.90373251e+0 9.56727870e-2
1218 5.11394331e+0 -3.92201580e-1
1220 5.21081719e+0 -9.34908422e-1
1222 5.17818927e+0 -1.49229201e+0
1224 5.01904560e+0 -2.02023402e+0
1226 4.75462953e+0 -2.48138252e+0
1228 4.41743786e+0 -2.85275944e+0
1230 4.04209412e+0 -3.12742925e+0
1232 3.65826012e+0 -3.31118472e+0
1234 3.28734982e+0 -3.41721906e+0
1236 2.94245432e+0 -3.46132602e+0
1238 2.62997220e+0 -3.45872662e+0
1240 2.35167089e+0 -3.42249268e+0
1242 2.10649028e+0 -3.36307747e+0
1244 1.89186630e+0 -3.28845090e+0
1246 1.70459747e+0 -3.20448689e+0
1248 1.54136232e+0 -3.11540356e+0
1250 1.39899995e+0 -3.02416367e+0
1252 1.27464260e+0 -2.93280366e+0
1254 1.16576147e+0 -2.84268904e+0
1256 1.07016532e+0 -2.75470605e+0
1258 9.85975642e-1 -2.66940240e+0
1260 9.11592109e-1 -2.58708910e+0
1262 8.45655957e-1 -2.50791357e+0
1264 7.87015027e-1 -2.43191169e+0
1266 7.34692258e-1 -2.35904466e+0
1268 6.87858185e-1 -2.28922505e+0
1270 6.45807393e-1 -2.22233505e+0
1272 6.07938619e-1 -2.15823920e+0
1274 5.73738052e-1 -2.09679320e+0
1276 5.42765396e-1 -2.03784992e+0
1278 5.14642243e-1 -1.98126347e+0
1280 4.89042408e-1 -1.92689183e+0
1282 4.65683870e-1 -1.87459849e+0
1284 4.44322058e-1 -1.82425352e+0
1286 4.24744250e-1 -1.77573397e+0
1288 4.06764877e-1 -1.72892411e+0
1290 3.90221598e-1 -1.68371535e+0
1292 3.74971990e-1 -1.64000606e+0
1294 3.60890767e-1 -1.59770129e+0
1296 3.47867426e-1 -1.55671242e+0
1298 3.35804252e-1 -1.51695678e+0
1300 3.24614627e-1 -1.47835729e+0
1302 3.14221584e-1 -1.44084205e+0
1304 3.04556578e-1 -1.40434401e+0
1306 2.95558426e-1 -1.36880060e+0
1308 2.87172405e-1 -1.33415338e+0
1310 2.79349465e-1 -1.30034775e+0
1312 2.72045563e-1 -1.26733263e+0
1314 2.65221070e-1 -1.23506021e+0
1316 2.58840274e-1 -1.20348568e+0
1318 2.52870932e-1 -1.17256701e+0
1320 2.47283895e-1 -1.14226470e+0
1322 2.42052762e-1 -1.11254163e+0
1324 2.37153598e-1 -1.08336283e+0
1326 2.32564668e-1 -1.05469533e+0
1328 2.28266215e-1 -1.02650802e+0
1330 2.24240261e-1 -9.98771455e-1
1332 2.20470427e-1 -9.71457789e-1
1334 2.16941785e-1 -9.44540601e-1
1336 2.13640713e-1 -9.17994803e-1
1338 2.10554776e-1 -8.91796535e-1
1340 2.07672621e-1 -8.65923065e-1
1342 2.04983876e-1 -8.40352703e-1
1344 2.02479064e-1 -8.15064720e-1
1346 2.00149531e-1 -7.90039265e-1
1348 1.97987376e-1 -7.65257301e-1
1350 1.95985387e-1 -7.40700535e-1
1352 1.94136991e-1 -7.16351359e-1
1354 1.92436203e-1 -6.92192790e-1
1356 1.90877584e-1 -6.68208417e-1
1358 1.89456202e-1 -6.44382353e-1
1360 1.88167594e-1 -6.20699183e-1
1362 1.87007741e-1 -5.97143924e-1
1364 1.85973038e-1 -5.73701978e-1
1366 1.85060266e-1 -5.50359099e-1
1368 1.84266576e-1 -5.27101345e-1
1370 1.83589467e-1 -5.03915052e-1
1372 1.83026768e-1 -4.80786792e-1
1374 1.82576627e-1 -4.57703344e-1
1376 1.82237495e-1 -4.34651658e-1
1378 1.82008117e-1 -4.11618827e-1
1380 1.81887522e-1 -3.88592056e-1
1382 1.81875016e-1 -3.65558632e-1
1384 1.81970177e-1 -3.42505895e-1
1386 1.82172848e-1 -3.19421210e-1
1388 1.82483137e-1 -2.96291938e-1
1390 1.82901414e-1 -2.73105409e-1
1392 1.83428310e-1 -2.49848893e-1
1394 1.84064722e-1 -2.26509573e-1
1396 1.84811810e-1 -2.03074516e-1
1398 1.85671004e-1 -1.79530645e-1
1400 1.86644010e-1 -1.55864708e-1
1402 1.87732815e-1 -1.32063253e-1
1404 1.88939696e-1 -1.08112590e-1
1406 1.90267229e-1 -8.39987696e-2
1408 1.91718302e-1 -5.97075408e-2
1410 1.93296127e-1 -3.52243242e-2
1412 1.95004252e-1 -1.05341749e-2
1414 1.96846584e-1 1.43782536e-2
1416 1.98827402e-1 3.95287474e-2
1418 2.00951381e-1 6.49335720e-2
1420 2.03223615e-1 9.06095140e-2
1422 2.05649642e-1 1.16573925e-1
1424 2.08235473e-1 1.42844771e-1
1426 2.10987626e-1 1.69440676e-1
1428 2.13913159e-1 1.96380982e-1
1430 2.17019708e-1 2.23685798e-1
1432 2.20315537e-1 2.51376066e-1
1434 2.23809575e-1 2.79473619e-1
1436 2.27511480e-1 3.08001253e-1
1438 2.31431688e-1 3.36982799e-1
1440 2.35581486e-1 3.66443198e-1
1442 2.39973076e-1 3.96408591e-1
1444 2.44619660e-1 4.26906406e-1
1446 2.49535525e-1 4.57965452e-1
1448 2.54736143e-1 4.89616032e-1
1450 2.60238278e-1 5.21890049e-1
1452 2.66060106e-1 5.54821132e-1
1454 2.72221355e-1 5.88444767e-1
1456 2.78743447e-1 6.22798441e-1
1458 2.85649676e-1 6.57921797e-1
1460 2.92965386e-1 6.93856805e-1
1462 3.00718191e-1 7.30647938e-1
1464 3.08938205e-1 7.68342381e-1
1466 3.17658311e-1 8.06990235e-1
1468 3.26914462e-1 8.46644764e-1
1470 3.36746015e-1 8.87362640e-1
1472 3.47196117e-1 9.29204227e-1
1474 3.58312140e-1 9.72233885e-1
1476 3.70146167e-1 1.01652029e+0
1478 3.82755556e-1 1.06213682e+0
1480 3.96203573e-1 1.10916189e+0
1482 4.10560128e-1 1.15767944e+0
1484 4.25902597e-1 1.20777938e+0
1486 4.42316788e-1 1.25955803e+0
1488 4.59898037e-1 1.31311877e+0
1490 4.78752472e-1 1.36857254e+0
1492 4.98998486e-1 1.42603848e+0
1494 5.20768428e-1 1.48564466e+0
1496 5.44210579e-1 1.54752873e+0
1498 5.69491448e-1 1.61183875e+0
1500 5.96798455e-1 1.67873391e+0
1502 6.26343075e-1 1.74838540e+0
1504 6.58364527e-1 1.82097722e+0
1506 6.93134121e-1 1.89670697e+0
1508 7.30960393e-1 1.97578660e+0
1510 7.72195181e-1 2.05844304e+0
1512 8.17240854e-1 2.14491859e+0
1514 8.66558902e-1 2.23547111e+0
1516 9.20680206e-1 2.33037356e+0
1518 9.80217324e-1 2.42991299e+0
1520 1.04587922e+0 2.53438837e+0
1522 1.11848896e+0 2.64410703e+0
1524 1.19900498e+0 2.75937887e+0
1526 1.28854674e+0 2.88050756e+0
1528 1.38842542e+0 3.00777742e+0
1530 1.50018094e+0 3.14143414e+0
1532 1.62562601e+0 3.28165691e+0
1534 1.76689854e+0 3.42851825e+0
1536 1.92652288e+0 3.58192672e+0
1538 2.10748042e+0 3.74154543e+0
1540 2.31328805e+0 3.90667666e+0
1542 2.54808113e+0 4.07609949e+0
1544 2.81669219e+0 4.24784244e+0
1546 3.12470889e+0 4.41886841e+0
1548 3.47848015e+0 4.58464368e+0
1550 3.88501635e+0 4.73856096e+0
1552 4.35169356e+0 4.87119279e+0
1554 4.88561994e+0 4.96937830e+0
1556 5.49245788e+0 5.01521484e+0
1558 6.17443788e+0 4.98516812e+0
1560 6.92730875e+0 4.84976686e+0
1562 7.73616888e+0 4.57471433e+0
1564 8.57071173e+0 4.12460766e+0
1566 9.38154445e+0 3.47041647e+0
1568 1.01006423e+1 2.60073251e+0
1570 1.06494912e+1 1.53403231e+0
1572 1.09560960e+1 3.25749578e-1
1574 1.09762049e+1 -9.36793960e-1
1576 1.07085583e+1 -2.15323972e+0
1578 1.01951269e+1 -3.23530555e+0
1580 9.50625683e+0 -4.12588583e+0
1582 8.71963399e+0 -4.80451720e+0
1584 7.90323120e+0 -5.28069862e+0
1586 7.10695818e+0 -5.58189624e+0
1588 6.36195129e+0 -5.74239957e+0
1590 5.68403774e+0 -5.79582211e+0
1592 5.07834766e+0 -5.77129578e+0
1594 4.54341069e+0 -5.69225783e+0
1596 4.07418324e+0 -5.57666693e+0
1598 3.66404045e+0 -5.43782589e+0
1600 3.30597261e+0 -5.28534422e+0
1602 2.99324086e+0 -5.12602276e+0
1604 2.71969377e+0 -4.96458363e+0
1606 2.47988487e+0 -4.80423853e+0
1608 2.26908077e+0 -4.64711595e+0
1610 2.08321428e+0 -4.49457546e+0
1612 1.91881400e+0 -4.34743562e+0
1614 1.77292770e+0 -4.20613799e+0
1616 1.64304837e+0 -4.07086415e+0
1618 1.52704713e+0 -3.94161908e+0
1620 1.42311438e+0 -3.81829016e+0
1622 1.32970925e+0 -3.70068885e+0
1624 1.24551681e+0 -3.58857997e+0
1626 1.16941209e+0 -3.48170211e+0
1628 1.10042994e+0 -3.37978185e+0
1630 1.03773997e+0 -3.28254335e+0
1632 9.80625552e-1 -3.18971487e+0
1634 9.28466435e-1 -3.10103303e+0
1636 8.80724128e-1 -3.01624540e+0
1638 8.36929754e-1 -2.93511204e+0
1640 7.96673853e-1 -2.85740627e+0
1642 7.59597826e-1 -2.78291483e+0
1644 7.25386744e-1 -2.71143773e+0
1646 6.93763276e-1 -2.64278789e+0
1648 6.64482557e-1 -2.57679054e+0
1650 6.37327832e-1 -2.51328262e+0
1652 6.12106759e-1 -2.45211209e+0
1654 5.88648252e-1 -2.39313722e+0
1656 5.66799779e-1 -2.33622589e+0
1658 5.46425050e-1 -2.28125497e+0
1660 5.27402032e-1 -2.22810962e+0
1662 5.09621228e-1 -2.17668271e+0
1664 4.92984204e-1 -2.12687422e+0
1666 4.77402297e-1 -2.07859074e+0
1668 4.62795512e-1 -2.03174495e+0
1670 4.49091543e-1 -1.98625514e+0
1672 4.36224932e-1 -1.94204482e+0
1674 4.24136331e-1 -1.89904227e+0
1676 4.12771850e-1 -1.85718023e+0
1678 4.02082493e-1 -1.81639553e+0
1680 3.92023654e-1 -1.77662877e+0
1682 3.82554678e-1 -1.73782405e+0
1684 3.73638473e-1 -1.69992870e+0
1686 3.65241164e-1 -1.66289306e+0
1688 3.57331787e-1 -1.62667021e+0
1690 3.49882022e-1 -1.59121578e+0
1692 3.42865949e-1 -1.55648777e+0
1694 3.36259838e-1 -1.52244637e+0
1696 3.30041954e-1 -1.48905380e+0
1698 3.24192393e-1 -1.45627413e+0
1700 3.18692925e-1 -1.42407318e+0
1702 3.13526864e-1 -1.39241836e+0
1704 3.08678942e-1 -1.36127855e+0
1706 3.04135206e-1 -1.33062403e+0
1708 2.99882923e-1 -1.30042631e+0
1710 2.95910488e-1 -1.27065806e+0
1712 2.92207353e-1 -1.24129306e+0
1714 2.88763958e-1 -1.21230602e+0
1716 2.85571673e-1 -1.18367261e+0
1718 2.82622739e-1 -1.15536929e+0
1720 2.79910229e-1 -1.12737328e+0
1722 2.77428002e-1 -1.09966252e+0
1724 2.75170672e-1 -1.07221554e+0
1726 2.73133574e-1 -1.04501145e+0
1728 2.71312745e-1 -1.01802984e+0
1730 2.69704895e-1 -9.91250779e-1
1732 2.68307402e-1 -9.64654706e-1
1734 2.67118290e-1 -9.38222409e-1
1736 2.66136230e-1 -9.11934960e-1
1738 2.65360530e-1 -8.85773672e-1
1740 2.64791142e-1 -8.59720049e-1
1742 2.64428663e-1 -8.33755736e-1
1744 2.64274345e-1 -8.07862474e-1
1746 2.64330111e-1 -7.82022053e-1
1748 2.64598569e-1 -7.56216264e-1
1750 2.65083040e-1 -7.30426854e-1
1752 2.65787583e-1 -7.04635479e-1
1754 2.66717028e-1 -6.78823657e-1
1756 2.67877020e-1 -6.52972718e-1
1758 2.69274057e-1 -6.27063759e-1
1760 2.70915550e-1 -6.01077594e-1
1762 2.72809879e-1 -5.74994703e-1
1764 2.74966462e-1 -5.48795178e-1
1766 2.77395835e-1 -5.22458677e-1
1768 2.80109734e-1 -4.95964365e-1
1770 2.83121202e-1 -4.69290859e-1
1772 2.86444694e-1 -4.42416174e-1
1774 2.90096208e-1 -4.15317662e-1
1776 2.94093423e-1 -3.87971954e-1
1778 2.98455864e-1 -3.60354899e-1
1780 3.03205079e-1 -3.32441505e-1
1782 3.08364842e-1 -3.04205875e-1
1784 3.13961389e-1 -2.75621146e-1
1786 3.20023670e-1 -2.46659431e-1
1788 3.26583648e-1 -2.17291761e-1
1790 3.33676632e-1 -1.87488028e-1
1792 3.41341647e-1 -1.57216944e-1
1794 3.49621872e-1 -1.26445995e-1
1796 3.58565113e-1 -9.51414166e-2
1798 3.68224363e-1 -6.32681853e-2
1800 3.78658428e-1 -3.07900266e-2
1802 3.89932638e-1 2.33054276e-3
1804 4.02119667e-1 3.61321358e-2
1806 4.15300459e-1 7.06543652e-2
1808 4.29565294e-1 1.05937647e-1
1810 4.45015002e-1 1.42022918e-1
1812 4.61762347e-1 1.78951247e-1
1814 4.79933624e-1 2.16763293e-1
1816 4.99670462e-1 2.55498590e-1
1818 5.21131902e-1 2.95194591e-1
1820 5.44496757e-1 3.35885404e-1
1822 5.69966294e-1 3.77600144e-1
1824 5.97767274e-1 4.20360780e-1
1826 6.28155386e-1 4.64179341e-1
1828 6.61419071e-1 5.09054301e-1
1830 6.97883776e-1 5.54965914e-1
1832 7.37916581e-1 6.01870203e-1
1834 7.81931148e-1 6.49691256e-1
1836 8.30392839e-1 6.98311347e-1
1838 8.83823742e-1 7.47558341e-1
1840 9.42807177e-1 7.97189692e-1
1842 1.00799099e+0 8.46872231e-1
1844 1.08008858e+0 8.96156820e-1
1846 1.15987608e+0 9.44446917e-1
1848 1.24818333e+0 9.90960120e-1
1850 1.34587545e+0 1.03468208e+0
1852 1.45382031e+0 1.07431287e+0
1854 1.57283597e+0 1.10820721e+0
1856 1.70361052e+0 1.13431254e+0
1858 1.84658541e+0 1.15011275e+0
1860 2.00179389e+0 1.15259130e+0
1862 2.16864861e+0 1.13823578e+0
1864 2.34568094e+0 1.10311497e+0
1866 2.53024998e+0 1.04306791e+0
1868 2.71826517e+0 9.54045923e-1
1870 2.90399980e+0 8.32634188e-1
1872 3.08010522e+0 6.76739769e-1
1874 3.23794628e+0 4.86362597e-1
1876 3.36834038e+0 2.64277947e-1
1878 3.46267540e+0 1.63917755e-2
1880 3.51422224e+0 -2.48457954e-1
1882 3.51931304e+0 -5.19350108e-1
1884 3.47802288e+0 -7.84651295e-1
1886 3.39412492e+0 -1.03356804e+0
1888 3.27434015e+0 -1.25746216e+0
1890 3.12714088e+0 -1.45061755e+0
1892 2.96147084e+0 -1.61036846e+0
1894 2.78568790e+0 -1.73671020e+0
1896 2.60688538e+0 -1.83162184e+0
1898 2.43059791e+0 -1.89832621e+0
1900 2.26080397e+0 -1.94064149e+0
1902 2.10010954e+0 -1.96249482e+0
1904 1.95001092e+0 -1.96760482e+0
1906 1.81116718e+0 -1.95930590e+0
1908 1.68364321e+0 -1.94047561e+0
1910 1.56710776e+0 -1.91352852e+0
1912 1.46098468e+0 -1.88044842e+0
1914 1.36456277e+0 -1.84283859e+0
1916 1.27707210e+0 -1.80197782e+0
1918 1.19773480e+0 -1.75887479e+0
1920 1.12579703e+0 -1.71431727e+0
1922 1.06054793e+0 -1.66891466e+0
1924 1.00132948e+0 -1.62313366e+0
1926 9.47540408e-1 -1.57732775e+0
1928 8.98636309e-1 -1.53176101e+0
1930 8.54127467e-1 -1.48662729e+0
1932 8.13575358e-1 -1.44206554e+0
1934 7.76588529e-1 -1.39817192e+0
1936 7.42818271e-1 -1.35500938e+0
1938 7.11954343e-1 -1.31261526e+0
1940 6.83720916e-1 -1.27100714e+0
1942 6.57872812e-1 -1.23018760e+0
1944 6.34192075e-1 -1.19014777e+0
1946 6.12484879e-1 -1.15087024e+0
1948 5.92578774e-1 -1.11233127e+0
1950 5.74320234e-1 -1.07450250e+0
1952 5.57572493e-1 -1.03735230e+0
1954 5.42213640e-1 -1.00084679e+0
1956 5.28134943e-1 -9.64950674e-1
1958 5.15239374e-1 -9.29627785e-1
1960 5.03440324e-1 -8.94841585e-1
1962 4.92660474e-1 -8.60555484e-1
1964 4.82830800e-1 -8.26733095e-1
1966 4.73889714e-1 -7.93338403e-1
1968 4.65782303e-1 -7.60335887e-1
1970 4.58459667e-1 -7.27690594e-1
1972 4.51878342e-1 -6.95368178e-1
1974 4.45999794e-1 -6.63334913e-1
1976 4.40789977e-1 -6.31557685e-1
1978 4.36218952e-1 -6.00003967e-1
1980 4.32260551e-1 -5.68641784e-1
1982 4.28892095e-1 -5.37439663e-1
1984 4.26094143e-1 -5.06366582e-1
1986 4.23850280e-1 -4.75391906e-1
1988 4.22146945e-1 -4.44485328e-1
1990 4.20973276e-1 -4.13616796e-1
1992 4.20320997e-1 -3.82756446e-1
1994 4.20184318e-1 -3.51874528e-1
1996 4.20559864e-1 -3.20941333e-1
1998 4.21446632e-1 -2.89927115e-1
2000 4.22845963e-1 -2.58802019e-1
2002 4.24761536e-1 -2.27536000e-1
2004 4.27199386e-1 -1.96098745e-1
2006 4.30167944e-1 -1.64459598e-1
2008 4.33678097e-1 -1.32587473e-1
2010 4.37743268e-1 -1.00450784e-1
2012 4.42379527e-1 -6.80173578e-2
2014 4.47605716e-1 -3.52543549e-2
2016 4.53443614e-1 -2.12819237e-3
2018 4.59918117e-1 3.13955367e-2
2020 4.67057462e-1 6.53521404e-2
2022 4.74893475e-1 9.97779030e-2
2024 4.83461864e-1 1.34710156e-1
2026 4.92802552e-1 1.70187346e-1
2028 5.02960058e-1 2.06249093e-1
2030 5.13983927e-1 2.42936241e-1
2032 5.25929225e-1 2.80290899e-1
2034 5.38857099e-1 3.18356460e-1
2036 5.52835412e-1 3.57177600e-1
2038 5.67939464e-1 3.96800259e-1
2040 5.84252809e-1 4.37271568e-1
2042 6.01868188e-1 4.78639750e-1
2044 6.20888582e-1 5.20953947e-1
2046 6.41428405e-1 5.64263983e-1
2048 6.63614869e-1 6.08620029e-1
2050 6.87589522e-1 6.54072147e-1
2052 7.13510000e-1 7.00669681e-1
2054 7.41552010e-1 7.48460466e-1
2056 7.71911581e-1 7.97489778e-1
2058 8.04807606e-1 8.47798995e-1
2060 8.40484714e-1 8.99423857e-1
2062 8.79216505e-1 9.52392250e-1
2064 9.21309172e-1 1.00672136e+0
2066 9.67105543e-1 1.06241408e+0
2068 1.01698954e+0 1.11945440e+0
2070 1.07139109e+0 1.17780158e+0
2072 1.13079136e+0 1.23738284e+0
2074 1.19572833e+0 1.29808402e+0
2076 1.26680249e+0 1.35973792e+0
2078 1.34468232e+0 1.42210959e+0
2080 1.43010918e+0 1.48487801e+0
2082 1.52390090e+0 1.54761319e+0
2084 1.62695291e+0 1.60974797e+0
2086 1.74023556e+0 1.67054339e+0
2088 1.86478519e+0 1.72904675e+0
2090 2.00168608e+0 1.78404172e+0
2092 2.15203889e+0 1.83399021e+0
2094 2.31691020e+0 1.87696701e+0
2096 2.49725586e+0 1.91059001e+0
2098 2.69380995e+0 1.93195179e+0
2100 2.90693022e+0 1.93756332e+0
2102 3.13639197e+0 1.92332686e+0
2104 3.38112680e+0 1.88456377e+0
2106 3.63891238e+0 1.81613179e+0
2108 3.90603706e+0 1.71267361e+0
2110 4.17698972e+0 1.56903759e+0
2112 4.44425884e+0 1.38089487e+0
2114 4.69835534e+0 1.14553626e+0
2116 4.92818416e+0 8.62762667e-1
2118 5.12185433e+0 5.35696518e-1
2120 5.26791833e+0 1.71271110e-1
2122 5.35687860e+0 -2.19849271e-1
2124 5.38264511e+0 -6.24060729e-1
2126 5.34355737e+0 -1.02625907e+0
2128 5.24266442e+0 -1.41163363e+0
2130 5.08717605e+0 -1.76738445e+0
2132 4.88725969e+0 -2.08396334e+0
2134 4.65453457e+0 -2.35562204e+0
2136 4.40063741e+0 -2.58028335e+0
2138 4.13612541e+0 -2.75892552e+0
2140 3.86982091e+0 -2.89473336e+0
2142 3.60856640e+0 -2.99223707e+0
2144 3.35728345e+0 -3.05657951e+0
2146 3.11921256e+0 -3.09297098e+0
2148 2.89623022e+0 -3.10633181e+0
2150 2.68917235e+0 -3.10109126e+0
2152 2.49812388e+0 -3.08110167e+0
2154 2.32265770e+0 -3.04962870e+0
2156 2.16202051e+0 -3.00938689e+0
2158 2.01527071e+0 -2.96259806e+0
2160 1.88137678e+0 -2.91105811e+0
2162 1.75928454e+0 -2.85620345e+0
2164 1.64796128e+0 -2.79917227e+0
2166 1.54642304e+0 -2.74085855e+0
2168 1.45375002e+0 -2.68195822e+0
2170 1.36909390e+0 -2.62300786e+0
2172 1.29167982e+0 -2.56441654e+0
2174 1.22080492e+0 -2.50649191e+0
2176 1.15583478e+0 -2.44946121e+0
2178 1.09619880e+0 -2.39348826e+0
2180 1.04138496e+0 -2.33868702e+0
2182 9.90934529e-1 -2.28513242e+0
2184 9.44436878e-1 -2.23286902e+0
2186 9.01524563e-1 -2.18191785e+0
2188 8.61868771e-1 -2.13228188e+0
2190 8.25175161e-1 -2.08395028e+0
2192 7.91180092e-1 -2.03690187e+0
2194 7.59647241e-1 -1.99110779e+0
2196 7.30364577e-1 -1.94653361e+0
2198 7.03141671e-1 -1.90314100e+0
2200 6.77807308e-1 -1.86088902e+0
2202 6.54207373e-1 -1.81973512e+0
2204 6.32202978e-1 -1.77963597e+0
2206 6.11668810e-1 -1.74054798e+0
2208 5.92491668e-1 -1.70242783e+0
2210 5.74569174e-1 -1.66523278e+0
2212 5.57808628e-1 -1.62892094e+0
2214 5.42126004e-1 -1.59345142e+0
2216 5.27445054e-1 -1.55878450e+0
2218 5.13696516e-1 -1.52488168e+0
2220 5.00817418e-1 -1.49170574e+0
2222 4.88750453e-1 -1.45922075e+0
2224 4.77443429e-1 -1.42739209e+0
2226 4.66848780e-1 -1.39618642e+0
2228 4.56923131e-1 -1.36557166e+0
2230 4.47626907e-1 -1.33551695e+0
2232 4.38923993e-1 -1.30599260e+0
2234 4.30781422e-1 -1.27697005e+0
2236 4.23169104e-1 -1.24842183e+0
2238 4.16059578e-1 -1.22032150e+0
2240 4.09427798e-1 -1.19264358e+0
2242 4.03250935e-1 -1.16536352e+0
2244 3.97508203e-1 -1.13845764e+0
2246 3.92180707e-1 -1.11190307e+0
2248 3.87251300e-1 -1.08567771e+0
2250 3.82704465e-1 -1.05976017e+0
2252 3.78526202e-1 -1.03412972e+0
2254 3.74703932e-1 -1.00876627e+0
2256 3.71226412e-1 -9.83650272e-1
2258 3.68083662e-1 -9.58762722e-1
2260 3.65266892e-1 -9.34085094e-1
2262 3.62768455e-1 -9.09599304e-1
2264 3.60581789e-1 -8.85287667e-1
2266 3.58701381e-1 -8.61132862e-1
2268 3.57122733e-1 -8.37117889e-1
2270 3.55842332e-1 -8.13226035e-1
2272 3.54857631e-1 -7.89440838e-1
2274 3.54167035e-1 -7.65746053e-1
2276 3.53769892e-1 -7.42125616e-1
2278 3.53666491e-1 -7.18563616e-1
2280 3.53858065e-1 -6.95044259e-1
2282 3.54346803e-1 -6.71551839e-1
2284 3.55135866e-1 -6.48070710e-1
2286 3.56229405e-1 -6.24585256e-1
2288 3.57632598e-1 -6.01079865e-1
2290 3.59351679e-1 -5.77538899e-1
2292 3.61393983e-1 -5.53946675e-1
2294 3.63768000e-1 -5.30287435e-1
2296 3.66483431e-1 -5.06545328e-1
2298 3.69551254e-1 -4.82704389e-1
2300 3.72983806e-1 -4.58748520e-1
2302 3.76794867e-1 -4.34661474e-1
2304 3.80999762e-1 -4.10426844e-1
2306 3.85615469e-1 -3.86028053e-1
2308 3.90660744e-1 -3.61448348e-1
2310 3.96156262e-1 -3.36670805e-1
2312 4.02124773e-1 -3.11678330e-1
2314 4.08591272e-1 -2.86453677e-1
2316 4.15583198e-1 -2.60979471e-1
2318 4.23130644e-1 -2.35238242e-1
2320 4.31266600e-1 -2.09212476e-1
2322 4.40027218e-1 -1.82884673e-1
2324 4.49452109e-1 -1.56237438e-1
2326 4.59584672e-1 -1.29253586e-1
2328 4.70472458e-1 -1.01916276e-1
2330 4.82167575e-1 -7.42091858e-2
2332 4.94727137e-1 -4.61167233e-2
2334 5.08213760e-1 -1.76242888e-2
2336 5.22696109e-1 1.12813995e-2
2338 5.38249504e-1 4.06119082e-2
2340 5.54956582e-1 7.03766016e-2
2342 5.72908026e-1 1.00582048e-1
2344 5.92203358e-1 1.31231295e-1
2346 6.12951803e-1 1.62322992e-1
2348 6.35273214e-1 1.93850323e-1
2350 6.59299069e-1 2.25799710e-1
2352 6.85173511e-1 2.58149250e-1
2354 7.13054437e-1 2.90866826e-1
2356 7.43114595e-1 3.23907824e-1
2358 7.75542662e-1 3.57212388e-1
2360 8.10544247e-1 3.90702132e-1
2362 8.48342736e-1 4.24276188e-1
2364 8.89179873e-1 4.57806510e-1
2366 9.33315940e-1 4.91132289e-1
2368 9.81029301e-1 5.24053372e-1
2370 1.03261508e+0 5.56322550e-1
2372 1.08838256e+0 5.87636619e-1
2374 1.14865091e+0 6.17626159e-1
2376 1.21374256e+0 6.45844025e-1
2378 1.28397352e+0 6.71752716e-1
2380 1.35963980e+0 6.94710952e-1
2382 1.44099876e+0 7.13960119e-1
2384 1.52824434e+0 7.28611638e-1
2386 1.62147503e+0 7.37636950e-1
2388 1.72065349e+0 7.39862512e-1
2390 1.82555749e+0 7.33973136e-1
2392 1.93572262e+0 7.18527955e-1
2394 2.05037889e+0 6.91994148e-1
2396 2.16838562e+0 6.52803987e-1
2398 2.28817242e+0 5.99440185e-1
2400 2.40769734e+0 5.30552482e-1
2402 2.52443681e+0 4.45104055e-1
2404 2.63542373e+0 3.42539591e-1
2406 2.73734870e+0 2.22957993e-1
2408 2.82673259e+0 8.72635488e-2
2410 2.90016688e+0 -6.27371291e-2
2412 2.95460094e+0 -2.24324984e-1
2414 2.98763870e+0 -3.93968163e-1
2416 2.99779555e+0 -5.67534923e-1
2418 2.98466626e+0 -7.40598129e-1
2420 2.94896957e+0 -9.08786665e-1
2422 2.89245997e+0 -1.06812659e+0
2424 2.81772604e+0 -1.21531784e+0
2426 2.72791654e+0 -1.34790940e+0
2428 2.62644449e+0 -1.46436070e+0
2430 2.51671514e+0 -1.56400049e+0
2432 2.40190927e+0 -1.64691035e+0
2434 2.28483592e+0 -1.71376620e+0
2436 2.16785375e+0 -1.76566794e+0
2438 2.05284974e+0 -1.80398023e+0
2440 1.94125980e+0 -1.83019778e+0
2442 1.83411562e+0 -1.84584071e+0
2444 1.73210457e+0 -1.85237982e+0
2446 1.63563279e+0 -1.85118788e+0
2448 1.54488524e+0 -1.84351199e+0
2450 1.45987906e+0 -1.83046162e+0
2452 1.38050871e+0 -1.81300757e+0
2454 1.30658290e+0 -1.79198806e+0
2456 1.23785365e+0 -1.76811894e+0
2458 1.17403876e+0 -1.74200604e+0
2460 1.11483864e+0 -1.71415806e+0
2462 1.05994850e+0 -1.68499919e+0
2464 1.00906713e+0 -1.65488099e+0
2466 9.61902824e-1 -1.62409304e+0
2468 9.18177222e-1 -1.59287247e+0
2470 8.77627657e-1 -1.56141225e+0
2472 8.40008336e-1 -1.52986835e+0
2474 8.05090742e-1 -1.49836585e+0
2476 7.72663464e-1 -1.46700410e+0
2478 7.42531663e-1 -1.43586116e+0
2480 7.14516295e-1 -1.40499742e+0
2482 6.88453193e-1 -1.37445871e+0
2484 6.64192079e-1 -1.34427886e+0
2486 6.41595557e-1 -1.31448184e+0
2488 6.20538109e-1 -1.28508358e+0
2490 6.00905141e-1 -1.25609337e+0
2492 5.82592059e-1 -1.22751518e+0
2494 5.65503417e-1 -1.19934860e+0
2496 5.49552116e-1 -1.17158974e+0
2498 5.34658671e-1 -1.14423188e+0
2500 5.20750532e-1 -1.11726607e+0
2502 5.07761467e-1 -1.09068159e+0
2504 4.95630998e-1 -1.06446634e+0
2506 4.84303893e-1 -1.03860717e+0
2508 4.73729698e-1 -1.01309012e+0
2510 4.63862320e-1 -9.87900649e-1
2512 4.54659645e-1 -9.63023798e-1
2514 4.46083199e-1 -9.38444331e-1
2516 4.38097833e-1 -9.14146847e-1
2518 4.30671452e-1 -8.90115868e-1
2520 4.23774754e-1 -8.66335908e-1
2522 4.17381014e-1 -8.42791527e-1
2524 4.11465872e-1 -8.19467370e-1
2526 4.06007158e-1 -7.96348197e-1
2528 4.00984720e-1 -7.73418906e-1
2530 3.96380281e-1 -7.50664539e-1
2532 3.92177310e-1 -7.28070296e-1
2534 3.88360895e-1 -7.05621535e-1
2536 3.84917649e-1 -6.83303765e-1
2538 3.81835606e-1 -6.61102644e-1
2540 3.79104148e-1 -6.39003970e-1
2542 3.76713924e-1 -6.16993666e-1
2544 3.74656791e-1 -5.95057773e-1
2546 3.72925758e-1 -5.73182426e-1
2548 3.71514935e-1 -5.51353847e-1
2550 3.70419500e-1 -5.29558320e-1
2552 3.69635658e-1 -5.07782179e-1
2554 3.69160623e-1 -4.86011783e-1
2556 3.68992590e-1 -4.64233501e-1
2558 3.69130726e-1 -4.42433688e-1
2560 3.69575162e-1 -4.20598669e-1
2562 3.70326992e-1 -3.98714713e-1
2564 3.71388273e-1 -3.76768018e-1
2566 3.72762041e-1 -3.54744682e-1
2568 3.74452322e-1 -3.32630690e-1
2570 3.76464160e-1 -3.10411887e-1
2572 3.78803641e-1 -2.88073959e-1
2574 3.81477929e-1 -2.65602413e-1
2576 3.84495313e-1 -2.42982555e-1
2578 3.87865251e-1 -2.20199472e-1
2580 3.91598431e-1 -1.97238010e-1
2582 3.95706837e-1 -1.74082759e-1
2584 4.00203821e-1 -1.50718032e-1
2586 4.05104193e-1 -1.27127855e-1
2588 4.10424312e-1 -1.03295946e-1
2590 4.16182193e-1 -7.92057124e-2
2592 4.22397631e-1 -5.48402345e-2
2594 4.29092329e-1 -3.01822661e-2
2596 4.36290047e-1 -5.21423287e-3
2598 4.44016771e-1 2.00817626e-2
2600 4.52300891e-1 4.57239283e-2
2602 4.61173408e-1 7.17307625e-2
2604 4.70668160e-1 9.81210238e-2
2606 4.80822067e-1 1.24913688e-1
2608 4.91675415e-1 1.52127894e-1
2610 5.03272162e-1 1.79782864e-1
2612 5.15660275e-1 2.07897814e-1
2614 5.28892110e-1 2.36491828e-1
2616 5.43024831e-1 2.65583706e-1
2618 5.58120869e-1 2.95191776e-1
2620 5.74248434e-1 3.25333657e-1
2622 5.91482079e-1 3.56025973e-1
2624 6.09903319e-1 3.87283995e-1
2626 6.29601320e-1 4.19121208e-1
2628 6.50673644e-1 4.51548788e-1
2630 6.73227075e-1 4.84574957e-1
2632 6.97378519e-1 5.18204205e-1
2634 7.23255974e-1 5.52436350e-1
2636 7.50999584e-1 5.87265398e-1
2638 7.80762769e-1 6.22678167e-1
2640 8.12713417e-1 6.58652626e-1
2642 8.47035137e-1 6.95155902e-1
2644 8.83928544e-1 7.32141872e-1
2646 9.23612546e-1 7.69548285e-1
2648 9.66325578e-1 8.07293305e-1
2650 1.01232673e+0 8.45271390e-1
2652 1.06189664e+0 8.83348373e-1
2654 1.11533806e+0 9.21355641e-1
2656 1.17297584e+0 9.59083251e-1
2658 1.23515618e+0 9.96271856e-1
2660 1.30224471e+0 1.03260331e+0
2662 1.37462301e+0 1.06768985e+0
2664 1.45268308e+0 1.10106176e+0
2666 1.53681891e+0 1.13215368e+0
2668 1.62741444e+0 1.16028955e+0
2670 1.72482676e+0 1.18466691e+0
2672 1.82936335e+0 1.20434105e+0
2674 1.94125220e+0 1.21821057e+0
2676 2.06060340e+0 1.22500612e+0
2678 2.18736114e+0 1.22328520e+0
2680 2.32124585e+0 1.21143685e+0
2682 2.46168692e+0 1.18770104e+0
2684 2.60774864e+0 1.15020854e+0
2686 2.75805428e+0 1.09704745e+0
2688 2.91071699e+0 1.02636206e+0
2690 3.06328988e+0 9.36487271e-1
2692 3.21275144e+0 8.26117210e-1
2694 3.35554457e+0 6.94499619e-1
2696 3.48768613e+0 5.41637731e-1
2698 3.60495741e+0 3.68471465e-1
2700 3.70317336e+0 1.77002091e-1
2702 3.77851036e+0 -2.96766515e-2
2704 3.82785359e+0 -2.47469125e-1
2706 3.84911065e+0 -4.71498742e-1
2708 3.84143549e+0 -6.96441115e-1
2710 3.80531911e+0 -9.16924818e-1
2712 3.74252876e+0 -1.12793804e+0
2714 3.65590879e+0 -1.32517815e+0
2716 3.54908315e+0 -1.50529590e+0
2718 3.42611389e+0 -1.66601178e+0
2720 3.29117006e+0 -1.80610864e+0
2722 3.14824823e+0 -1.92532592e+0
2724 3.00096802e+0 -2.02419108e+0
2726 2.85244758e+0 -2.10382417e+0
2728 2.70525071e+0 -2.16574478e+0
2730 2.56138992e+0 -2.21170102e+0
2732 2.42236762e+0 -2.24353063e+0
2734 2.28923926e+0 -2.26305660e+0
2736 2.16268545e+0 -2.27201501e+0
2738 2.04308422e+0 -2.27200986e+0
2740 1.93057761e+0 -2.26448924e+0
2742 1.82512985e+0 -2.25073687e+0
2744 1.72657616e+0 -2.23187433e+0
2746 1.63466218e+0 -2.20887003e+0
2748 1.54907514e+0 -2.18255197e+0
2750 1.46946773e+0 -2.15362233e+0
2752 1.39547602e+0 -2.12267232e+0
2754 1.32673254e+0 -2.09019666e+0
2756 1.26287561e+0 -2.05660690e+0
2758 1.20355562e+0 -2.02224354e+0
2760 1.14843921e+0 -1.98738675e+0
2762 1.09721171e+0 -1.95226571e+0
2764 1.04957841e+0 -1.91706678e+0
2766 1.00526493e+0 -1.88194037e+0
2768 9.64017022e-1 -1.84700689e+0
2770 9.25599910e-1 -1.81236171e+0
2772 8.89797417e-1 -1.77807947e+0
2774 8.56410901e-1 -1.74421753e+0
2776 8.25258126e-1 -1.71081901e+0
2778 7.96172098e-1 -1.67791527e+0
2780 7.68999918e-1 -1.64552798e+0
2782 7.43601676e-1 -1.61367088e+0
2784 7.19849385e-1 -1.58235119e+0
2786 6.97625989e-1 -1.55157087e+0
2788 6.76824436e-1 -1.52132759e+0
2790 6.57346817e-1 -1.49161554e+0
2792 6.39103576e-1 -1.46242618e+0
2794 6.22012783e-1 -1.43374876e+0
2796 6.05999473e-1 -1.40557083e+0
2798 5.90995042e-1 -1.37787859e+0
2800 5.76936699e-1 -1.35065728e+0
2802 5.63766967e-1 -1.32389135e+0
2804 5.51433231e-1 -1.29756478e+0
2806 5.39887332e-1 -1.27166118e+0
2808 5.29085198e-1 -1.24616397e+0
2810 5.18986505e-1 -1.22105647e+0
2812 5.09554386e-1 -1.19632205e+0
2814 5.00755149e-1 -1.17194413e+0
2816 4.92558041e-1 -1.14790630e+0
2818 4.84935023e-1 -1.12419232e+0
2820 4.77860576e-1 -1.10078620e+0
2822 4.71311519e-1 -1.07767217e+0
2824 4.65266858e-1 -1.05483475e+0
2826 4.59707637e-1 -1.03225873e+0
2828 4.54616814e-1 -1.00992920e+0
2830 4.49979152e-1 -9.87831534e-1
2832 4.45781118e-1 -9.65951403e-1
2834 4.42010796e-1 -9.44274766e-1
2836 4.38657814e-1 -9.22787874e-1
2838 4.35713276e-1 -9.01477260e-1
2840 4.33169713e-1 -8.80329738e-1
2842 4.31021034e-1 -8.59332397e-1
2844 4.29262489e-1 -8.38472597e-1
2846 4.27890644e-1 -8.17737963e-1
2848 4.26903363e-1 -7.97116384e-1
2850 4.26299794e-1 -7.76596014e-1
2852 4.26080367e-1 -7.56165266e-1
2854 4.26246798e-1 -7.35812823e-1
2856 4.26802103e-1 -7.15527637e-1
2858 4.27750620e-1 -6.95298944e-1
2860 4.29098034e-1 -6.75116272e-1
2862 4.30851416e-1 -6.54969462e-1
2864 4.33019266e-1 -6.34848688e-1
2866 4.35611570e-1 -6.14744492e-1
2868 4.38639860e-1 -5.94647811e-1
2870 4.42117288e-1 -5.74550032e-1
2872 4.46058705e-1 -5.54443039e-1
2874 4.50480751e-1 -5.34319281e-1
2876 4.55401964e-1 -5.14171851e-1
2878 4.60842882e-1 -4.93994579e-1
2880 4.66826175e-1 -4.73782143e-1
2882 4.73376774e-1 -4.53530199e-1
2884 4.80522021e-1 -4.33235538e-1
2886 4.88291821e-1 -4.12896265e-1
2888 4.96718812e-1 -3.92512013e-1
2890 5.05838544e-1 -3.72084195e-1
2892 5.15689666e-1 -3.51616291e-1
2894 5.26314116e-1 -3.31114190e-1
2896 5.37757322e-1 -3.10586590e-1
2898 5.50068403e-1 -2.90045456e-1
2900 5.63300358e-1 -2.69506557e-1
2902 5.77510256e-1 -2.48990086e-1
2904 5.92759390e-1 -2.28521384e-1
2906 6.09113414e-1 -2.08131767e-1
2908 6.26642418e-1 -1.87859483e-1
2910 6.45420937e-1 -1.67750809e-1
2912 6.65527873e-1 -1.47861308e-1
2914 6.87046271e-1 -1.28257256e-1
2916 7.10062940e-1 -1.09017255e-1
2918 7.34667842e-1 -9.02340482e-2
2920 7.60953196e-1 -7.20165378e-2
2922 7.89012219e-1 -5.44920064e-2
2924 8.18937410e-1 -3.78085249e-2
2926 8.50818264e-1 -2.21375142e-2
2928 8.84738296e-1 -7.67640078e-3
2930 9.20771232e-1 5.34873182e-3
2932 9.58976211e-1 1.66806375e-2
2934 9.99391855e-1 2.60287549e-2
2936 1.04202905e+0 3.30676873e-2
2938 1.08686238e+0 3.74366886e-2
2940 1.13382007e+0 3.87406267e-2
2942 1.18277266e+0 3.65530037e-2
2944 1.23352059e+0 3.04217074e-2
2946 1.28578109e+0 1.98782267e-2
2948 1.33917533e+0 4.45106557e-3
2950 1.39321692e+0 -1.63160285e-2
2952 1.44730330e+0 -4.28406678e-2
2954 1.50071199e+0 -7.54733828e-2
2956 1.55260390e+0 -1.14464953e-1
2958 1.60203589e+0 -1.59931241e-1
2960 1.64798444e+0 -2.11818309e-1
2962 1.68938129e+0 -2.69871582e-1
2964 1.72516067e+0 -3.33613556e-1
2966 1.75431578e+0 -4.02334662e-1
2968 1.77596015e+0 -4.75101172e-1
2970 1.78938790e+0 -5.50782366e-1
2972 1.79412582e+0 -6.28096661e-1
2974 1.78997046e+0 -7.05673483e-1
2976 1.77700505e+0 -7.82124970e-1
2978 1.75559377e+0 -8.56119811e-1
2980 1.72635398e+0 -9.26451069e-1
2982 1.69011055e+0 -9.92090979e-1
2984 1.64783827e+0 -1.05222795e+0
2986 1.60059949e+0 -1.10628392e+0
2988 1.54948393e+0 -1.15391309e+0
2990 1.49555567e+0 -1.19498509e+0
2992 1.43981121e+0 -1.22955718e+0
2994 1.38314954e+0 -1.25784001e+0
2996 1.32635431e+0 -1.28016137e+0
2998 1.27008634e+0 -1.29693125e+0
3000 1.21488461e+0 -1.30861047e+0
