#Note:A; Temperature:25Â°C
#f[Hz] Re(Z/Zc) Im(Z/Zc)
20 5.49471642e+0 -3.17713213e+1
22 4.77780649e+0 -2.91252218e+1
24 4.20470244e+0 -2.68901946e+1
26 3.73796792e+0 -2.49766772e+1
28 3.35184464e+0 -2.33194503e+1
30 3.02808221e+0 -2.18698758e+1
32 2.75342330e+0 -2.05909300e+1
34 2.51802854e+0 -1.94539251e+1
36 2.31445735e+0 -1.84362823e+1
38 2.13698967e+0 -1.75199854e+1
40 1.98116339e+0 -1.66904805e+1
42 1.84345193e+0 -1.59358817e+1
44 1.72103512e+0 -1.52463845e+1
46 1.61163362e+0 -1.46138291e+1
48 1.51338728e+0 -1.40313684e+1
50 1.42476459e+0 -1.34932140e+1
52 1.34449437e+0 -1.29944385e+1
54 1.27151366e+0 -1.25308213e+1
56 1.20492743e+0 -1.20987255e+1
58 1.14397727e+0 -1.16950006e+1
60 1.08801672e+0 -1.13169036e+1
62 1.03649171e+0 -1.09620347e+1
64 9.88924897e-1 -1.06282856e+1
66 9.44903065e-1 -1.03137964e+1
68 9.04066899e-1 -1.00169195e+1
70 8.66102630e-1 -9.73619095e+0
72 8.30735165e-1 -9.47030466e+0
74 7.97722412e-1 -9.21809216e+0
76 7.66850572e-1 -8.97850473e+0
78 7.37930188e-1 -8.75059845e+0
80 7.10792850e-1 -8.53352138e+0
82 6.85288398e-1 -8.32650262e+0
84 6.61282562e-1 -8.12884288e+0
86 6.38654956e-1 -7.93990630e+0
88 6.17297359e-1 -7.75911348e+0
90 5.97112247e-1 -7.58593525e+0
92 5.78011527e-1 -7.41988740e+0
94 5.59915446e-1 -7.26052597e+0
96 5.42751645e-1 -7.10744313e+0
98 5.26454337e-1 -6.96026359e+0
100 5.10963595e-1 -6.81864140e+0
102 4.96224722e-1 -6.68225715e+0
104 4.82187707e-1 -6.55081544e+0
106 4.68806740e-1 -6.42404270e+0
108 4.56039793e-1 -6.30168514e+0
110 4.43848240e-1 -6.18350708e+0
112 4.32196531e-1 -6.06928927e+0
114 4.21051895e-1 -5.95882754e+0
116 4.10384080e-1 -5.85193151e+0
118 4.00165119e-1 -5.74842341e+0
120 3.90369125e-1 -5.64813709e+0
122 3.80972102e-1 -5.55091707e+0
124 3.71951783e-1 -5.45661769e+0
126 3.63287474e-1 -5.36510235e+0
128 3.54959927e-1 -5.27624281e+0
130 3.46951214e-1 -5.18991855e+0
132 3.39244620e-1 -5.10601622e+0
134 3.31824542e-1 -5.02442910e+0
136 3.24676403e-1 -4.94505660e+0
138 3.17786569e-1 -4.86780387e+0
140 3.11142276e-1 -4.79258135e+0
142 3.04731562e-1 -4.71930444e+0
144 2.98543209e-1 -4.64789312e+0
146 2.92566684e-1 -4.57827169e+0
148 2.86792091e-1 -4.51036844e+0
150 2.81210123e-1 -4.44411542e+0
152 2.75812021e-1 -4.37944817e+0
154 2.70589535e-1 -4.31630553e+0
156 2.65534886e-1 -4.25462939e+0
158 2.60640740e-1 -4.19436453e+0
160 2.55900167e-1 -4.13545843e+0
162 2.51306625e-1 -4.07786111e+0
164 2.46853928e-1 -4.02152499e+0
166 2.42536220e-1 -3.96640470e+0
168 2.38347963e-1 -3.91245702e+0
170 2.34283907e-1 -3.85964070e+0
172 2.30339077e-1 -3.80791637e+0
174 2.26508753e-1 -3.75724643e+0
176 2.22788456e-1 -3.70759494e+0
178 2.19173935e-1 -3.65892756e+0
180 2.15661147e-1 -3.61121143e+0
182 2.12246252e-1 -3.56441508e+0
184 2.08925596e-1 -3.51850841e+0
186 2.05695699e-1 -3.47346256e+0
188 2.02553252e-1 -3.42924988e+0
190 1.99495100e-1 -3.38584383e+0
192 1.96518235e-1 -3.34321899e+0
194 1.93619791e-1 -3.30135091e+0
196 1.90797031e-1 -3.26021616e+0
198 1.88047345e-1 -3.21979218e+0
200 1.85368240e-1 -3.18005734e+0
202 1.82757333e-1 -3.14099079e+0
204 1.80212347e-1 -3.10257252e+0
206 1.77731107e-1 -3.06478323e+0
208 1.75311529e-1 -3.02760437e+0
210 1.72951622e-1 -2.99101806e+0
212 1.70649478e-1 -2.95500708e+0
214 1.68403271e-1 -2.91955483e+0
216 1.66211251e-1 -2.88464529e+0
218 1.64071741e-1 -2.85026301e+0
220 1.61983133e-1 -2.81639311e+0
222 1.59943887e-1 -2.78302118e+0
224 1.57952522e-1 -2.75013334e+0
226 1.56007621e-1 -2.71771615e+0
228 1.54107820e-1 -2.68575666e+0
230 1.52251813e-1 -2.65424231e+0
232 1.50438342e-1 -2.62316098e+0
234 1.48666200e-1 -2.59250093e+0
236 1.46934228e-1 -2.56225081e+0
238 1.45241310e-1 -2.53239962e+0
240 1.43586375e-1 -2.50293671e+0
242 1.41968391e-1 -2.47385178e+0
244 1.40386366e-1 -2.44513481e+0
246 1.38839347e-1 -2.41677613e+0
248 1.37326414e-1 -2.38876633e+0
250 1.35846684e-1 -2.36109629e+0
252 1.34399304e-1 -2.33375718e+0
254 1.32983457e-1 -2.30674039e+0
256 1.31598351e-1 -2.28003760e+0
258 1.30243226e-1 -2.25364069e+0
260 1.28917350e-1 -2.22754181e+0
262 1.27620016e-1 -2.20173329e+0
264 1.26350545e-1 -2.17620770e+0
266 1.25108280e-1 -2.15095781e+0
268 1.23892589e-1 -2.12597657e+0
270 1.22702863e-1 -2.10125714e+0
272 1.21538514e-1 -2.07679283e+0
274 1.20398976e-1 -2.05257716e+0
276 1.19283702e-1 -2.02860380e+0
278 1.18192167e-1 -2.00486658e+0
280 1.17123861e-1 -1.98135948e+0
282 1.16078296e-1 -1.95807664e+0
284 1.15054999e-1 -1.93501234e+0
286 1.14053515e-1 -1.91216100e+0
288 1.13073405e-1 -1.88951717e+0
290 1.12114245e-1 -1.86707553e+0
292 1.11175629e-1 -1.84483087e+0
294 1.10257163e-1 -1.82277812e+0
296 1.09358467e-1 -1.80091232e+0
298 1.08479177e-1 -1.77922860e+0
300 1.07618941e-1 -1.75772221e+0
302 1.06777420e-1 -1.73638851e+0
304 1.05954289e-1 -1.71522294e+0
306 1.05149232e-1 -1.69422105e+0
308 1.04361948e-1 -1.67337847e+0
310 1.03592147e-1 -1.65269093e+0
312 1.02839549e-1 -1.63215422e+0
314 1.02103885e-1 -1.61176422e+0
316 1.01384898e-1 -1.59151691e+0
318 1.00682341e-1 -1.57140832e+0
320 9.99959747e-2 -1.55143456e+0
322 9.93255729e-2 -1.53159179e+0
324 9.86709174e-2 -1.51187627e+0
326 9.80317996e-2 -1.49228430e+0
328 9.74080202e-2 -1.47281225e+0
330 9.67993888e-2 -1.45345653e+0
332 9.62057238e-2 -1.43421364e+0
334 9.56268525e-2 -1.41508009e+0
336 9.50626105e-2 -1.39605247e+0
338 9.45128417e-2 -1.37712742e+0
340 9.39773983e-2 -1.35830161e+0
342 9.34561407e-2 -1.33957176e+0
344 9.29489371e-2 -1.32093464e+0
346 9.24556637e-2 -1.30238705e+0
348 9.19762043e-2 -1.28392583e+0
350 9.15104506e-2 -1.26554786e+0
352 9.10583018e-2 -1.24725004e+0
354 9.06196645e-2 -1.22902933e+0
356 9.01944530e-2 -1.21088269e+0
358 8.97825890e-2 -1.19280713e+0
360 8.93840016e-2 -1.17479966e+0
362 8.89986270e-2 -1.15685735e+0
364 8.86264090e-2 -1.13897726e+0
366 8.82672987e-2 -1.12115650e+0
368 8.79212545e-2 -1.10339217e+0
370 8.75882420e-2 -1.08568140e+0
372 8.72682342e-2 -1.06802135e+0
374 8.69612116e-2 -1.05040918e+0
376 8.66671618e-2 -1.03284205e+0
378 8.63860802e-2 -1.01531716e+0
380 8.61179692e-2 -9.97831685e-1
382 8.58628392e-2 -9.80382837e-1
384 8.56207079e-2 -9.62967817e-1
386 8.53916009e-2 -9.45583834e-1
388 8.51755515e-2 -9.28228099e-1
390 8.49726007e-2 -9.10897823e-1
392 8.47827977e-2 -8.93590215e-1
394 8.46061999e-2 -8.76302482e-1
396 8.44428727e-2 -8.59031826e-1
398 8.42928900e-2 -8.41775440e-1
400 8.41563343e-2 -8.24530511e-1
402 8.40332968e-2 -8.07294216e-1
404 8.39238775e-2 -7.90063718e-1
406 8.38281858e-2 -7.72836167e-1
408 8.37463401e-2 -7.55608697e-1
410 8.36784685e-2 -7.38378426e-1
412 8.36247089e-2 -7.21142448e-1
414 8.35852092e-2 -7.03897840e-1
416 8.35601275e-2 -6.86641653e-1
418 8.35496329e-2 -6.69370912e-1
420 8.35539049e-2 -6.52082615e-1
422 8.35731348e-2 -6.34773729e-1
424 8.36075251e-2 -6.17441190e-1
426 8.36572904e-2 -6.00081898e-1
428 8.37226577e-2 -5.82692717e-1
430 8.38038668e-2 -5.65270471e-1
432 8.39011708e-2 -5.47811943e-1
434 8.40148362e-2 -5.30313871e-1
436 8.41451440e-2 -5.12772946e-1
438 8.42923898e-2 -4.95185809e-1
440 8.44568844e-2 -4.77549049e-1
442 8.46389545e-2 -4.59859200e-1
444 8.48389434e-2 -4.42112737e-1
446 8.50572113e-2 -4.24306072e-1
448 8.52941364e-2 -4.06435555e-1
450 8.55501152e-2 -3.88497466e-1
452 8.58255637e-2 -3.70488013e-1
454 8.61209182e-2 -3.52403330e-1
456 8.64366356e-2 -3.34239473e-1
458 8.67731950e-2 -3.15992411e-1
460 8.71310983e-2 -2.97658031e-1
462 8.75108713e-2 -2.79232125e-1
464 8.79130650e-2 -2.60710392e-1
466 8.83382562e-2 -2.42088430e-1
468 8.87870494e-2 -2.23361731e-1
470 8.92600777e-2 -2.04525679e-1
472 8.97580040e-2 -1.85575540e-1
474 9.02815230e-2 -1.66506462e-1
476 9.08313623e-2 -1.47313466e-1
478 9.14082842e-2 -1.27991439e-1
480 9.20130875e-2 -1.08535131e-1
482 9.26466091e-2 -8.89391464e-2
484 9.33097261e-2 -6.91979362e-2
486 9.40033582e-2 -4.93057932e-2
488 9.47284694e-2 -2.92568427e-2
490 9.54860706e-2 -9.04503499e-3
492 9.62772222e-2 1.13358631e-2
494 9.71030364e-2 3.18922769e-2
496 9.79646808e-2 5.26308337e-2
498 9.88633804e-2 7.35583719e-2
500 9.98004220e-2 9.46819515e-2
502 1.00777156e-1 1.16008865e-1
504 1.01795003e-1 1.37546650e-1
506 1.02855455e-1 1.59303099e-1
508 1.03960078e-1 1.81286274e-1
510 1.05110524e-1 2.03504519e-1
512 1.06308526e-1 2.25966475e-1
514 1.07555912e-1 2.48681096e-1
516 1.08854603e-1 2.71657660e-1
518 1.10206626e-1 2.94905795e-1
520 1.11614113e-1 3.18435488e-1
522 1.13079315e-1 3.42257108e-1
524 1.14604605e-1 3.66381427e-1
526 1.16192485e-1 3.90819639e-1
528 1.17845600e-1 4.15583386e-1
530 1.19566740e-1 4.40684779e-1
532 1.21358856e-1 4.66136423e-1
534 1.23225068e-1 4.91951450e-1
536 1.25168673e-1 5.18143542e-1
538 1.27193166e-1 5.44726965e-1
540 1.29302245e-1 5.71716602e-1
542 1.31499830e-1 5.99127988e-1
544 1.33790077e-1 6.26977348e-1
546 1.36177396e-1 6.55281638e-1
548 1.38666468e-1 6.84058585e-1
550 1.41262268e-1 7.13326739e-1
552 1.43970081e-1 7.43105518e-1
554 1.46795534e-1 7.73415261e-1
556 1.49744614e-1 8.04277289e-1
558 1.52823700e-1 8.35713961e-1
560 1.56039594e-1 8.67748745e-1
562 1.59399551e-1 9.00406285e-1
564 1.62911321e-1 9.33712478e-1
566 1.66583184e-1 9.67694557e-1
568 1.70423996e-1 1.00238118e+0
570 1.74443239e-1 1.03780252e+0
572 1.78651070e-1 1.07399038e+0
574 1.83058383e-1 1.11097829e+0
576 1.87676870e-1 1.14880165e+0
578 1.92519094e-1 1.18749782e+0
580 1.97598567e-1 1.22710631e+0
582 2.02929833e-1 1.26766890e+0
584 2.08528569e-1 1.30922984e+0
586 2.14411686e-1 1.35183599e+0
588 2.20597451e-1 1.39553706e+0
590 2.27105613e-1 1.44038578e+0
592 2.33957553e-1 1.48643820e+0
594 2.41176445e-1 1.53375389e+0
596 2.48787440e-1 1.58239626e+0
598 2.56817863e-1 1.63243284e+0
600 2.65297451e-1 1.68393567e+0
602 2.74258602e-1 1.73698161e+0
604 2.83736666e-1 1.79165278e+0
606 2.93770273e-1 1.84803706e+0
608 3.04401699e-1 1.90622849e+0
610 3.15677283e-1 1.96632792e+0
612 3.27647902e-1 2.02844355e+0
614 3.40369508e-1 2.09269167e+0
616 3.53903742e-1 2.15919733e+0
618 3.68318638e-1 2.22809526e+0
620 3.83689424e-1 2.29953072e+0
622 4.00099446e-1 2.37366061e+0
624 4.17641233e-1 2.45065453e+0
626 4.36417726e-1 2.53069615e+0
628 4.56543696e-1 2.61398461e+0
630 4.78147398e-1 2.70073614e+0
632 5.01372499e-1 2.79118587e+0
634 5.26380321e-1 2.88558986e+0
636 5.53352484e-1 2.98422743e+0
638 5.82494003e-1 3.08740365e+0
640 6.14036958e-1 3.19545234e+0
642 6.48244834e-1 3.30873929e+0
644 6.85417686e-1 3.42766600e+0
646 7.25898308e-1 3.55267380e+0
648 7.70079638e-1 3.68424863e+0
650 8.18413669e-1 3.82292634e+0
652 8.71422234e-1 3.96929865e+0
654 9.29710123e-1 4.12401987e+0
656 9.93981088e-1 4.28781447e+0
658 1.06505751e+0 4.46148533e+0
660 1.14390466e+0 4.64592294e+0
662 1.23166076e+0 4.84211534e+0
664 1.32967455e+0 5.05115858e+0
666 1.43955232e+0 5.27426746e+0
668 1.56321729e+0 5.51278577e+0
670 1.70298486e+0 5.76819497e+0
672 1.86165866e+0 6.04211924e+0
674 2.04265366e+0 6.33632378e+0
676 2.25015473e+0 6.65270105e+0
678 2.48932189e+0 6.99323645e+0
680 2.76655650e+0 7.35993955e+0
682 3.08984703e+0 7.75471843e+0
684 3.46921715e+0 8.17916079e+0
686 3.91730211e+0 8.63416287e+0
688 4.45007851e+0 9.11931053e+0
690 5.08775929e+0 9.63185883e+0
692 5.85582353e+0 1.01650657e+1
694 6.78604260e+0 1.07055016e+1
696 7.91711670e+0 1.12287848e+1
698 9.29401271e+0 1.16930289e+1
700 1.09640787e+1 1.20293654e+1
702 1.29662996e+1 1.21298137e+1
704 1.53079587e+1 1.18359277e+1
706 1.79228645e+1 1.09391346e+1
708 2.06143552e+1 9.21547700e+0
710 2.30150632e+1 6.52150342e+0
712 2.46352342e+1 2.94079476e+0
714 2.50536095e+1 -1.12324920e+0
716 2.41588567e+1 -5.05372694e+0
718 2.22207802e+1 -8.30194347e+0
720 1.97159637e+1 -1.06078387e+1
722 1.70883116e+1 -1.20024646e+1
724 1.46252997e+1 -1.26739549e+1
726 1.24596092e+1 -1.28403714e+1
728 1.06217218e+1 -1.26850661e+1
730 9.09012824e+0 -1.23407804e+1
732 7.82350702e+0 -1.18958801e+1
734 6.77736211e+0 -1.14061421e+1
736 5.91116461e+0 -1.09053801e+1
738 5.19061751e+0 -1.04132839e+1
740 4.58772961e+0 -9.94071288e+0
742 4.08005979e+0 -9.49311574e+0
744 3.64975592e+0 -9.07268605e+0
746 3.28264425e+0 -8.67970378e+0
748 2.96745448e+0 -8.31336238e+0
750 2.69519287e+0 -7.97227491e+0
752 2.45864771e+0 -7.65478064e+0
754 2.25200427e+0 -7.35912807e+0
756 2.07054663e+0 -7.08358142e+0
758 1.91042695e+0 -6.82648005e+0
760 1.76848686e+0 -6.58626893e+0
762 1.64211853e+0 -6.36151164e+0
764 1.52915629e+0 -6.15089296e+0
766 1.42779166e+0 -5.95321538e+0
768 1.33650632e+0 -5.76739252e+0
770 1.25401899e+0 -5.59244079e+0
772 1.17924310e+0 -5.42747068e+0
774 1.11125286e+0 -5.27167797e+0
776 1.04925591e+0 -5.12433540e+0
778 9.92571174e-1 -4.98478496e+0
780 9.40610853e-1 -4.85243070e+0
782 8.92865640e-1 -4.72673233e+0
784 8.48892600e-1 -4.60719939e+0
786 8.08305146e-1 -4.49338607e+0
788 7.70764720e-1 -4.38488660e+0
790 7.35973863e-1 -4.28133104e+0
792 7.03670407e-1 -4.18238169e+0
794 6.73622605e-1 -4.08772979e+0
796 6.45625013e-1 -3.99709262e+0
798 6.19495007e-1 -3.91021089e+0
800 5.95069825e-1 -3.82684651e+0
802 5.72204041e-1 -3.74678048e+0
804 5.50767407e-1 -3.66981111e+0
806 5.30642996e-1 -3.59575237e+0
808 5.11725610e-1 -3.52443244e+0
810 4.93920395e-1 -3.45569243e+0
812 4.77141656e-1 -3.38938518e+0
814 4.61311812e-1 -3.32537425e+0
816 4.46360498e-1 -3.26353297e+0
818 4.32223775e-1 -3.20374358e+0
820 4.18843442e-1 -3.14589650e+0
822 4.06166427e-1 -3.08988963e+0
824 3.94144259e-1 -3.03562771e+0
826 3.82732597e-1 -2.98302180e+0
828 3.71890815e-1 -2.93198875e+0
830 3.61581638e-1 -2.88245076e+0
832 3.51770813e-1 -2.83433491e+0
834 3.42426823e-1 -2.78757286e+0
836 3.33520629e-1 -2.74210043e+0
838 3.25025440e-1 -2.69785734e+0
840 3.16916508e-1 -2.65478688e+0
842 3.09170945e-1 -2.61283569e+0
844 3.01767556e-1 -2.57195348e+0
846 2.94686697e-1 -2.53209284e+0
848 2.87910134e-1 -2.49320901e+0
850 2.81420929e-1 -2.45525972e+0
852 2.75203331e-1 -2.41820502e+0
854 2.69242675e-1 -2.38200709e+0
856 2.63525298e-1 -2.34663013e+0
858 2.58038458e-1 -2.31204023e+0
860 2.52770256e-1 -2.27820521e+0
862 2.47709579e-1 -2.24509455e+0
864 2.42846033e-1 -2.21267924e+0
866 2.38169890e-1 -2.18093174e+0
868 2.33672041e-1 -2.14982582e+0
870 2.29343946e-1 -2.11933654e+0
872 2.25177595e-1 -2.08944015e+0
874 2.21165471e-1 -2.06011400e+0
876 2.17300513e-1 -2.03133649e+0
878 2.13576085e-1 -2.00308700e+0
880 2.09985948e-1 -1.97534585e+0
882 2.06524230e-1 -1.94809423e+0
884 2.03185406e-1 -1.92131413e+0
886 1.99964269e-1 -1.89498835e+0
888 1.96855917e-1 -1.86910040e+0
890 1.93855727e-1 -1.84363446e+0
892 1.90959340e-1 -1.81857540e+0
894 1.88162648e-1 -1.79390868e+0
896 1.85461773e-1 -1.76962033e+0
898 1.82853058e-1 -1.74569694e+0
900 1.80333050e-1 -1.72212561e+0
902 1.77898495e-1 -1.69889394e+0
904 1.75546320e-1 -1.67598997e+0
906 1.73273629e-1 -1.65340220e+0
908 1.71077689e-1 -1.63111950e+0
910 1.68955927e-1 -1.60913117e+0
912 1.66905918e-1 -1.58742686e+0
914 1.64925382e-1 -1.56599655e+0
916 1.63012173e-1 -1.54483056e+0
918 1.61164280e-1 -1.52391952e+0
920 1.59379816e-1 -1.50325434e+0
922 1.57657020e-1 -1.48282621e+0
924 1.55994245e-1 -1.46262655e+0
926 1.54389963e-1 -1.44264705e+0
928 1.52842759e-1 -1.42287960e+0
930 1.51351329e-1 -1.40331630e+0
932 1.49914478e-1 -1.38394946e+0
934 1.48531123e-1 -1.36477154e+0
936 1.47200290e-1 -1.34577519e+0
938 1.45921113e-1 -1.32695318e+0
940 1.44692841e-1 -1.30829846e+0
942 1.43514838e-1 -1.28980405e+0
944 1.42386584e-1 -1.27146312e+0
946 1.41307683e-1 -1.25326890e+0
948 1.40277866e-1 -1.23521473e+0
950 1.39297002e-1 -1.21729399e+0
952 1.38365101e-1 -1.19950012e+0
954 1.37482330e-1 -1.18182661e+0
956 1.36649020e-1 -1.16426693e+0
958 1.35865684e-1 -1.14681458e+0
960 1.35133035e-1 -1.12946305e+0
962 1.34452004e-1 -1.11220578e+0
964 1.33823765e-1 -1.09503616e+0
966 1.33249766e-1 -1.07794750e+0
968 1.32731759e-1 -1.06093304e+0
970 1.32271844e-1 -1.04398589e+0
972 1.31872514e-1 -1.02709900e+0
974 1.31536715e-1 -1.01026520e+0
976 1.31267908e-1 -9.93477079e-1
978 1.31070154e-1 -9.76727054e-1
980 1.30948211e-1 -9.60007277e-1
982 1.30907643e-1 -9.43309639e-1
984 1.30954967e-1 -9.26625743e-1
986 1.31097813e-1 -9.09946884e-1
988 1.31345134e-1 -8.93264038e-1
990 1.31707445e-1 -8.76567864e-1
992 1.32197124e-1 -8.59848722e-1
994 1.32828779e-1 -8.43096716e-1
996 1.33619689e-1 -8.26301787e-1
998 1.34590349e-1 -8.09453856e-1
1000 1.35765131e-1 -7.92543060e-1
1002 1.37173099e-1 -7.75560121e-1
1004 1.38848987e-1 -7.58496900e-1
1006 1.40834388e-1 -7.41347226e-1
1008 1.43179171e-1 -7.24108130e-1
1010 1.45943131e-1 -7.06781648e-1
1012 1.49197850e-1 -6.89377466e-1
1014 1.53028682e-1 -6.71916738e-1
1016 1.57536598e-1 -6.54437592e-1
1018 1.62839423e-1 -6.37002934e-1
1020 1.69071501e-1 -6.19711332e-1
1022 1.76380099e-1 -6.02711749e-1
1024 1.84915669e-1 -5.86222533e-1
1026 1.94811495e-1 -5.70553880e-1
1028 2.06146434e-1 -5.56130078e-1
1030 2.18883839e-1 -5.43502139e-1
1032 2.32783228e-1 -5.33332345e-1
1034 2.47294450e-1 -5.26322075e-1
1036 2.61471986e-1 -5.23053156e-1
1038 2.73983826e-1 -5.23740584e-1
1040 2.83301547e-1 -5.27966520e-1
1042 2.88090321e-1 -5.34552442e-1
1044 2.87661873e-1 -5.41728018e-1
1046 2.82234186e-1 -5.47591868e-1
1048 2.72826197e-1 -5.50635480e-1
1050 2.60866446e-1 -5.50051586e-1
1052 2.47762421e-1 -5.45727894e-1
1054 2.34625256e-1 -5.38033717e-1
1056 2.22187400e-1 -5.27566241e-1
1058 2.10847536e-1 -5.14959724e-1
1060 2.00763100e-1 -5.00780403e-1
1062 1.91940397e-1 -4.85487236e-1
1064 1.84303028e-1 -4.69430419e-1
1066 1.77737007e-1 -4.52866478e-1
1068 1.72117626e-1 -4.35977783e-1
1070 1.67323962e-1 -4.18890799e-1
1072 1.63245783e-1 -4.01691105e-1
1074 1.59786087e-1 -3.84434949e-1
1076 1.56861300e-1 -3.67157813e-1
1078 1.54400352e-1 -3.49880606e-1
1080 1.52343280e-1 -3.32614089e-1
1082 1.50639736e-1 -3.15362003e-1
1084 1.49247562e-1 -2.98123260e-1
1086 1.48131519e-1 -2.80893485e-1
1088 1.47262184e-1 -2.63666083e-1
1090 1.46615021e-1 -2.46432985e-1
1092 1.46169597e-1 -2.29185152e-1
1094 1.45908935e-1 -2.11912927e-1
1096 1.45818988e-1 -1.94606269e-1
1098 1.45888195e-1 -1.77254898e-1
1100 1.46107124e-1 -1.59848398e-1
1102 1.46468182e-1 -1.42376268e-1
1104 1.46965372e-1 -1.24827948e-1
1106 1.47594104e-1 -1.07192828e-1
1108 1.48351035e-1 -8.94602368e-2
1110 1.49233949e-1 -7.16194274e-2
1112 1.50241658e-1 -5.36595492e-2
1114 1.51373923e-1 -3.55696182e-2
1116 1.52631407e-1 -1.73384825e-2
1118 1.54015630e-1 1.04521575e-3
1120 1.55528951e-1 1.95930807e-2
1122 1.57174557e-1 3.83170054e-2
1124 1.58956474e-1 5.72292163e-2
1126 1.60879579e-1 7.63423202e-2
1128 1.62949637e-1 9.56693532e-2
1130 1.65173343e-1 1.15223831e-1
1132 1.67558381e-1 1.35019803e-1
1134 1.70113501e-1 1.55071907e-1
1136 1.72848600e-1 1.75395429e-1
1138 1.75774837e-1 1.96006362e-1
1140 1.78904755e-1 2.16921470e-1
1142 1.82252431e-1 2.38158354e-1
1144 1.85833648e-1 2.59735521e-1
1146 1.89666104e-1 2.81672454e-1
1148 1.93769640e-1 3.03989678e-1
1150 1.98166527e-1 3.26708841e-1
1152 2.02881778e-1 3.49852772e-1
1154 2.07943534e-1 3.73445555e-1
1156 2.13383500e-1 3.97512583e-1
1158 2.19237461e-1 4.22080604e-1
1160 2.25545886e-1 4.47177749e-1
1162 2.32354641e-1 4.72833531e-1
1164 2.39715824e-1 4.99078808e-1
1166 2.47688749e-1 5.25945686e-1
1168 2.56341112e-1 5.53467341e-1
1170 2.65750364e-1 5.81677742e-1
1172 2.76005338e-1 6.10611210e-1
1174 2.87208174e-1 6.40301772e-1
1176 2.99476593e-1 6.70782232e-1
1178 3.12946587e-1 7.02082838e-1
1180 3.27775579e-1 7.34229418e-1
1182 3.44146132e-1 7.67240767e-1
1184 3.62270257e-1 8.01125033e-1
1186 3.82394356e-1 8.35874706e-1
1188 4.04804791e-1 8.71459751e-1
1190 4.29833977e-1 9.07818164e-1
1192 4.57866708e-1 9.44843111e-1
1194 4.89346156e-1 9.82365449e-1
1196 5.24778473e-1 1.02013019e+0
1198 5.64734128e-1 1.05776511e+0
1200 6.09842850e-1 1.09473965e+0
1202 6.60777144e-1 1.13031221e+0
1204 7.18216611e-1 1.16346540e+0
1206 7.82781763e-1 1.19283107e+0
1208 8.54922098e-1 1.21661333e+0
1210 9.34740703e-1 1.23252803e+0
1212 1.02174047e+0 1.23779488e+0
1214 1.11449267e+0 1.22924084e+0
1216 1.21026760e+0 1.20359433e+0
1218 1.30473586e+0 1.15804608e+0
1220 1.39193480e+0 1.09108872e+0
1222 1.46474007e+0 1.00349193e+0
1224 1.51598582e+0 8.99054358e-1
1226 1.54007421e+0 7.84647471e-1
1228 1.53451775e+0 6.69238758e-1
1230 1.50069382e+0 5.62088055e-1
1232 1.44341197e+0 4.70825393e-1
1234 1.36953027e+0 4.00196763e-1
1236 1.28630146e+0 3.51832706e-1
1238 1.20008704e+0 3.24842262e-1
1240 1.11570917e+0 3.16761128e-1
1242 1.03636171e+0 3.24445182e-1
1244 9.63851077e-1 3.44709549e-1
1246 8.98954393e-1 3.74691002e-1
1248 8.41763417e-1 4.11998291e-1
1250 7.91958729e-1 4.54731262e-1
1252 7.49004844e-1 5.01433376e-1
1254 7.12277998e-1 5.51019191e-1
1256 6.81143937e-1 6.02699521e-1
1258 6.55001569e-1 6.55914734e-1
1260 6.33304732e-1 7.10279619e-1
1262 6.15570670e-1 7.65539826e-1
1264 6.01380871e-1 8.21538415e-1
1266 5.90377866e-1 8.78190654e-1
1268 5.82260153e-1 9.35465281e-1
1270 5.76776514e-1 9.93370720e-1
1272 5.73720436e-1 1.05194502e+0
1274 5.72924987e-1 1.11124859e+0
1276 5.74258324e-1 1.17135899e+0
1278 5.77619873e-1 1.23236727e+0
1280 5.82937171e-1 1.29437542e+0
1282 5.90163343e-1 1.35749472e+0
1284 5.99275158e-1 1.42184465e+0
1286 6.10271615e-1 1.48755234e+0
1288 6.23173033e-1 1.55475236e+0
1290 6.38020596e-1 1.62358672e+0
1292 6.54876350e-1 1.69420522e+0
1294 6.73823624e-1 1.76676587e+0
1296 6.94967901e-1 1.84143545e+0
1298 7.18438133e-1 1.91839021e+0
1300 7.44388544e-1 1.99781666e+0
1302 7.73000962e-1 2.07991241e+0
1304 8.04487734e-1 2.16488702e+0
1306 8.39095315e-1 2.25296293e+0
1308 8.77108622e-1 2.34437632e+0
1310 9.18856288e-1 2.43937791e+0
1312 9.64716970e-1 2.53823366e+0
1314 1.01512691e+0 2.64122520e+0
1316 1.07058899e+0 2.74864998e+0
1318 1.13168355e+0 2.86082081e+0
1320 1.19908138e+0 2.97806475e+0
1322 1.27355929e+0 3.10072081e+0
1324 1.35601870e+0 3.22913612e+0
1326 1.44750809e+0 3.36365988e+0
1328 1.54924980e+0 3.50463417e+0
1330 1.66267224e+0 3.65238027e+0
1332 1.78944834e+0 3.80717890e+0
1334 1.93154144e+0 3.96924164e+0
1336 2.09125948e+0 4.13867023e+0
1338 2.27131850e+0 4.31539878e+0
1340 2.47491570e+0 4.49911231e+0
1342 2.70581111e+0 4.68913210e+0
1344 2.96841494e+0 4.88425541e+0
1346 3.26787315e+0 5.08253246e+0
1348 3.61013687e+0 5.28095866e+0
1350 4.00198853e+0 5.47505479e+0
1352 4.45097784e+0 5.65830452e+0
1354 4.96518853e+0 5.82142153e+0
1356 5.55271083e+0 5.95143687e+0
1358 6.22063308e+0 6.03064789e+0
1360 6.97330156e+0 6.03558050e+0
1362 7.80956915e+0 5.93632279e+0
1364 8.71885362e+0 5.69691245e+0
1366 9.67622066e+0 5.27785376e+0
1368 1.06375866e+1 4.64205600e+0
1370 1.15374981e+1 3.76496864e+0
1372 1.22931249e+1 2.64772905e+0
1374 1.28174488e+1 1.32873911e+0
1376 1.30404859e+1 -1.13687436e-1
1378 1.29308366e+1 -1.57323571e+0
1380 1.25064046e+1 -2.93991102e+0
1382 1.18279204e+1 -4.12602177e+0
1384 1.09792561e+1 -5.08186388e+0
1386 1.00452887e+1 -5.79656379e+0
1388 9.09638012e+0 -6.28821894e+0
1390 8.18218964e+0 -6.59075350e+0
1392 7.33255980e+0 -6.74290829e+0
1394 6.56181324e+0 -6.78129711e+0
1396 5.87368010e+0 -6.73711547e+0
1398 5.26546365e+0 -6.63527522e+0
1400 4.73105274e+0 -6.49482580e+0
1402 4.26288443e+0 -6.32989324e+0
1404 3.85311734e+0 -6.15071168e+0
1406 3.49427233e+0 -5.96455287e+0
1408 3.17953927e+0 -5.77648897e+0
1410 2.90288717e+0 -5.58998636e+0
1412 2.65906599e+0 -5.40735357e+0
1414 2.44355349e+0 -5.23007227e+0
1416 2.25247879e+0 -5.05903886e+0
1418 2.08253983e+0 -4.89473914e+0
1420 1.93092370e+0 -4.73737396e+0
1422 1.79523435e+0 -4.58694918e+0
1424 1.67342883e+0 -4.44333985e+0
1426 1.56376247e+0 -4.30633578e+0
1428 1.46474222e+0 -4.17567381e+0
1430 1.37508720e+0 -4.05106050e+0
1432 1.29369572e+0 -3.93218794e+0
1434 1.21961756e+0 -3.81874467e+0
1436 1.15203076e+0 -3.71042303e+0
1438 1.09022233e+0 -3.60692408e+0
1440 1.03357193e+0 -3.50796065e+0
1442 9.81538358e-1 -3.41325921e+0
1444 9.33648077e-1 -3.32256077e+0
1446 8.89485614e-1 -3.23562125e+0
1448 8.48685453e-1 -3.15221134e+0
1450 8.10925181e-1 -3.07211614e+0
1452 7.75919667e-1 -2.99513460e+0
1454 7.43416130e-1 -2.92107885e+0
1456 7.13189919e-1 -2.84977346e+0
1458 6.85040925e-1 -2.78105469e+0
1460 6.58790487e-1 -2.71476974e+0
1462 6.34278753e-1 -2.65077599e+0
1464 6.11362395e-1 -2.58894030e+0
1466 5.89912643e-1 -2.52913837e+0
1468 5.69813578e-1 -2.47125401e+0
1470 5.50960655e-1 -2.41517863e+0
1472 5.33259418e-1 -2.36081063e+0
1474 5.16624378e-1 -2.30805488e+0
1476 5.00978034e-1 -2.25682227e+0
1478 4.86250016e-1 -2.20702921e+0
1480 4.72376335e-1 -2.15859724e+0
1482 4.59298716e-1 -2.11145266e+0
1484 4.46964020e-1 -2.06552614e+0
1486 4.35323731e-1 -2.02075243e+0
1488 4.24333494e-1 -1.97707005e+0
1490 4.13952721e-1 -1.93442097e+0
1492 4.04144227e-1 -1.89275042e+0
1494 3.94873916e-1 -1.85200660e+0
1496 3.86110497e-1 -1.81214048e+0
1498 3.77825229e-1 -1.77310560e+0
1500 3.69991702e-1 -1.73485788e+0
1502 3.62585631e-1 -1.69735543e+0
1504 3.55584678e-1 -1.66055844e+0
1506 3.48968290e-1 -1.62442895e+0
1508 3.42717556e-1 -1.58893077e+0
1510 3.36815075e-1 -1.55402936e+0
1512 3.31244841e-1 -1.51969165e+0
1514 3.25992142e-1 -1.48588598e+0
1516 3.21043459e-1 -1.45258197e+0
1518 3.16386389e-1 -1.41975044e+0
1520 3.12009566e-1 -1.38736329e+0
1522 3.07902593e-1 -1.35539345e+0
1524 3.04055986e-1 -1.32381477e+0
1526 3.00461114e-1 -1.29260193e+0
1528 2.97110157e-1 -1.26173042e+0
1530 2.93996059e-1 -1.23117641e+0
1532 2.91112495e-1 -1.20091673e+0
1534 2.88453834e-1 -1.17092878e+0
1536 2.86015114e-1 -1.14119046e+0
1538 2.83792019e-1 -1.11168016e+0
1540 2.81780854e-1 -1.08237664e+0
1542 2.79978536e-1 -1.05325903e+0
1544 2.78382573e-1 -1.02430674e+0
1546 2.76991064e-1 -9.95499413e-1
1548 2.75802686e-1 -9.66816888e-1
1550 2.74816695e-1 -9.38239139e-1
1552 2.74032929e-1 -9.09746224e-1
1554 2.73451811e-1 -8.81318237e-1
1556 2.73074356e-1 -8.52935253e-1
1558 2.72902186e-1 -8.24577281e-1
1560 2.72937547e-1 -7.96224207e-1
1562 2.73183325e-1 -7.67855747e-1
1564 2.73643074e-1 -7.39451389e-1
1566 2.74321042e-1 -7.10990335e-1
1568 2.75222211e-1 -6.82451449e-1
1570 2.76352330e-1 -6.53813194e-1
1572 2.77717962e-1 -6.25053571e-1
1574 2.79326541e-1 -5.96150054e-1
1576 2.81186422e-1 -5.67079520e-1
1578 2.83306955e-1 -5.37818183e-1
1580 2.85698558e-1 -5.08341515e-1
1582 2.88372802e-1 -4.78624168e-1
1584 2.91342506e-1 -4.48639889e-1
1586 2.94621847e-1 -4.18361433e-1
1588 2.98226479e-1 -3.87760468e-1
1590 3.02173676e-1 -3.56807472e-1
1592 3.06482479e-1 -3.25471630e-1
1594 3.11173874e-1 -2.93720715e-1
1596 3.16270992e-1 -2.61520970e-1
1598 3.21799326e-1 -2.28836976e-1
1600 3.27786984e-1 -1.95631515e-1
1602 3.34264977e-1 -1.61865418e-1
1604 3.41267538e-1 -1.27497414e-1
1606 3.48832493e-1 -9.24839580e-2
1608 3.57001676e-1 -5.67790559e-2
1610 3.65821410e-1 -2.03340780e-2
1612 3.75343044e-1 1.69024377e-2
1614 3.85623583e-1 5.49849892e-2
1616 3.96726399e-1 9.39713225e-2
1618 4.08722049e-1 1.33922647e-1
1620 4.21689223e-1 1.74903852e-1
1622 4.35715829e-1 2.16983721e-1
1624 4.50900254e-1 2.60235130e-1
1626 4.67352820e-1 3.04735232e-1
1628 4.85197473e-1 3.50565599e-1
1630 5.04573755e-1 3.97812315e-1
1632 5.25639089e-1 4.46565990e-1
1634 5.48571458e-1 4.96921659e-1
1636 5.73572533e-1 5.48978523e-1
1638 6.00871333e-1 6.02839471e-1
1640 6.30728528e-1 6.58610287e-1
1642 6.63441479e-1 7.16398454e-1
1644 6.99350168e-1 7.76311374e-1
1646 7.38844157e-1 8.38453825e-1
1648 7.82370764e-1 9.02924357e-1
1650 8.30444635e-1 9.69810284e-1
1652 8.83658930e-1 1.03918074e+0
1654 9.42698317e-1 1.11107718e+0
1656 1.00835394e+0 1.18550031e+0
1658 1.08154048e+0 1.26239246e+0
1660 1.16331520e+0 1.34161348e+0
1662 1.25489861e+0 1.42290832e+0
1664 1.35769595e+0 1.50586326e+0
1666 1.47331747e+0 1.58984743e+0
1668 1.60359457e+0 1.67393483e+0
1670 1.75058599e+0 1.75680172e+0
1672 1.91656505e+0 1.83659332e+0
1674 2.10397340e+0 1.91075430e+0
1676 2.31531937e+0 1.97581994e+0
1678 2.55298866e+0 2.02717199e+0
1680 2.81892416e+0 2.05877698e+0
1682 3.11412162e+0 2.06295205e+0
1684 3.43788925e+0 2.03024667e+0
1686 3.78684702e+0 1.94959078e+0
1688 4.15372235e+0 1.80892814e+0
1690 4.52615842e+0 1.59658889e+0
1692 4.88598986e+0 1.30357480e+0
1694 5.20967094e+0 9.26632575e-1
1696 5.47055138e+0 4.71435922e-1
1698 5.64320411e+0 -4.54143421e-2
1700 5.70896208e+0 -5.97025974e-1
1702 5.66072548e+0 -1.15014270e+0
1704 5.50490015e+0 -1.67140579e+0
1706 5.25952474e+0 -2.13362481e+0
1708 4.94952739e+0 -2.51973709e+0
1710 4.60123806e+0 -2.82350271e+0
1712 4.23807811e+0 -3.04758108e+0
1714 3.87826499e+0 -3.20042128e+0
1716 3.53433820e+0 -3.29323861e+0
1718 3.21382963e+0 -3.33775006e+0
1720 2.92040745e+0 -3.34479897e+0
1722 2.65504611e+0 -3.32370454e+0
1724 2.41700644e+0 -3.28209161e+0
1726 2.20456666e+0 -3.22598742e+0
1728 2.01552466e+0 -3.16003787e+0
1730 1.84752053e+0 -3.08775537e+0
1732 1.69823009e+0 -3.01175332e+0
1734 1.56547156e+0 -2.93394831e+0
1736 1.44725654e+0 -2.85572546e+0
1738 1.34180700e+0 -2.77806929e+0
1740 1.24755272e+0 -2.70166494e+0
1742 1.16311809e+0 -2.62697557e+0
1744 1.08730419e+0 -2.55430079e+0
1746 1.01906916e+0 -2.48382052e+0
1748 9.57509041e-1 -2.41562778e+0
1750 9.01839821e-1 -2.34975314e+0
1752 8.51381282e-1 -2.28618280e+0
1754 8.05542702e-1 -2.22487202e+0
1756 7.63810379e-1 -2.16575503e+0
1758 7.25736847e-1 -2.10875231e+0
1760 6.90931608e-1 -2.05377591e+0
1762 6.59053187e-1 -2.00073330e+0
1764 6.29802351e-1 -1.94953023e+0
1766 6.02916314e-1 -1.90007265e+0
1768 5.78163797e-1 -1.85226814e+0
1770 5.55340800e-1 -1.80602682e+0
1772 5.34267004e-1 -1.76126204e+0
1774 5.14782679e-1 -1.71789069e+0
1776 4.96746042e-1 -1.67583344e+0
1778 4.80030990e-1 -1.63501481e+0
1780 4.64525147e-1 -1.59536318e+0
1782 4.50128185e-1 -1.55681068e+0
1784 4.36750377e-1 -1.51929310e+0
1786 4.24311338e-1 -1.48274972e+0
1788 4.12738946e-1 -1.44712316e+0
1790 4.01968396e-1 -1.41235917e+0
1792 3.91941379e-1 -1.37840653e+0
1794 3.82605374e-1 -1.34521675e+0
1796 3.73913021e-1 -1.31274400e+0
1798 3.65821575e-1 -1.28094489e+0
1800 3.58292436e-1 -1.24977829e+0
1802 3.51290724e-1 -1.21920521e+0
1804 3.44784917e-1 -1.18918862e+0
1806 3.38746527e-1 -1.15969332e+0
1808 3.33149816e-1 -1.13068579e+0
1810 3.27971549e-1 -1.10213408e+0
1812 3.23190771e-1 -1.07400770e+0
1814 3.18788618e-1 -1.04627747e+0
1816 3.14748143e-1 -1.01891543e+0
1818 3.11054172e-1 -9.91894756e-1
1820 3.07693166e-1 -9.65189645e-1
1822 3.04653113e-1 -9.38775232e-1
1824 3.01923427e-1 -9.12627504e-1
1826 2.99494861e-1 -8.86723225e-1
1828 2.97359431e-1 -8.61039853e-1
1830 2.95510359e-1 -8.35555474e-1
1832 2.93942016e-1 -8.10248728e-1
1834 2.92649880e-1 -7.85098749e-1
1836 2.91630506e-1 -7.60085098e-1
1838 2.90881496e-1 -7.35187704e-1
1840 2.90401485e-1 -7.10386807e-1
1842 2.90190133e-1 -6.85662900e-1
1844 2.90248124e-1 -6.60996679e-1
1846 2.90577172e-1 -6.36368985e-1
1848 2.91180038e-1 -6.11760757e-1
1850 2.92060556e-1 -5.87152978e-1
1852 2.93223660e-1 -5.62526632e-1
1854 2.94675428e-1 -5.37862651e-1
1856 2.96423135e-1 -5.13141874e-1
1858 2.98475310e-1 -4.88344993e-1
1860 3.00841811e-1 -4.63452518e-1
1862 3.03533905e-1 -4.38444729e-1
1864 3.06564370e-1 -4.13301633e-1
1866 3.09947597e-1 -3.88002928e-1
1868 3.13699727e-1 -3.62527964e-1
1870 3.17838787e-1 -3.36855705e-1
1872 3.22384853e-1 -3.10964703e-1
1874 3.27360240e-1 -2.84833064e-1
1876 3.32789708e-1 -2.58438434e-1
1878 3.38700694e-1 -2.31757980e-1
1880 3.45123586e-1 -2.04768385e-1
1882 3.52092018e-1 -1.77445859e-1
1884 3.59643211e-1 -1.49766154e-1
1886 3.67818358e-1 -1.21704608e-1
1888 3.76663052e-1 -9.32362084e-2
1890 3.86227782e-1 -6.43356811e-2
1892 3.96568475e-1 -3.49776241e-2
1894 4.07747126e-1 -5.13668049e-3
1896 4.19832494e-1 2.52122267e-2
1898 4.32900896e-1 5.60935886e-2
1900 4.47037099e-1 8.75309143e-2
1902 4.62335318e-1 1.19546220e-1
1904 4.78900351e-1 1.52159379e-1
1906 4.96848830e-1 1.85387292e-1
1908 5.16310637e-1 2.19242841e-1
1910 5.37430462e-1 2.53733567e-1
1912 5.60369535e-1 2.88860002e-1
1914 5.85307507e-1 3.24613585e-1
1916 6.12444498e-1 3.60974038e-1
1918 6.42003262e-1 3.97906092e-1
1920 6.74231449e-1 4.35355405e-1
1922 7.09403861e-1 4.73243481e-1
1924 7.47824592e-1 5.11461362e-1
1926 7.89828862e-1 5.49861847e-1
1928 8.35784240e-1 5.88249918e-1
1930 8.86090858e-1 6.26371054e-1
1932 9.41179999e-1 6.63897086e-1
1934 1.00151024e+0 7.00409264e-1
1936 1.06756001e+0 7.35378326e-1
1938 1.13981494e+0 7.68141517e-1
1940 1.21874825e+0 7.97876931e-1
1942 1.30479132e+0 8.23576157e-1
1944 1.39829191e+0 8.44017253e-1
1946 1.49945651e+0 8.57741593e-1
1948 1.60827423e+0 8.63040241e-1
1950 1.72442025e+0 8.57958215e-1
1952 1.84714022e+0 8.40328030e-1
1954 1.97512166e+0 8.07846478e-1
1956 2.10636649e+0 7.58209462e-1
1958 2.23808922e+0 6.89316426e-1
1960 2.36667621e+0 5.99546053e-1
1962 2.48774912e+0 4.88086348e-1
1964 2.59637262e+0 3.55275862e-1
1966 2.68742633e+0 2.02884892e-1
1968 2.75612071e+0 3.42486416e-2
1970 2.79858378e+0 -1.45826320e-1
1972 2.81239980e+0 -3.31416285e-1
1974 2.79696792e+0 -5.16057327e-1
1976 2.75358396e+0 -6.93434414e-1
1978 2.68522384e+0 -8.58033249e-1
1980 2.59609152e+0 -1.00561971e+0
1982 2.49105108e+0 -1.13347163e+0
1984 2.37507171e+0 -1.24036322e+0
1986 2.25278210e+0 -1.32636133e+0
1988 2.12817965e+0 -1.39251875e+0
1990 2.00449278e+0 -1.44054387e+0
1992 1.88416573e+0 -1.47250301e+0
1994 1.76892443e+0 -1.49058416e+0
1996 1.65988494e+0 -1.49692926e+0
1998 1.55767551e+0 -1.49352829e+0
2000 1.46255364e+0 -1.48216249e+0
2002 1.37450811e+0 -1.46438282e+0
2004 1.29334274e+0 -1.44151161e+0
2006 1.21874161e+0 -1.41465779e+0
2008 1.15031812e+0 -1.38473917e+0
2010 1.08765048e+0 -1.35250715e+0
2012 1.03030659e+0 -1.31857115e+0
2014 9.77860820e-1 -1.28342133e+0
2016 9.29904730e-1 -1.24744878e+0
2018 8.86053534e-1 -1.21096302e+0
2020 8.45949480e-1 -1.17420686e+0
2022 8.09263163e-1 -1.13736885e+0
2024 7.75693446e-1 -1.10059357e+0
2026 7.44966507e-1 -1.06399014e+0
2028 7.16834348e-1 -1.02763914e+0
2030 6.91073027e-1 -9.91598236e-1
2032 6.67480770e-1 -9.55906789e-1
2034 6.45876071e-1 -9.20589531e-1
2036 6.26095850e-1 -8.85659566e-1
2038 6.07993718e-1 -8.51120776e-1
2040 5.91438360e-1 -8.16969751e-1
2042 5.76312051e-1 -7.83197351e-1
2044 5.62509312e-1 -7.49789947e-1
2046 5.49935697e-1 -7.16730415e-1
2048 5.38506694e-1 -6.83998933e-1
2050 5.28146761e-1 -6.51573609e-1
2052 5.18788451e-1 -6.19430977e-1
2054 5.10371650e-1 -5.87546392e-1
2056 5.02842887e-1 -5.55894333e-1
2058 4.96154744e-1 -5.24448638e-1
2060 4.90265318e-1 -4.93182683e-1
2062 4.85137766e-1 -4.62069514e-1
2064 4.80739893e-1 -4.31081946e-1
2066 4.77043809e-1 -4.00192622e-1
2068 4.74025617e-1 -3.69374063e-1
2070 4.71665158e-1 -3.38598682e-1
2072 4.69945789e-1 -3.07838792e-1
2074 4.68854199e-1 -2.77066601e-1
2076 4.68380258e-1 -2.46254189e-1
2078 4.68516901e-1 -2.15373486e-1
2080 4.69260033e-1 -1.84396233e-1
2082 4.70608475e-1 -1.53293949e-1
2084 4.72563926e-1 -1.22037882e-1
2086 4.75130957e-1 -9.05989637e-2
2088 4.78317029e-1 -5.89477628e-2
2090 4.82132542e-1 -2.70544307e-2
2092 4.86590902e-1 5.11134884e-3
2094 4.91708629e-1 3.75804111e-2
2096 4.97505479e-1 7.03841613e-2
2098 5.04004608e-1 1.03554623e-1
2100 5.11232767e-1 1.37124484e-1
2102 5.19220523e-1 1.71127135e-1
2104 5.28002532e-1 2.05596707e-1
2106 5.37617843e-1 2.40568094e-1
2108 5.48110254e-1 2.76076970e-1
2110 5.59528717e-1 3.12159788e-1
2112 5.71927797e-1 3.48853763e-1
2114 5.85368201e-1 3.86196833e-1
2116 5.99917368e-1 4.24227588e-1
2118 6.15650147e-1 4.62985165e-1
2120 6.32649553e-1 5.02509099e-1
2122 6.51007635e-1 5.42839115e-1
2124 6.70826441e-1 5.84014850e-1
2126 6.92219114e-1 6.26075490e-1
2128 7.15311133e-1 6.69059294e-1
2130 7.40241695e-1 7.13002985e-1
2132 7.67165279e-1 7.57940970e-1
2134 7.96253400e-1 8.03904355e-1
2136 8.27696569e-1 8.50919698e-1
2138 8.61706480e-1 8.99007433e-1
2140 8.98518445e-1 9.48179911e-1
2142 9.38394077e-1 9.98438922e-1
2144 9.81624245e-1 1.04977263e+0
2146 1.02853228e+0 1.10215171e+0
2148 1.07947740e+0 1.15552459e+0
2150 1.13485836e+0 1.20981153e+0
2152 1.19511713e+0 1.26489720e+0
2154 1.26074258e+0 1.32062168e+0
2156 1.33227386e+0 1.37676916e+0
2158 1.41030311e+0 1.43305420e+0
2160 1.49547706e+0 1.48910496e+0
2162 1.58849679e+0 1.54444269e+0
2164 1.69011449e+0 1.59845725e+0
2166 1.80112590e+0 1.65037789e+0
2168 1.92235652e+0 1.69923904e+0
2170 2.05463886e+0 1.74384120e+0
2172 2.19877749e+0 1.78270751e+0
2174 2.35549786e+0 1.81403775e+0
2176 2.52537385e+0 1.83566332e+0
2178 2.70872911e+0 1.84500894e+0
2180 2.90550725e+0 1.83907063e+0
2182 3.11510834e+0 1.81442352e+0
2184 3.33619333e+0 1.76727841e+0
2186 3.56646633e+0 1.69360960e+0
2188 3.80245715e+0 1.58937884e+0
2190 4.03934319e+0 1.45087504e+0
2192 4.27086810e+0 1.27517462e+0
2194 4.48942776e+0 1.06069862e+0
2196 4.68639249e+0 8.07800649e-1
2198 4.85270571e+0 5.19273088e-1
2200 4.97973807e+0 2.00626657e-1
2202 5.06029035e+0 -1.39995374e-1
2204 5.08955744e+0 -4.92344214e-1
2206 5.06582969e+0 -8.44996814e-1
2208 4.99074828e+0 -1.18652915e+0
2210 4.86904480e+0 -1.50668703e+0
2212 4.70783838e+0 -1.79731125e+0
2214 4.51567506e+0 -2.05285831e+0
2216 4.30153208e+0 -2.27048281e+0
2218 4.07397214e+0 -2.44975909e+0
2220 3.84055132e+0 -2.59218020e+0
2222 3.60750022e+0 -2.70057742e+0
2224 3.37963772e+0 -2.77857069e+0
2226 3.16044947e+0 -2.83011439e+0
2228 2.95226150e+0 -2.85916175e+0
2230 2.75645286e+0 -2.86944284e+0
2232 2.57366895e+0 -2.86433691e+0
2234 2.40401343e+0 -2.84681499e+0
2236 2.24720907e+0 -2.81943039e+0
2238 2.10272570e+0 -2.78433892e+0
2240 1.96987787e+0 -2.74333524e+0
2242 1.84789668e+0 -2.69789624e+0
2244 1.73598094e+0 -2.64922558e+0
2246 1.63333217e+0 -2.59829585e+0
2248 1.53917767e+0 -2.54588679e+0
2250 1.45278468e+0 -2.49261874e+0
2252 1.37346837e+0 -2.43898124e+0
2254 1.30059541e+0 -2.38535720e+0
2256 1.23358464e+0 -2.33204306e+0
2258 1.17190580e+0 -2.27926536e+0
2260 1.11507712e+0 -2.22719440e+0
2262 1.06266218e+0 -2.17595536e+0
2264 1.01426652e+0 -2.12563739e+0
2266 9.69534079e-1 -2.07630092e+0
2268 9.28143781e-1 -2.02798361e+0
2270 8.89806204e-1 -1.98070516e+0
2272 8.54260506e-1 -1.93447117e+0
2274 8.21271566e-1 -1.88927624e+0
2276 7.90627377e-1 -1.84510649e+0
2278 7.62136679e-1 -1.80194154e+0
2280 7.35626820e-1 -1.75975616e+0
2282 7.10941836e-1 -1.71852150e+0
2284 6.87940734e-1 -1.67820616e+0
2286 6.66495950e-1 -1.63877697e+0
2288 6.46491978e-1 -1.60019965e+0
2290 6.27824146e-1 -1.56243930e+0
2292 6.10397529e-1 -1.52546081e+0
2294 5.94125974e-1 -1.48922913e+0
2296 5.78931236e-1 -1.45370955e+0
2298 5.64742213e-1 -1.41886785e+0
2300 5.51494257e-1 -1.38467041e+0
2302 5.39128567e-1 -1.35108433e+0
2304 5.27591643e-1 -1.31807748e+0
2306 5.16834801e-1 -1.28561854e+0
2308 5.06813747e-1 -1.25367700e+0
2310 4.97488188e-1 -1.22222319e+0
2312 4.88821489e-1 -1.19122825e+0
2314 4.80780371e-1 -1.16066413e+0
2316 4.73334637e-1 -1.13050354e+0
2318 4.66456930e-1 -1.10071995e+0
2320 4.60122516e-1 -1.07128752e+0
2322 4.54309098e-1 -1.04218111e+0
2324 4.48996641e-1 -1.01337618e+0
2326 4.44167224e-1 -9.84848788e-1
2328 4.39804912e-1 -9.56575554e-1
2330 4.35895635e-1 -9.28533585e-1
2332 4.32427090e-1 -9.00700454e-1
2334 4.29388656e-1 -8.73054146e-1
2336 4.26771319e-1 -8.45573021e-1
2338 4.24567608e-1 -8.18235769e-1
2340 4.22771549e-1 -7.91021365e-1
2342 4.21378625e-1 -7.63909029e-1
2344 4.20385742e-1 -7.36878184e-1
2346 4.19791216e-1 -7.09908414e-1
2348 4.19594760e-1 -6.82979427e-1
2350 4.19797485e-1 -6.56071009e-1
2352 4.20401910e-1 -6.29162993e-1
2354 4.21411984e-1 -6.02235216e-1
2356 4.22833113e-1 -5.75267483e-1
2358 4.24672202e-1 -5.48239533e-1
2360 4.26937705e-1 -5.21131001e-1
2362 4.29639687e-1 -4.93921389e-1
2364 4.32789902e-1 -4.66590032e-1
2366 4.36401875e-1 -4.39116070e-1
2368 4.40491007e-1 -4.11478420e-1
2370 4.45074691e-1 -3.83655755e-1
2372 4.50172440e-1 -3.55626478e-1
2374 4.55806042e-1 -3.27368717e-1
2376 4.61999727e-1 -2.98860304e-1
2378 4.68780359e-1 -2.70078778e-1
2380 4.76177648e-1 -2.41001391e-1
2382 4.84224393e-1 -2.11605118e-1
2384 4.92956749e-1 -1.81866690e-1
2386 5.02414530e-1 -1.51762634e-1
2388 5.12641545e-1 -1.21269333e-1
2390 5.23685972e-1 -9.03631107e-2
2392 5.35600779e-1 -5.90203417e-2
2394 5.48444194e-1 -2.72175950e-2
2396 5.62280219e-1 5.06818237e-3
2398 5.77179217e-1 3.78594322e-2
2400 5.93218557e-1 7.11776923e-2
2402 6.10483326e-1 1.05043231e-1
2404 6.29067131e-1 1.39474595e-1
2406 6.49072975e-1 1.74488046e-1
2408 6.70614231e-1 2.10096872e-1
2410 6.93815714e-1 2.46310534e-1
2412 7.18814850e-1 2.83133627e-1
2414 7.45762955e-1 3.20564604e-1
2416 7.74826621e-1 3.58594213e-1
2418 8.06189193e-1 3.97203599e-1
2420 8.40052340e-1 4.36361984e-1
2422 8.76637685e-1 4.76023851e-1
2424 9.16188461e-1 5.16125522e-1
2426 9.58971134e-1 5.56581013e-1
2428 1.00527690e+0 5.97277036e-1
2430 1.05542294e+0 6.38066964e-1
2432 1.10975322e+0 6.78763612e-1
2434 1.16863867e+0 7.19130608e-1
2436 1.23247625e+0 7.58872183e-1
2438 1.30168661e+0 7.97621157e-1
2440 1.37670960e+0 8.34924998e-1
2442 1.45799689e+0 8.70229854e-1
2444 1.54600066e+0 9.02862646e-1
2446 1.64115705e+0 9.32011547e-1
2448 1.74386292e+0 9.56705547e-1
2450 1.85444404e+0 9.75794413e-1
2452 1.97311290e+0 9.87931136e-1
2454 2.09991442e+0 9.91560100e-1
2456 2.23465823e+0 9.84915546e-1
2458 2.37683758e+0 9.66036534e-1
2460 2.52553700e+0 9.32806108e-1
2462 2.67933432e+0 8.83023468e-1
2464 2.83620730e+0 8.14517716e-1
2466 2.99346104e+0 7.25309286e-1
2468 3.14769827e+0 6.13819206e-1
2470 3.29485831e+0 4.79116193e-1
2472 3.43034976e+0 3.21177561e-1
2474 3.54929321e+0 1.41124505e-1
2476 3.64687101e+0 -5.86196090e-2
2478 3.71875479e+0 -2.74300968e-1
2480 3.76155230e+0 -5.00975801e-1
2482 3.77319513e+0 -7.32827126e-1
2484 3.75318875e+0 -9.63623764e-1
2486 3.70266983e+0 -1.18724955e+0
2488 3.62425809e+0 -1.39821077e+0
2490 3.52173721e+0 -1.59203635e+0
2492 3.39963352e+0 -1.76551578e+0
2494 3.26277334e+0 -1.91676093e+0
2496 3.11588917e+0 -2.04511561e+0
2498 2.96331922e+0 -2.15096003e+0
2500 2.80881664e+0 -2.23546328e+0
2502 2.65546097e+0 -2.30032961e+0
2504 2.50565130e+0 -2.34757046e+0
2506 2.36115512e+0 -2.37931914e+0
2508 2.22318924e+0 -2.39769290e+0
2510 2.09251345e+0 -2.40469931e+0
2512 1.96952411e+0 -2.40217962e+0
2514 1.85433951e+0 -2.39178053e+0
2516 1.74687341e+0 -2.37494619e+0
2518 1.64689546e+0 -2.35292361e+0
2520 1.55407917e+0 -2.32677620e+0
2522 1.46803884e+0 -2.29740147e+0
2524 1.38835725e+0 -2.26555042e+0
2526 1.31460576e+0 -2.23184669e+0
2528 1.24635851e+0 -2.19680474e+0
2530 1.18320217e+0 -2.16084628e+0
2532 1.12474212e+0 -2.12431489e+0
2534 1.07060626e+0 -2.08748868e+0
2536 1.02044693e+0 -2.05059128e+0
2538 9.73941547e-1 -2.01380107e+0
2540 9.30792379e-1 -1.97725907e+0
2542 8.90725746e-1 -1.94107545e+0
2544 8.53490823e-1 -1.90533511e+0
2546 8.18858249e-1 -1.87010219e+0
2548 7.86618638e-1 -1.83542387e+0
2550 7.56581049e-1 -1.80133353e+0
2552 7.28571495e-1 -1.76785334e+0
2554 7.02431505e-1 -1.73499640e+0
2556 6.78016765e-1 -1.70276849e+0
2558 6.55195850e-1 -1.67116955e+0
2560 6.33849048e-1 -1.64019484e+0
2562 6.13867286e-1 -1.60983596e+0
2564 5.95151138e-1 -1.58008163e+0
2566 5.77609933e-1 -1.55091832e+0
2568 5.61160933e-1 -1.52233086e+0
2570 5.45728603e-1 -1.49430280e+0
2572 5.31243939e-1 -1.46681684e+0
2574 5.17643865e-1 -1.43985505e+0
2576 5.04870694e-1 -1.41339914e+0
2578 4.92871637e-1 -1.38743065e+0
2580 4.81598361e-1 -1.36193109e+0
2582 4.71006594e-1 -1.33688204e+0
2584 4.61055768e-1 -1.31226528e+0
2586 4.51708697e-1 -1.28806285e+0
2588 4.42931285e-1 -1.26425706e+0
2590 4.34692270e-1 -1.24083060e+0
2592 4.26962987e-1 -1.21776653e+0
2594 4.19717157e-1 -1.19504828e+0
2596 4.12930696e-1 -1.17265971e+0
2598 4.06581546e-1 -1.15058508e+0
2600 4.00649521e-1 -1.12880905e+0
2602 3.95116166e-1 -1.10731670e+0
2604 3.89964635e-1 -1.08609350e+0
2606 3.85179578e-1 -1.06512533e+0
2608 3.80747045e-1 -1.04439840e+0
2610 3.76654389e-1 -1.02389935e+0
2612 3.72890193e-1 -1.00361511e+0
2614 3.69444195e-1 -9.83532978e-1
2616 3.66307228e-1 -9.63640579e-1
2618 3.63471163e-1 -9.43925832e-1
2620 3.60928858e-1 -9.24376953e-1
2622 3.58674120e-1 -9.04982433e-1
2624 3.56701668e-1 -8.85731031e-1
2626 3.55007103e-1 -8.66611752e-1
2628 3.53586879e-1 -8.47613838e-1
2630 3.52438289e-1 -8.28726755e-1
2632 3.51559448e-1 -8.09940182e-1
2634 3.50949282e-1 -7.91243998e-1
2636 3.50607524e-1 -7.72628277e-1
2638 3.50534715e-1 -7.54083273e-1
2640 3.50732204e-1 -7.35599420e-1
2642 3.51202160e-1 -7.17167324e-1
2644 3.51947584e-1 -6.98777758e-1
2646 3.52972329e-1 -6.80421662e-1
2648 3.54281121e-1 -6.62090144e-1
2650 3.55879586e-1 -6.43774485e-1
2652 3.57774287e-1 -6.25466142e-1
2654 3.59972759e-1 -6.07156758e-1
2656 3.62483553e-1 -5.88838181e-1
2658 3.65316292e-1 -5.70502473e-1
2660 3.68481718e-1 -5.52141941e-1
2662 3.71991765e-1 -5.33749161e-1
2664 3.75859619e-1 -5.15317015e-1
2666 3.80099804e-1 -4.96838733e-1
2668 3.84728261e-1 -4.78307946e-1
2670 3.89762444e-1 -4.59718749e-1
2672 3.95221422e-1 -4.41065771e-1
2674 4.01125986e-1 -4.22344268e-1
2676 4.07498771e-1 -4.03550220e-1
2678 4.14364386e-1 -3.84680459e-1
2680 4.21749548e-1 -3.65732809e-1
2682 4.29683236e-1 -3.46706254e-1
2684 4.38196839e-1 -3.27601131e-1
2686 4.47324330e-1 -3.08419367e-1
2688 4.57102430e-1 -2.89164735e-1
2690 4.67570794e-1 -2.69843173e-1
2692 4.78772181e-1 -2.50463143e-1
2694 4.90752644e-1 -2.31036048e-1
2696 5.03561699e-1 -2.11576720e-1
2698 5.17252490e-1 -1.92103983e-1
2700 5.31881930e-1 -1.72641299e-1
2702 5.47510818e-1 -1.53217520e-1
2704 5.64203897e-1 -1.33867744e-1
2706 5.82029866e-1 -1.14634297e-1
2708 6.01061285e-1 -9.55678589e-2
2710 6.21374382e-1 -7.67287308e-2
2712 6.43048691e-1 -5.81882719e-2
2714 6.66166500e-1 -4.00305055e-2
2716 6.90812041e-1 -2.23539013e-2
2718 7.17070357e-1 -5.27332976e-3
2720 7.45025767e-1 1.10778262e-2
2722 7.74759838e-1 2.65454329e-2
2724 8.06348746e-1 4.09522969e-2
2726 8.39859919e-1 5.40958683e-2
2728 8.75347834e-1 6.57460839e-2
2730 9.12848830e-1 7.56435266e-2
2732 9.52374833e-1 8.34981420e-2
2734 9.93905911e-1 8.89888286e-2
2736 1.03738163e+0 9.17643007e-2
2738 1.08269127e+0 9.14457075e-2
2740 1.12966317e+0 8.76315707e-2
2742 1.17805351e+0 7.99056473e-2
2744 1.22753527e+0 6.78483198e-2
2746 1.27768838e+0 5.10520237e-2
2748 1.32799214e+0 2.91409992e-2
2750 1.37782178e+0 1.79528048e-3
2752 1.42645071e+0 -3.12217304e-2
2754 1.47306042e+0 -7.00334810e-2
2756 1.51675949e+0 -1.14620490e-1
2758 1.55661257e+0 -1.64793596e-1
2760 1.59167912e+0 -2.20173856e-1
2762 1.62106009e+0 -2.80182871e-1
2764 1.64394936e+0 -3.44046820e-1
2766 1.65968518e+0 -4.10816261e-1
2768 1.66779584e+0 -4.79401814e-1
2770 1.66803419e+0 -5.48623567e-1
2772 1.66039619e+0 -6.17269814e-1
2774 1.64512108e+0 -6.84159139e-1
2776 1.62267316e+0 -7.48199245e-1
2778 1.59370760e+0 -8.08436541e-1
2780 1.55902494e+0 -8.64092070e-1
2782 1.51951982e+0 -9.14581589e-1
2784 1.47612967e+0 -9.59519905e-1
2786 1.42978788e+0 -9.98711479e-1
2788 1.38138510e+0 -1.03213058e+0
2790 1.33174007e+0 -1.05989476e+0
2792 1.28158047e+0 -1.08223517e+0
2794 1.23153287e+0 -1.09946697e+0
2796 1.18212022e+0 -1.11196173e+0
2798 1.13376524e+0 -1.12012347e+0
2800 1.08679778e+0 -1.12436895e+0
2802 1.04146457e+0 -1.12511210e+0
2804 9.97940220e-1 -1.12275264e+0
2806 9.56338268e-1 -1.11766816e+0
2808 9.16721857e-1 -1.11020906e+0
2810 8.79113461e-1 -1.10069591e+0
2812 8.43503505e-1 -1.08941851e+0
2814 8.09857809e-1 -1.07663627e+0
2816 7.78123858e-1 -1.06257940e+0
2818 7.48235993e-1 -1.04745073e+0
2820 7.20119626e-1 -1.03142787e+0
2822 6.93694610e-1 -1.01466540e+0
2824 6.68877889e-1 -9.97297228e-1
2826 6.45585539e-1 -9.79438767e-1
2828 6.23734323e-1 -9.61189046e-1
2830 6.03242830e-1 -9.42632649e-1
2832 5.84032305e-1 -9.23841492e-1
2834 5.66027210e-1 -9.04876417e-1
2836 5.49155594e-1 -8.85788627e-1
2838 5.33349304e-1 -8.66620950e-1
2840 5.18544079e-1 -8.47408962e-1
2842 5.04679557e-1 -8.28181966e-1
2844 4.91699215e-1 -8.08963851e-1
2846 4.79550265e-1 -7.89773841e-1
2848 4.68183517e-1 -7.70627141e-1
2850 4.57553218e-1 -7.51535505e-1
2852 4.47616886e-1 -7.32507718e-1
2854 4.38335132e-1 -7.13550019e-1
2856 4.29671484e-1 -6.94666462e-1
2858 4.21592212e-1 -6.75859230e-1
2860 4.14066160e-1 -6.57128902e-1
2862 4.07064581e-1 -6.38474680e-1
2864 4.00560987e-1 -6.19894593e-1
2866 3.94531002e-1 -6.01385658e-1
2868 3.88952225e-1 -5.82944031e-1
2870 3.83804104e-1 -5.64565126e-1
2872 3.79067816e-1 -5.46243720e-1
2874 3.74726163e-1 -5.27974044e-1
2876 3.70763469e-1 -5.09749856e-1
2878 3.67165487e-1 -4.91564503e-1
2880 3.63919320e-1 -4.73410979e-1
2882 3.61013342e-1 -4.55281964e-1
2884 3.58437131e-1 -4.37169863e-1
2886 3.56181406e-1 -4.19066837e-1
2888 3.54237973e-1 -4.00964822e-1
2890 3.52599680e-1 -3.82855556e-1
2892 3.51260368e-1 -3.64730586e-1
2894 3.50214837e-1 -3.46581286e-1
2896 3.49458818e-1 -3.28398861e-1
2898 3.48988942e-1 -3.10174350e-1
2900 3.48802722e-1 -2.91898636e-1
2902 3.48898533e-1 -2.73562437e-1
2904 3.49275608e-1 -2.55156313e-1
2906 3.49934024e-1 -2.36670658e-1
2908 3.50874706e-1 -2.18095697e-1
2910 3.52099427e-1 -1.99421480e-1
2912 3.53610817e-1 -1.80637878e-1
2914 3.55412375e-1 -1.61734572e-1
2916 3.57508489e-1 -1.42701048e-1
2918 3.59904457e-1 -1.23526586e-1
2920 3.62606516e-1 -1.04200256e-1
2922 3.65621875e-1 -8.47109024e-2
2924 3.68958757e-1 -6.50471422e-2
2926 3.72626444e-1 -4.51973530e-2
2928 3.76635330e-1 -2.51496662e-2
2930 3.80996980e-1 -4.89196015e-3
2932 3.85724198e-1 1.55881453e-2
2934 3.90831105e-1 3.63032931e-2
2936 3.96333221e-1 5.72663910e-2
2938 4.02247563e-1 7.84906113e-2
2940 4.08592745e-1 9.99893873e-2
2942 4.15389102e-1 1.21776406e-1
2944 4.22658812e-1 1.43865598e-1
2946 4.30426047e-1 1.66271117e-1
2948 4.38717122e-1 1.89007317e-1
2950 4.47560682e-1 2.12088722e-1
2952 4.56987884e-1 2.35529982e-1
2954 4.67032618e-1 2.59345819e-1
2956 4.77731741e-1 2.83550961e-1
2958 4.89125332e-1 3.08160056e-1
2960 5.01256984e-1 3.33187568e-1
2962 5.14174117e-1 3.58647647e-1
2964 5.27928321e-1 3.84553975e-1
2966 5.42575740e-1 4.10919573e-1
2968 5.58177490e-1 4.37756567e-1
2970 5.74800113e-1 4.65075914e-1
2972 5.92516082e-1 4.92887056e-1
2974 6.11404344e-1 5.21197520e-1
2976 6.31550918e-1 5.50012425e-1
2978 6.53049535e-1 5.79333900e-1
2980 6.76002339e-1 6.09160379e-1
2982 7.00520629e-1 6.39485765e-1
2984 7.26725656e-1 6.70298423e-1
2986 7.54749460e-1 7.01579989e-1
2988 7.84735741e-1 7.33303941e-1
2990 8.16840753e-1 7.65433903e-1
2992 8.51234196e-1 7.97921629e-1
2994 8.88100074e-1 8.30704616e-1
2996 9.27637482e-1 8.63703271e-1
2998 9.70061254e-1 8.96817576e-1
3000 1.01560240e+0 9.29923164e-1
