#Note:C2; Temperature:25Â°C
#f[Hz] Re(Z/Zc) Im(Z/Zc)
20 6.80932689e+0 -3.58519698e+1
22 5.92189218e+0 -3.28988303e+1
24 5.21257248e+0 -3.04006531e+1
26 4.63492243e+0 -2.82591768e+1
28 4.15701241e+0 -2.64025966e+1
30 3.75623844e+0 -2.47772165e+1
32 3.41619266e+0 -2.33420733e+1
34 3.12470446e+0 -2.20653691e+1
36 2.87257415e+0 -2.09220400e+1
38 2.65273119e+0 -1.98920602e+1
40 2.45966072e+0 -1.89592348e+1
42 2.28900421e+0 -1.81103232e+1
44 2.13727601e+0 -1.73343944e+1
46 2.00165852e+0 -1.66223429e+1
48 1.87985196e+0 -1.59665220e+1
50 1.76996250e+0 -1.53604630e+1
52 1.67041789e+0 -1.47986555e+1
54 1.57990310e+0 -1.42763764e+1
56 1.49731066e+0 -1.37895537e+1
58 1.42170193e+0 -1.33346579e+1
60 1.35227666e+0 -1.29086141e+1
62 1.28834886e+0 -1.25087314e+1
64 1.22932742e+0 -1.21326441e+1
66 1.17470055e+0 -1.17782645e+1
68 1.12402318e+0 -1.14437427e+1
70 1.07690659e+0 -1.11274337e+1
72 1.03300992e+0 -1.08278699e+1
74 9.92033187e-1 -1.05437377e+1
76 9.53711430e-1 -1.02738577e+1
78 9.17809837e-1 -1.00171680e+1
80 8.84119657e-1 -9.77270992e+0
82 8.52454750e-1 -9.53961571e+0
84 8.22648659e-1 -9.31709801e+0
86 7.94552128e-1 -9.10444073e+0
88 7.68030976e-1 -8.90099114e+0
90 7.42964276e-1 -8.70615300e+0
92 7.19242786e-1 -8.51938059e+0
94 6.96767604e-1 -8.34017345e+0
96 6.75448989e-1 -8.16807174e+0
98 6.55205349e-1 -8.00265226e+0
100 6.35962352e-1 -7.84352479e+0
102 6.17652152e-1 -7.69032901e+0
104 6.00212712e-1 -7.54273162e+0
106 5.83587202e-1 -7.40042387e+0
108 5.67723480e-1 -7.26311937e+0
110 5.52573626e-1 -7.13055203e+0
112 5.38093530e-1 -7.00247436e+0
114 5.24242529e-1 -6.87865582e+0
116 5.10983084e-1 -6.75888141e+0
118 4.98280489e-1 -6.64295039e+0
120 4.86102618e-1 -6.53067509e+0
122 4.74419691e-1 -6.42187987e+0
124 4.63204068e-1 -6.31640019e+0
126 4.52430067e-1 -6.21408171e+0
128 4.42073792e-1 -6.11477954e+0
130 4.32112989e-1 -6.01835751e+0
132 4.22526906e-1 -5.92468752e+0
134 4.13296173e-1 -5.83364897e+0
136 4.04402690e-1 -5.74512819e+0
138 3.95829529e-1 -5.65901798e+0
140 3.87560838e-1 -5.57521711e+0
142 3.79581765e-1 -5.49362997e+0
144 3.71878374e-1 -5.41416612e+0
146 3.64437584e-1 -5.33674000e+0
148 3.57247104e-1 -5.26127056e+0
150 3.50295371e-1 -5.18768099e+0
152 3.43571503e-1 -5.11589846e+0
154 3.37065251e-1 -5.04585382e+0
156 3.30766949e-1 -4.97748141e+0
158 3.24667481e-1 -4.91071883e+0
160 3.18758237e-1 -4.84550672e+0
162 3.13031085e-1 -4.78178862e+0
164 3.07478332e-1 -4.71951075e+0
166 3.02092702e-1 -4.65862188e+0
168 2.96867307e-1 -4.59907317e+0
170 2.91795617e-1 -4.54081802e+0
172 2.86871446e-1 -4.48381197e+0
174 2.82088923e-1 -4.42801257e+0
176 2.77442476e-1 -4.37337924e+0
178 2.72926813e-1 -4.31987321e+0
180 2.68536905e-1 -4.26745738e+0
182 2.64267971e-1 -4.21609626e+0
184 2.60115459e-1 -4.16575586e+0
186 2.56075042e-1 -4.11640365e+0
188 2.52142593e-1 -4.06800843e+0
190 2.48314182e-1 -4.02054031e+0
192 2.44586063e-1 -3.97397059e+0
194 2.40954662e-1 -3.92827175e+0
196 2.37416568e-1 -3.88341739e+0
198 2.33968525e-1 -3.83938211e+0
200 2.30607421e-1 -3.79614154e+0
202 2.27330285e-1 -3.75367224e+0
204 2.24134274e-1 -3.71195169e+0
206 2.21016670e-1 -3.67095820e+0
208 2.17974871e-1 -3.63067091e+0
210 2.15006388e-1 -3.59106973e+0
212 2.12108835e-1 -3.55213534e+0
214 2.09279928e-1 -3.51384909e+0
216 2.06517476e-1 -3.47619303e+0
218 2.03819380e-1 -3.43914984e+0
220 2.01183625e-1 -3.40270283e+0
222 1.98608279e-1 -3.36683589e+0
224 1.96091487e-1 -3.33153347e+0
226 1.93631466e-1 -3.29678057e+0
228 1.91226507e-1 -3.26256269e+0
230 1.88874963e-1 -3.22886583e+0
232 1.86575256e-1 -3.19567646e+0
234 1.84325864e-1 -3.16298150e+0
236 1.82125326e-1 -3.13076832e+0
238 1.79972236e-1 -3.09902467e+0
240 1.77865239e-1 -3.06773872e+0
242 1.75803032e-1 -3.03689903e+0
244 1.73784359e-1 -3.00649451e+0
246 1.71808012e-1 -2.97651442e+0
248 1.69872825e-1 -2.94694836e+0
250 1.67977675e-1 -2.91778627e+0
252 1.66121478e-1 -2.88901838e+0
254 1.64303191e-1 -2.86063523e+0
256 1.62521805e-1 -2.83262764e+0
258 1.60776349e-1 -2.80498670e+0
260 1.59065884e-1 -2.77770380e+0
262 1.57389504e-1 -2.75077054e+0
264 1.55746334e-1 -2.72417880e+0
266 1.54135529e-1 -2.69792068e+0
268 1.52556273e-1 -2.67198851e+0
270 1.51007777e-1 -2.64637484e+0
272 1.49489278e-1 -2.62107244e+0
274 1.48000038e-1 -2.59607428e+0
276 1.46539346e-1 -2.57137351e+0
278 1.45106510e-1 -2.54696351e+0
280 1.43700865e-1 -2.52283779e+0
282 1.42321765e-1 -2.49899007e+0
284 1.40968585e-1 -2.47541424e+0
286 1.39640720e-1 -2.45210435e+0
288 1.38337585e-1 -2.42905459e+0
290 1.37058613e-1 -2.40625933e+0
292 1.35803255e-1 -2.38371308e+0
294 1.34570979e-1 -2.36141048e+0
296 1.33361269e-1 -2.33934632e+0
298 1.32173627e-1 -2.31751553e+0
300 1.31007567e-1 -2.29591314e+0
302 1.29862622e-1 -2.27453435e+0
304 1.28738336e-1 -2.25337443e+0
306 1.27634268e-1 -2.23242880e+0
308 1.26549990e-1 -2.21169299e+0
310 1.25485088e-1 -2.19116263e+0
312 1.24439159e-1 -2.17083344e+0
314 1.23411812e-1 -2.15070129e+0
316 1.22402670e-1 -2.13076209e+0
318 1.21411363e-1 -2.11101190e+0
320 1.20437537e-1 -2.09144682e+0
322 1.19480844e-1 -2.07206309e+0
324 1.18540947e-1 -2.05285700e+0
326 1.17617522e-1 -2.03382495e+0
328 1.16710251e-1 -2.01496339e+0
330 1.15818826e-1 -1.99626888e+0
332 1.14942949e-1 -1.97773805e+0
334 1.14082329e-1 -1.95936759e+0
336 1.13236685e-1 -1.94115427e+0
338 1.12405744e-1 -1.92309493e+0
340 1.11589238e-1 -1.90518648e+0
342 1.10786911e-1 -1.88742590e+0
344 1.09998512e-1 -1.86981021e+0
346 1.09223796e-1 -1.85233653e+0
348 1.08462527e-1 -1.83500200e+0
350 1.07714475e-1 -1.81780385e+0
352 1.06979417e-1 -1.80073935e+0
354 1.06257136e-1 -1.78380582e+0
356 1.05547421e-1 -1.76700064e+0
358 1.04850067e-1 -1.75032125e+0
360 1.04164875e-1 -1.73376513e+0
362 1.03491652e-1 -1.71732980e+0
364 1.02830210e-1 -1.70101285e+0
366 1.02180368e-1 -1.68481189e+0
368 1.01541947e-1 -1.66872460e+0
370 1.00914775e-1 -1.65274867e+0
372 1.00298687e-1 -1.63688188e+0
374 9.96935190e-2 -1.62112199e+0
376 9.90991144e-2 -1.60546686e+0
378 9.85153201e-2 -1.58991433e+0
380 9.79419878e-2 -1.57446233e+0
382 9.73789735e-2 -1.55910880e+0
384 9.68261377e-2 -1.54385170e+0
386 9.62833449e-2 -1.52868905e+0
388 9.57504636e-2 -1.51361889e+0
390 9.52273664e-2 -1.49863931e+0
392 9.47139300e-2 -1.48374840e+0
394 9.42100346e-2 -1.46894430e+0
396 9.37155643e-2 -1.45422517e+0
398 9.32304068e-2 -1.43958921e+0
400 9.27544536e-2 -1.42503464e+0
402 9.22875994e-2 -1.41055971e+0
404 9.18297425e-2 -1.39616269e+0
406 9.13807847e-2 -1.38184187e+0
408 9.09406309e-2 -1.36759559e+0
410 9.05091893e-2 -1.35342217e+0
412 9.00863715e-2 -1.33932000e+0
414 8.96720920e-2 -1.32528745e+0
416 8.92662685e-2 -1.31132295e+0
418 8.88688218e-2 -1.29742492e+0
420 8.84796755e-2 -1.28359182e+0
422 8.80987564e-2 -1.26982211e+0
424 8.77259940e-2 -1.25611428e+0
426 8.73613209e-2 -1.24246685e+0
428 8.70046722e-2 -1.22887833e+0
430 8.66559861e-2 -1.21534726e+0
432 8.63152033e-2 -1.20187221e+0
434 8.59822676e-2 -1.18845175e+0
436 8.56571250e-2 -1.17508446e+0
438 8.53397246e-2 -1.16176894e+0
440 8.50300180e-2 -1.14850382e+0
442 8.47279592e-2 -1.13528772e+0
444 8.44335052e-2 -1.12211928e+0
446 8.41466152e-2 -1.10899715e+0
448 8.38672513e-2 -1.09592001e+0
450 8.35953779e-2 -1.08288653e+0
452 8.33309620e-2 -1.06989540e+0
454 8.30739732e-2 -1.05694532e+0
456 8.28243834e-2 -1.04403499e+0
458 8.25821673e-2 -1.03116313e+0
460 8.23473020e-2 -1.01832847e+0
462 8.21197668e-2 -1.00552974e+0
464 8.18995439e-2 -9.92765683e-1
466 8.16866177e-2 -9.80035051e-1
468 8.14809752e-2 -9.67336597e-1
470 8.12826060e-2 -9.54669086e-1
472 8.10915020e-2 -9.42031285e-1
474 8.09076577e-2 -9.29421969e-1
476 8.07310701e-2 -9.16839918e-1
478 8.05617387e-2 -9.04283914e-1
480 8.03996655e-2 -8.91752747e-1
482 8.02448552e-2 -8.79245208e-1
484 8.00973148e-2 -8.66760092e-1
486 7.99570543e-2 -8.54296198e-1
488 7.98240859e-2 -8.41852324e-1
490 7.96984246e-2 -8.29427275e-1
492 7.95800880e-2 -8.17019853e-1
494 7.94690964e-2 -8.04628863e-1
496 7.93654729e-2 -7.92253112e-1
498 7.92692433e-2 -7.79891404e-1
500 7.91804360e-2 -7.67542546e-1
502 7.90990824e-2 -7.55205341e-1
504 7.90252167e-2 -7.42878594e-1
506 7.89588760e-2 -7.30561106e-1
508 7.89001004e-2 -7.18251677e-1
510 7.88489327e-2 -7.05949104e-1
512 7.88054192e-2 -6.93652181e-1
514 7.87696088e-2 -6.81359700e-1
516 7.87415538e-2 -6.69070447e-1
518 7.87213098e-2 -6.56783203e-1
520 7.87089353e-2 -6.44496747e-1
522 7.87044925e-2 -6.32209850e-1
524 7.87080467e-2 -6.19921278e-1
526 7.87196668e-2 -6.07629790e-1
528 7.87394253e-2 -5.95334140e-1
530 7.87673982e-2 -5.83033071e-1
532 7.88036651e-2 -5.70725321e-1
534 7.88483097e-2 -5.58409619e-1
536 7.89014192e-2 -5.46084682e-1
538 7.89630850e-2 -5.33749222e-1
540 7.90334024e-2 -5.21401937e-1
542 7.91124711e-2 -5.09041515e-1
544 7.92003949e-2 -4.96666633e-1
546 7.92972820e-2 -4.84275957e-1
548 7.94032450e-2 -4.71868138e-1
550 7.95184014e-2 -4.59441816e-1
552 7.96428733e-2 -4.46995615e-1
554 7.97767875e-2 -4.34528145e-1
556 7.99202762e-2 -4.22038002e-1
558 8.00734764e-2 -4.09523765e-1
560 8.02365308e-2 -3.96983994e-1
562 8.04095872e-2 -3.84417236e-1
564 8.05927994e-2 -3.71822016e-1
566 8.07863267e-2 -3.59196843e-1
568 8.09903348e-2 -3.46540203e-1
570 8.12049952e-2 -3.33850564e-1
572 8.14304860e-2 -3.21126370e-1
574 8.16669920e-2 -3.08366046e-1
576 8.19147045e-2 -2.95567991e-1
578 8.21738222e-2 -2.82730581e-1
580 8.24445508e-2 -2.69852167e-1
582 8.27271037e-2 -2.56931072e-1
584 8.30217021e-2 -2.43965595e-1
586 8.33285752e-2 -2.30954005e-1
588 8.36479605e-2 -2.17894541e-1
590 8.39801041e-2 -2.04785414e-1
592 8.43252612e-2 -1.91624802e-1
594 8.46836963e-2 -1.78410850e-1
596 8.50556832e-2 -1.65141670e-1
598 8.54415059e-2 -1.51815339e-1
600 8.58414587e-2 -1.38429896e-1
602 8.62558466e-2 -1.24983345e-1
604 8.66849858e-2 -1.11473647e-1
606 8.71292038e-2 -9.78987258e-2
608 8.75888403e-2 -8.42564609e-2
610 8.80642474e-2 -7.05446889e-2
612 8.85557901e-2 -5.67612006e-2
614 8.90638470e-2 -4.29037400e-2
616 8.95888106e-2 -2.89700021e-2
618 9.01310879e-2 -1.49576315e-2
620 9.06911010e-2 -8.64219909e-4
622 9.12692880e-2 1.33126951e-2
624 9.18661031e-2 2.75756326e-2
626 9.24820180e-2 4.19271703e-2
628 9.31175218e-2 5.63699468e-2
630 9.37731225e-2 7.09066637e-2
632 9.44493471e-2 8.55400882e-2
634 9.51467433e-2 1.00273055e-1
636 9.58658793e-2 1.15108471e-1
638 9.66073458e-2 1.30049314e-1
640 9.73717561e-2 1.45098639e-1
642 9.81597476e-2 1.60259581e-1
644 9.89719829e-2 1.75535356e-1
646 9.98091505e-2 1.90929264e-1
648 1.00671967e-1 2.06444696e-1
650 1.01561176e-1 2.22085133e-1
652 1.02477553e-1 2.37854154e-1
654 1.03421903e-1 2.53755434e-1
656 1.04395066e-1 2.69792755e-1
658 1.05397915e-1 2.85970003e-1
660 1.06431359e-1 3.02291180e-1
662 1.07496346e-1 3.18760400e-1
664 1.08593861e-1 3.35381902e-1
666 1.09724933e-1 3.52160048e-1
668 1.10890634e-1 3.69099332e-1
670 1.12092082e-1 3.86204387e-1
672 1.13330443e-1 4.03479985e-1
674 1.14606933e-1 4.20931049e-1
676 1.15922821e-1 4.38562656e-1
678 1.17279433e-1 4.56380044e-1
680 1.18678153e-1 4.74388619e-1
682 1.20120428e-1 4.92593964e-1
684 1.21607769e-1 5.11001843e-1
686 1.23141755e-1 5.29618213e-1
688 1.24724039e-1 5.48449229e-1
690 1.26356350e-1 5.67501257e-1
692 1.28040497e-1 5.86780878e-1
694 1.29778375e-1 6.06294904e-1
696 1.31571967e-1 6.26050383e-1
698 1.33423352e-1 6.46054611e-1
700 1.35334710e-1 6.66315149e-1
702 1.37308326e-1 6.86839827e-1
704 1.39346597e-1 7.07636762e-1
706 1.41452039e-1 7.28714372e-1
708 1.43627295e-1 7.50081385e-1
710 1.45875139e-1 7.71746862e-1
712 1.48198490e-1 7.93720206e-1
714 1.50600413e-1 8.16011185e-1
716 1.53084136e-1 8.38629943e-1
718 1.55653053e-1 8.61587027e-1
720 1.58310740e-1 8.84893401e-1
722 1.61060965e-1 9.08560471e-1
724 1.63907698e-1 9.32600104e-1
726 1.66855127e-1 9.57024657e-1
728 1.69907670e-1 9.81847000e-1
730 1.73069993e-1 1.00708054e+0
732 1.76347024e-1 1.03273926e+0
734 1.79743973e-1 1.05883774e+0
736 1.83266349e-1 1.08539119e+0
738 1.86919982e-1 1.11241549e+0
740 1.90711047e-1 1.13992722e+0
742 1.94646086e-1 1.16794373e+0
744 1.98732034e-1 1.19648312e+0
746 2.02976251e-1 1.22556434e+0
748 2.07386550e-1 1.25520723e+0
750 2.11971232e-1 1.28543256e+0
752 2.16739121e-1 1.31626207e+0
754 2.21699608e-1 1.34771857e+0
756 2.26862690e-1 1.37982598e+0
758 2.32239020e-1 1.41260937e+0
760 2.37839958e-1 1.44609511e+0
762 2.43677628e-1 1.48031086e+0
764 2.49764979e-1 1.51528571e+0
766 2.56115855e-1 1.55105028e+0
768 2.62745067e-1 1.58763676e+0
770 2.69668477e-1 1.62507906e+0
772 2.76903085e-1 1.66341293e+0
774 2.84467130e-1 1.70267605e+0
776 2.92380199e-1 1.74290818e+0
778 3.00663347e-1 1.78415130e+0
780 3.09339228e-1 1.82644979e+0
782 3.18432244e-1 1.86985053e+0
784 3.27968709e-1 1.91440317e+0
786 3.37977025e-1 1.96016025e+0
788 3.48487886e-1 2.00717745e+0
790 3.59534503e-1 2.05551384e+0
792 3.71152849e-1 2.10523208e+0
794 3.83381940e-1 2.15639872e+0
796 3.96264143e-1 2.20908453e+0
798 4.09845528e-1 2.26336476e+0
800 4.24176253e-1 2.31931955e+0
802 4.39311011e-1 2.37703427e+0
804 4.55309516e-1 2.43659998e+0
806 4.72237067e-1 2.49811387e+0
808 4.90165176e-1 2.56167977e+0
810 5.09172282e-1 2.62740867e+0
812 5.29344565e-1 2.69541936e+0
814 5.50776864e-1 2.76583907e+0
816 5.73573732e-1 2.83880418e+0
818 5.97850635e-1 2.91446101e+0
820 6.23735329e-1 2.99296668e+0
822 6.51369439e-1 3.07449006e+0
824 6.80910275e-1 3.15921276e+0
826 7.12532930e-1 3.24733026e+0
828 7.46432702e-1 3.33905317e+0
830 7.82827908e-1 3.43460846e+0
832 8.21963148e-1 3.53424095e+0
834 8.64113125e-1 3.63821483e+0
836 9.09587093e-1 3.74681528e+0
838 9.58734090e-1 3.86035023e+0
840 1.01194909e+0 3.97915215e+0
842 1.06968023e+0 4.10357996e+0
844 1.13243746e+0 4.23402089e+0
846 1.20080265e+0 4.37089233e+0
848 1.27544178e+0 4.51464346e+0
850 1.35711942e+0 4.66575663e+0
852 1.44671609e+0 4.82474817e+0
854 1.54524913e+0 4.99216835e+0
856 1.65389782e+0 5.16860002e+0
858 1.77403374e+0 5.35465526e+0
860 1.90725752e+0 5.55096916e+0
862 2.05544336e+0 5.75818928e+0
864 2.22079311e+0 5.97695895e+0
866 2.40590182e+0 6.20789159e+0
868 2.61383718e+0 6.45153218e+0
870 2.84823539e+0 6.70830026e+0
872 3.11341607e+0 6.97840629e+0
874 3.41451846e+0 7.26173010e+0
876 3.75765973e+0 7.55764495e+0
878 4.15011341e+0 7.86476425e+0
880 4.60049956e+0 8.18057897e+0
882 5.11896669e+0 8.50094191e+0
884 5.71732418e+0 8.81934159e+0
886 6.40904663e+0 9.12589524e+0
888 7.20900954e+0 9.40598534e+0
890 8.13271767e+0 9.63848469e+0
892 9.19464613e+0 9.79359635e+0
894 1.04051428e+1 9.83054330e+0
896 1.17652122e+1 9.69577468e+0
898 1.32586237e+1 9.32310558e+0
900 1.48415834e+1 8.63821480e+0
902 1.64322491e+1 7.57063212e+0
904 1.79057875e+1 6.07527771e+0
906 1.91037460e+1 4.16072002e+0
908 1.98645716e+1 1.91257110e+0
910 2.00706312e+1 -5.05915013e-1
912 1.96906254e+1 -2.88697916e+0
914 1.87915558e+1 -5.03427812e+0
916 1.75122575e+1 -6.81244060e+0
918 1.60161617e+1 -8.16653780e+0
920 1.44496009e+1 -9.11050489e+0
922 1.29201925e+1 -9.70028912e+0
924 1.14941341e+1 -1.00078454e+1
926 1.02039727e+1 -1.01036642e+1
928 9.05919267e+0 -1.00481598e+1
930 8.05548618e+0 -9.88916667e+0
932 7.18142917e+0 -9.66266893e+0
934 6.42273100e+0 -9.39479811e+0
936 5.76468530e+0 -9.10403915e+0
938 5.19344220e+0 -8.80318504e+0
940 4.69657046e+0 -8.50090351e+0
942 4.26322072e+0 -8.20292565e+0
944 3.88408185e+0 -7.91291910e+0
946 3.55124167e+0 -7.63311670e+0
948 3.25801376e+0 -7.36476342e+0
950 2.99876218e+0 -7.10843151e+0
952 2.76873941e+0 -6.86424153e+0
954 2.56394349e+0 -6.63201651e+0
956 2.38099543e+0 -6.41138926e+0
958 2.21703583e+0 -6.20187650e+0
960 2.06963858e+0 -6.00292980e+0
962 1.93673925e+0 -5.81397037e+0
964 1.81657580e+0 -5.63441230e+0
966 1.70763971e+0 -5.46367803e+0
968 1.60863551e+0 -5.30120807e+0
970 1.51844738e+0 -5.14646704e+0
972 1.43611154e+0 -4.99894692e+0
974 1.36079326e+0 -4.85816855e+0
976 1.29176789e+0 -4.72368183e+0
978 1.22840499e+0 -4.59506523e+0
980 1.17015517e+0 -4.47192459e+0
982 1.11653908e+0 -4.35389180e+0
984 1.06713828e+0 -4.24062319e+0
986 1.02158761e+0 -4.13179787e+0
988 9.79568896e-1 -4.02711613e+0
990 9.40805784e-1 -3.92629779e+0
992 9.05059516e-1 -3.82908078e+0
994 8.72125623e-1 -3.73521975e+0
996 8.41831384e-1 -3.64448493e+0
998 8.14034041e-1 -3.55666116e+0
1000 7.88619732e-1 -3.47154725e+0
1002 7.65503138e-1 -3.38895569e+0
1004 7.44627872e-1 -3.30871293e+0
1006 7.25967626e-1 -3.23066030e+0
1008 7.09528120e-1 -3.15465598e+0
1010 6.95349854e-1 -3.08057830e+0
1012 6.83511606e-1 -3.00833108e+0
1014 6.74134487e-1 -2.93785171e+0
1016 6.67386019e-1 -2.86912322e+0
1018 6.63483232e-1 -2.80219178e+0
1020 6.62692694e-1 -2.73719147e+0
1022 6.65323808e-1 -2.67437848e+0
1024 6.71708988e-1 -2.61417607e+0
1026 6.82160528e-1 -2.55722949e+0
1028 6.96889396e-1 -2.50446413e+0
1030 7.15868246e-1 -2.45712777e+0
1032 7.38625842e-1 -2.41677740e+0
1034 7.63985238e-1 -2.38514422e+0
1036 7.89817929e-1 -2.36379829e+0
1038 8.12977295e-1 -2.35357821e+0
1040 8.29634483e-1 -2.35390290e+0
1042 8.36135036e-1 -2.36230772e+0
1044 8.30149253e-1 -2.37463827e+0
1046 8.11520615e-1 -2.38603671e+0
1048 7.82267920e-1 -2.39228383e+0
1050 7.45757328e-1 -2.39077197e+0
1052 7.05594139e-1 -2.38070438e+0
1054 6.64799484e-1 -2.36267086e+0
1056 6.25474612e-1 -2.33801162e+0
1058 5.88839437e-1 -2.30828453e+0
1060 5.55441928e-1 -2.27494278e+0
1062 5.25390044e-1 -2.23919474e+0
1064 4.98538925e-1 -2.20197704e+0
1066 4.74619482e-1 -2.16398237e+0
1068 4.53317604e-1 -2.12570570e+0
1070 4.34318609e-1 -2.08749080e+0
1072 4.17329612e-1 -2.04956981e+0
1074 4.02088882e-1 -2.01209439e+0
1076 3.88368028e-1 -1.97515905e+0
1078 3.75970536e-1 -1.93881824e+0
1080 3.64728680e-1 -1.90309856e+0
1082 3.54499911e-1 -1.86800749e+0
1084 3.45163282e-1 -1.83353957e+0
1086 3.36616178e-1 -1.79968067e+0
1088 3.28771443e-1 -1.76641101e+0
1090 3.21554922e-1 -1.73370732e+0
1092 3.14903388e-1 -1.70154423e+0
1094 3.08762806e-1 -1.66989530e+0
1096 3.03086893e-1 -1.63873370e+0
1098 2.97835923e-1 -1.60803264e+0
1100 2.92975741e-1 -1.57776569e+0
1102 2.88476946e-1 -1.54790695e+0
1104 2.84314211e-1 -1.51843114e+0
1106 2.80465730e-1 -1.48931366e+0
1108 2.76912752e-1 -1.46053059e+0
1110 2.73639200e-1 -1.43205868e+0
1112 2.70631356e-1 -1.40387530e+0
1114 2.67877599e-1 -1.37595841e+0
1116 2.65368196e-1 -1.34828650e+0
1118 2.63095126e-1 -1.32083852e+0
1120 2.61051944e-1 -1.29359380e+0
1122 2.59233668e-1 -1.26653204e+0
1124 2.57636701e-1 -1.23963316e+0
1126 2.56258769e-1 -1.21287730e+0
1128 2.55098886e-1 -1.18624474e+0
1130 2.54157332e-1 -1.15971578e+0
1132 2.53435661e-1 -1.13327072e+0
1134 2.52936716e-1 -1.10688979e+0
1136 2.52664674e-1 -1.08055305e+0
1138 2.52625105e-1 -1.05424033e+0
1140 2.52825050e-1 -1.02793115e+0
1142 2.53273131e-1 -1.00160467e+0
1144 2.53979675e-1 -9.75239602e-1
1146 2.54956874e-1 -9.48814116e-1
1148 2.56218977e-1 -9.22305794e-1
1150 2.57782509e-1 -8.95691546e-1
1152 2.59666545e-1 -8.68947537e-1
1154 2.61893023e-1 -8.42049126e-1
1156 2.64487119e-1 -8.14970803e-1
1158 2.67477687e-1 -7.87686149e-1
1160 2.70897780e-1 -7.60167798e-1
1162 2.74785259e-1 -7.32387441e-1
1164 2.79183520e-1 -7.04315854e-1
1166 2.84142347e-1 -6.75922977e-1
1168 2.89718922e-1 -6.47178068e-1
1170 2.95979023e-1 -6.18049955e-1
1172 3.02998440e-1 -5.88507412e-1
1174 3.10864649e-1 -5.58519731e-1
1176 3.19678800e-1 -5.28057538e-1
1178 3.29558058e-1 -4.97093966e-1
1180 3.40638365e-1 -4.65606286e-1
1182 3.53077670e-1 -4.33578202e-1
1184 3.67059691e-1 -4.01003021e-1
1186 3.82798228e-1 -3.67888034e-1
1188 4.00542026e-1 -3.34260535e-1
1190 4.20580083e-1 -3.00176072e-1
1192 4.43247182e-1 -2.65729699e-1
1194 4.68929128e-1 -2.31071242e-1
1196 4.98066785e-1 -1.96425857e-1
1198 5.31157269e-1 -1.62121428e-1
1200 5.68749612e-1 -1.28624490e-1
1202 6.11430490e-1 -9.65861982e-2
1204 6.59793300e-1 -6.68989882e-2
1206 7.14380722e-1 -4.07621371e-2
1208 7.75587511e-1 -1.97494416e-2
1210 8.43507956e-1 -5.86289771e-3
1212 9.17714779e-1 -1.54130466e-3
1214 9.96969518e-1 -9.57271370e-3
1216 1.07889790e+0 -3.28413630e-2
1218 1.15972355e+0 -7.38417192e-2
1220 1.23422882e+0 -1.33946257e-1
1222 1.29615379e+0 -2.12547488e-1
1224 1.33916523e+0 -3.06383971e-1
1226 1.35826619e+0 -4.09476754e-1
1228 1.35116632e+0 -5.13961423e-1
1230 1.31897668e+0 -6.11662372e-1
1232 1.26586149e+0 -6.95795700e-1
1234 1.19783624e+0 -7.62101817e-1
1236 1.12130622e+0 -8.09077902e-1
1238 1.04191558e+0 -8.37470814e-1
1240 9.63957200e-1 -8.49443443e-1
1242 8.90281605e-1 -8.47780348e-1
1244 8.22503968e-1 -8.35315363e-1
1246 7.61319611e-1 -8.14604645e-1
1248 7.06809472e-1 -7.87789413e-1
1250 6.58684559e-1 -7.56576738e-1
1252 6.16460354e-1 -7.22280637e-1
1254 5.79571201e-1 -6.85886123e-1
1256 5.47439991e-1 -6.48115675e-1
1258 5.19517287e-1 -6.09488673e-1
1260 4.95300798e-1 -5.70370595e-1
1262 4.74342917e-1 -5.31011961e-1
1264 4.56251385e-1 -4.91578273e-1
1266 4.40686290e-1 -4.52172626e-1
1268 4.27355367e-1 -4.12852553e-1
1270 4.16008704e-1 -3.73642481e-1
1272 4.06433507e-1 -3.34542864e-1
1274 3.98449240e-1 -2.95536853e-1
1276 3.91903271e-1 -2.56595139e-1
1278 3.86667073e-1 -2.17679449e-1
1280 3.82632959e-1 -1.78745038e-1
1282 3.79711320e-1 -1.39742465e-1
1284 3.77828292e-1 -1.00618817e-1
1286 3.76923820e-1 -6.13185400e-2
1288 3.76950061e-1 -2.17839792e-2
1290 3.77870070e-1 1.80443088e-2
1292 3.79656749e-1 5.82274015e-2
1294 3.82292011e-1 9.88279816e-2
1296 3.85766140e-1 1.39910404e-1
1298 3.90077319e-1 1.81540835e-1
1300 3.95231320e-1 2.23787451e-1
1302 4.01241329e-1 2.66720689e-1
1304 4.08127913e-1 3.10413529e-1
1306 4.15919106e-1 3.54941824e-1
1308 4.24650642e-1 4.00384656e-1
1310 4.34366296e-1 4.46824723e-1
1312 4.45118384e-1 4.94348761e-1
1314 4.56968395e-1 5.43047991e-1
1316 4.69987792e-1 5.93018603e-1
1318 4.84258985e-1 6.44362256e-1
1320 4.99876514e-1 6.97186621e-1
1322 5.16948455e-1 7.51605940e-1
1324 5.35598097e-1 8.07741606e-1
1326 5.55965928e-1 8.65722768e-1
1328 5.78211988e-1 9.25686928e-1
1330 6.02518647e-1 9.87780539e-1
1332 6.29093898e-1 1.05215956e+0
1334 6.58175256e-1 1.11898995e+0
1336 6.90034383e-1 1.18844806e+0
1338 7.24982577e-1 1.26072079e+0
1340 7.63377320e-1 1.33600560e+0
1342 8.05630070e-1 1.41450991e+0
1344 8.52215579e-1 1.49645017e+0
1346 9.03683036e-1 1.58204981e+0
1348 9.60669419e-1 1.67153622e+0
1350 1.02391549e+0 1.76513588e+0
1352 1.09428498e+0 1.86306715e+0
1354 1.17278754e+0 1.96552964e+0
1356 1.26060614e+0 2.07268889e+0
1358 1.35912963e+0 2.18465440e+0
1360 1.46999110e+0 2.30144831e+0
1362 1.59511247e+0 2.42296117e+0
1364 1.73675528e+0 2.54888959e+0
1366 1.89757655e+0 2.67864871e+0
1368 2.08068670e+0 2.81125013e+0
1370 2.28970290e+0 2.94513246e+0
1372 2.52878534e+0 3.07792858e+0
1374 2.80263346e+0 3.20615025e+0
1376 3.11640315e+0 3.32476981e+0
1378 3.47548068e+0 3.42668431e+0
1380 3.88501418e+0 3.50206653e+0
1382 4.34905985e+0 3.53765600e+0
1384 4.86916336e+0 3.51614026e+0
1386 5.44220423e+0 3.41594706e+0
1388 6.05746615e+0 3.21201260e+0
1390 6.69328384e+0 2.87833166e+0
1392 7.31435773e+0 2.39308514e+0
1394 7.87177098e+0 1.74643089e+0
1396 8.30816034e+0 9.49264524e-1
1398 8.56912416e+0 3.89123594e-2
1400 8.61822950e+0 -9.23129573e-1
1402 8.44897546e+0 -1.86327686e+0
1404 8.08698728e+0 -2.71353344e+0
1406 7.58113029e+0 -3.42645488e+0
1408 6.98880736e+0 -3.98114444e+0
1410 6.36273480e+0 -4.38007477e+0
1412 5.74345122e+0 -4.64099399e+0
1414 5.15761327e+0 -4.78854454e+0
1416 4.61988835e+0 -4.84813724e+0
1418 4.13616541e+0 -4.84252717e+0
1420 3.70666129e+0 -4.79046642e+0
1422 3.32834230e+0 -4.70659926e+0
1424 2.99658658e+0 -4.60194729e+0
1426 2.70622359e+0 -4.48458538e+0
1428 2.45213088e+0 -4.36030510e+0
1430 2.22954287e+0 -4.23318294e+0
1432 2.03418467e+0 -4.10603366e+0
1434 1.86230580e+0 -3.98075724e+0
1436 1.71066074e+0 -3.85859763e+0
1438 1.57646438e+0 -3.74033264e+0
1440 1.45733809e+0 -3.62641179e+0
1442 1.35125528e+0 -3.51705557e+0
1444 1.25649046e+0 -3.41232671e+0
1446 1.17157386e+0 -3.31218106e+0
1448 1.09525185e+0 -3.21650370e+0
1450 1.02645318e+0 -3.12513466e+0
1452 9.64260369e-1 -3.03788696e+0
1454 9.07885590e-1 -2.95455927e+0
1456 8.56650547e-1 -2.87494464e+0
1458 8.09969567e-1 -2.79883657e+0
1460 7.67335501e-1 -2.72603293e+0
1462 7.28307915e-1 -2.65633860e+0
1464 6.92503210e-1 -2.58956705e+0
1466 6.59586332e-1 -2.52554126e+0
1468 6.29263800e-1 -2.46409403e+0
1470 6.01277846e-1 -2.40506814e+0
1472 5.75401451e-1 -2.34831609e+0
1474 5.51434161e-1 -2.29369982e+0
1476 5.29198523e-1 -2.24109030e+0
1478 5.08537061e-1 -2.19036699e+0
1480 4.89309687e-1 -2.14141744e+0
1482 4.71391501e-1 -2.09413668e+0
1484 4.54670888e-1 -2.04842680e+0
1486 4.39047893e-1 -2.00419641e+0
1488 4.24432817e-1 -1.96136023e+0
1490 4.10744999e-1 -1.91983858e+0
1492 3.97911770e-1 -1.87955705e+0
1494 3.85867537e-1 -1.84044603e+0
1496 3.74552987e-1 -1.80244042e+0
1498 3.63914396e-1 -1.76547925e+0
1500 3.53903018e-1 -1.72950538e+0
1502 3.44474561e-1 -1.69446524e+0
1504 3.35588711e-1 -1.66030851e+0
1506 3.27208728e-1 -1.62698793e+0
1508 3.19301082e-1 -1.59445905e+0
1510 3.11835131e-1 -1.56268001e+0
1512 3.04782839e-1 -1.53161139e+0
1514 2.98118525e-1 -1.50121597e+0
1516 2.91818640e-1 -1.47145862e+0
1518 2.85861567e-1 -1.44230613e+0
1520 2.80227447e-1 -1.41372706e+0
1522 2.74898017e-1 -1.38569164e+0
1524 2.69856473e-1 -1.35817163e+0
1526 2.65087340e-1 -1.33114020e+0
1528 2.60576362e-1 -1.30457184e+0
1530 2.56310399e-1 -1.27844230e+0
1532 2.52277335e-1 -1.25272842e+0
1534 2.48465997e-1 -1.22740815e+0
1536 2.44866083e-1 -1.20246038e+0
1538 2.41468091e-1 -1.17786494e+0
1540 2.38263264e-1 -1.15360248e+0
1542 2.35243534e-1 -1.12965446e+0
1544 2.32401473e-1 -1.10600306e+0
1546 2.29730249e-1 -1.08263113e+0
1548 2.27223590e-1 -1.05952213e+0
1550 2.24875744e-1 -1.03666012e+0
1552 2.22681451e-1 -1.01402967e+0
1554 2.20635910e-1 -9.91615851e-1
1556 2.18734761e-1 -9.69404173e-1
1558 2.16974052e-1 -9.47380559e-1
1560 2.15350228e-1 -9.25531307e-1
1562 2.13860108e-1 -9.03843050e-1
1564 2.12500872e-1 -8.82302730e-1
1566 2.11270045e-1 -8.60897561e-1
1568 2.10165487e-1 -8.39615001e-1
1570 2.09185383e-1 -8.18442721e-1
1572 2.08328236e-1 -7.97368578e-1
1574 2.07592857e-1 -7.76380585e-1
1576 2.06978365e-1 -7.55466883e-1
1578 2.06484183e-1 -7.34615717e-1
1580 2.06110034e-1 -7.13815407e-1
1582 2.05855943e-1 -6.93054323e-1
1584 2.05722241e-1 -6.72320857e-1
1586 2.05709563e-1 -6.51603399e-1
1588 2.05818859e-1 -6.30890307e-1
1590 2.06051398e-1 -6.10169887e-1
1592 2.06408777e-1 -5.89430359e-1
1594 2.06892931e-1 -5.68659831e-1
1596 2.07506146e-1 -5.47846277e-1
1598 2.08251077e-1 -5.26977500e-1
1600 2.09130759e-1 -5.06041108e-1
1602 2.10148631e-1 -4.85024479e-1
1604 2.11308555e-1 -4.63914735e-1
1606 2.12614845e-1 -4.42698705e-1
1608 2.14072290e-1 -4.21362888e-1
1610 2.15686192e-1 -3.99893425e-1
1612 2.17462394e-1 -3.78276052e-1
1614 2.19407326e-1 -3.56496068e-1
1616 2.21528046e-1 -3.34538286e-1
1618 2.23832289e-1 -3.12386994e-1
1620 2.26328524e-1 -2.90025906e-1
1622 2.29026015e-1 -2.67438110e-1
1624 2.31934890e-1 -2.44606018e-1
1626 2.35066216e-1 -2.21511310e-1
1628 2.38432086e-1 -1.98134870e-1
1630 2.42045716e-1 -1.74456729e-1
1632 2.45921551e-1 -1.50455988e-1
1634 2.50075387e-1 -1.26110756e-1
1636 2.54524504e-1 -1.01398063e-1
1638 2.59287818e-1 -7.62937866e-2
1640 2.64386056e-1 -5.07725582e-2
1642 2.69841942e-1 -2.48076740e-2
1644 2.75680419e-1 1.62900421e-3
1646 2.81928891e-1 2.85671533e-2
1648 2.88617504e-1 5.60380977e-2
1650 2.95779459e-1 8.40749249e-2
1652 3.03451370e-1 1.12712605e-1
1654 3.11673667e-1 1.41988114e-1
1656 3.20491069e-1 1.71940563e-1
1658 3.29953104e-1 2.02611326e-1
1660 3.40114718e-1 2.34044168e-1
1662 3.51036971e-1 2.66285369e-1
1664 3.62787834e-1 2.99383839e-1
1666 3.75443105e-1 3.33391221e-1
1668 3.89087464e-1 3.68361967e-1
1670 4.03815701e-1 4.04353386e-1
1672 4.19734121e-1 4.41425632e-1
1674 4.36962188e-1 4.79641643e-1
1676 4.55634419e-1 5.19066966e-1
1678 4.75902597e-1 5.59769464e-1
1680 4.97938338e-1 6.01818850e-1
1682 5.21936088e-1 6.45285976e-1
1684 5.48116609e-1 6.90241817e-1
1686 5.76731049e-1 7.36756024e-1
1688 6.08065681e-1 7.84894918e-1
1690 6.42447410e-1 8.34718721e-1
1692 6.80250176e-1 8.86277797e-1
1694 7.21902343e-1 9.39607546e-1
1696 7.67895192e-1 9.94721532e-1
1698 8.18792579e-1 1.05160224e+0
1700 8.75241785e-1 1.11018873e+0
1702 9.37985434e-1 1.17036013e+0
1704 1.00787419e+0 1.23191371e+0
1706 1.08587959e+0 1.29453583e+0
1708 1.17310576e+0 1.35776362e+0
1710 1.27079810e+0 1.42093481e+0
1712 1.38034526e+0 1.48312269e+0
1714 1.50326929e+0 1.54305286e+0
1716 1.64119525e+0 1.59899892e+0
1718 1.79578811e+0 1.64865552e+0
1720 1.96863888e+0 1.68899112e+0
1722 2.16107641e+0 1.71609009e+0
1724 2.37387587e+0 1.72500756e+0
1726 2.60683448e+0 1.70968241e+0
1728 2.85819733e+0 1.66298511e+0
1730 3.12395144e+0 1.57701369e+0
1732 3.39707998e+0 1.44377695e+0
1734 3.66698445e+0 1.25638513e+0
1736 3.91941535e+0 1.01075460e+0
1738 4.13731998e+0 7.07587643e-1
1740 4.30288526e+0 3.54051513e-1
1742 4.40062350e+0 -3.56602146e-2
1744 4.42072310e+0 -4.41563005e-1
1746 4.36144684e+0 -8.40933871e-1
1748 4.22954870e+0 -1.21230404e+0
1750 4.03852572e+0 -1.53899314e+0
1752 3.80549070e+0 -1.81105163e+0
1754 3.54789517e+0 -2.02531412e+0
1756 3.28107575e+0 -2.18405885e+0
1758 3.01698797e+0 -2.29308829e+0
1760 2.76397251e+0 -2.35990838e+0
1762 2.52717003e+0 -2.39235774e+0
1764 2.30921328e+0 -2.39775431e+0
1766 2.11094417e+0 -2.38247033e+0
1768 1.93202804e+0 -2.35180004e+0
1770 1.77142428e+0 -2.30999832e+0
1772 1.62771999e+0 -2.26040202e+0
1774 1.49935198e+0 -2.20557924e+0
1776 1.38474585e+0 -2.14747630e+0
1778 1.28239726e+0 -2.08754841e+0
1780 1.19091474e+0 -2.02686935e+0
1782 1.10903805e+0 -1.96622018e+0
1784 1.03564159e+0 -1.90615941e+0
1786 9.69729444e-1 -1.84707754e+0
1788 9.10425750e-1 -1.78923906e+0
1790 8.56963279e-1 -1.73281451e+0
1792 8.08671480e-1 -1.67790487e+0
1794 7.64964956e-1 -1.62455990e+0
1796 7.25332781e-1 -1.57279212e+0
1798 6.89328854e-1 -1.52258722e+0
1800 6.56563348e-1 -1.47391190e+0
1802 6.26695210e-1 -1.42671973e+0
1804 5.99425629e-1 -1.38095557e+0
1806 5.74492391e-1 -1.33655874e+0
1808 5.51665005e-1 -1.29346548e+0
1810 5.30740509e-1 -1.25161066e+0
1812 5.11539864e-1 -1.21092906e+0
1814 4.93904851e-1 -1.17135627e+0
1816 4.77695413e-1 -1.13282933e+0
1818 4.62787357e-1 -1.09528715e+0
1820 4.49070383e-1 -1.05867075e+0
1822 4.36446385e-1 -1.02292347e+0
1824 4.24827980e-1 -9.87990984e-1
1826 4.14137242e-1 -9.53821359e-1
1828 4.04304604e-1 -9.20364992e-1
1830 3.95267907e-1 -8.87574553e-1
1832 3.86971576e-1 -8.55404896e-1
1834 3.79365902e-1 -8.23812960e-1
1836 3.72406419e-1 -7.92757653e-1
1838 3.66053361e-1 -7.62199742e-1
1840 3.60271190e-1 -7.32101730e-1
1842 3.55028184e-1 -7.02427740e-1
1844 3.50296075e-1 -6.73143400e-1
1846 3.46049740e-1 -6.44215725e-1
1848 3.42266926e-1 -6.15613014e-1
1850 3.38928014e-1 -5.87304734e-1
1852 3.36015812e-1 -5.59261426e-1
1854 3.33515383e-1 -5.31454602e-1
1856 3.31413885e-1 -5.03856651e-1
1858 3.29700448e-1 -4.76440750e-1
1860 3.28366063e-1 -4.49180775e-1
1862 3.27403490e-1 -4.22051221e-1
1864 3.26807187e-1 -3.95027118e-1
1866 3.26573250e-1 -3.68083958e-1
1868 3.26699375e-1 -3.41197619e-1
1870 3.27184824e-1 -3.14344296e-1
1872 3.28030419e-1 -2.87500431e-1
1874 3.29238537e-1 -2.60642645e-1
1876 3.30813122e-1 -2.33747682e-1
1878 3.32759716e-1 -2.06792338e-1
1880 3.35085499e-1 -1.79753407e-1
1882 3.37799339e-1 -1.52607624e-1
1884 3.40911871e-1 -1.25331608e-1
1886 3.44435574e-1 -9.79018118e-2
1888 3.48384882e-1 -7.02944708e-2
1890 3.52776299e-1 -4.24855584e-2
1892 3.57628543e-1 -1.44507426e-2
1894 3.62962707e-1 1.38346515e-2
1896 3.68802449e-1 4.23956735e-2
1898 3.75174202e-1 7.12577740e-2
1900 3.82107417e-1 1.00446821e-1
1902 3.89634837e-1 1.29989105e-1
1904 3.97792810e-1 1.59911335e-1
1906 4.06621640e-1 1.90240615e-1
1908 4.16165986e-1 2.21004397e-1
1910 4.26475307e-1 2.52230419e-1
1912 4.37604374e-1 2.83946599e-1
1914 4.49613835e-1 3.16180902e-1
1916 4.62570863e-1 3.48961149e-1
1918 4.76549877e-1 3.82314769e-1
1920 4.91633358e-1 4.16268482e-1
1922 5.07912765e-1 4.50847878e-1
1924 5.25489559e-1 4.86076889e-1
1926 5.44476360e-1 5.21977119e-1
1928 5.64998225e-1 5.58566985e-1
1930 5.87194081e-1 5.95860657e-1
1932 6.11218311e-1 6.33866704e-1
1934 6.37242496e-1 6.72586423e-1
1936 6.65457321e-1 7.12011734e-1
1938 6.96074632e-1 7.52122567e-1
1940 7.29329623e-1 7.92883617e-1
1942 7.65483117e-1 8.34240308e-1
1944 8.04823856e-1 8.76113804e-1
1946 8.47670710e-1 9.18394858e-1
1948 8.94374611e-1 9.60936241e-1
1950 9.45319966e-1 1.00354348e+0
1952 1.00092519e+0 1.04596358e+0
1954 1.06164182e+0 1.08787144e+0
1956 1.12795147e+0 1.12885353e+0
1958 1.20035966e+0 1.16838876e+0
1960 1.27938514e+0 1.20582624e+0
1962 1.36554300e+0 1.24036018e+0
1964 1.45931929e+0 1.27100271e+0
1966 1.56113461e+0 1.29655585e+0
1968 1.67129353e+0 1.31558561e+0
1970 1.78991696e+0 1.32640233e+0
1972 1.91685500e+0 1.32705419e+0
1974 2.05157967e+0 1.31534318e+0
1976 2.19306064e+0 1.28887581e+0
1978 2.33963243e+0 1.24516267e+0
1980 2.48887069e+0 1.18178060e+0
1982 2.63750496e+0 1.09660614e+0
1984 2.78140555e+0 9.88116709e-1
1986 2.91568662e+0 8.55736199e-1
1988 3.03496102e+0 7.00174900e-1
1990 3.13375786e+0 5.23689119e-1
1992 3.20707194e+0 3.30174284e-1
1994 3.25096358e+0 1.25021291e-1
1996 3.26308803e+0 -8.52857546e-2
1998 3.24302834e+0 -2.93781674e-1
2000 3.19234541e+0 -4.93727387e-1
2002 3.11433334e+0 -6.79265727e-1
2004 3.01354716e+0 -8.45897931e-1
2006 2.89522102e+0 -9.90711751e-1
2008 2.76470162e+0 -1.11236373e+0
2010 2.62699040e+0 -1.21087366e+0
2012 2.48643934e+0 -1.28731375e+0
2014 2.34660046e+0 -1.34347057e+0
2016 2.21020047e+0 -1.38153598e+0
2018 2.07920046e+0 -1.40385749e+0
2020 1.95490271e+0 -1.41275700e+0
2022 1.83807474e+0 -1.41041271e+0
2024 1.72907097e+0 -1.39879244e+0
2026 1.62794100e+0 -1.37962497e+0
2028 1.53451986e+0 -1.35439685e+0
2030 1.44849969e+0 -1.32436512e+0
2032 1.36948446e+0 -1.29057854e+0
2034 1.29703041e+0 -1.25390241e+0
2036 1.23067495e+0 -1.21504392e+0
2038 1.16995652e+0 -1.17457618e+0
2040 1.11442787e+0 -1.13295990e+0
2042 1.06366428e+0 -1.09056249e+0
2044 1.01726829e+0 -1.04767443e+0
2046 9.74871921e-1 -1.00452310e+0
2048 9.36137252e-1 -9.61284425e-1
2050 9.00755854e-1 -9.18092422e-1
2052 8.68447529e-1 -8.75047157e-1
2054 8.38958653e-1 -8.32221217e-1
2056 8.12060309e-1 -7.89665014e-1
2058 7.87546346e-1 -7.47411094e-1
2060 7.65231472e-1 -7.05477644e-1
2062 7.44949413e-1 -6.63871329e-1
2064 7.26551188e-1 -6.22589585e-1
2066 7.09903516e-1 -5.81622473e-1
2068 6.94887353e-1 -5.40954168e-1
2070 6.81396574e-1 -5.00564160e-1
2072 6.69336784e-1 -4.60428209e-1
2074 6.58624250e-1 -4.20519113e-1
2076 6.49184959e-1 -3.80807314e-1
2078 6.40953784e-1 -3.41261374e-1
2080 6.33873742e-1 -3.01848355e-1
2082 6.27895357e-1 -2.62534100e-1
2084 6.22976096e-1 -2.23283459e-1
2086 6.19079891e-1 -1.84060449e-1
2088 6.16176725e-1 -1.44828372e-1
2090 6.14242287e-1 -1.05549894e-1
2092 6.13257688e-1 -6.61870953e-2
2094 6.13209234e-1 -2.67014916e-2
2096 6.14088249e-1 1.29459582e-2
2098 6.15890950e-1 5.27948665e-2
2100 6.18618375e-1 9.28854406e-2
2102 6.22276351e-1 1.33258518e-1
2104 6.26875516e-1 1.73955607e-1
2106 6.32431385e-1 2.15018937e-1
2108 6.38964462e-1 2.56491502e-1
2110 6.46500405e-1 2.98417116e-1
2112 6.55070239e-1 3.40840459e-1
2114 6.64710627e-1 3.83807120e-1
2116 6.75464193e-1 4.27363633e-1
2118 6.87379917e-1 4.71557501e-1
2120 7.00513584e-1 5.16437210e-1
2122 7.14928321e-1 5.62052215e-1
2124 7.30695208e-1 6.08452908e-1
2126 7.47893978e-1 6.55690550e-1
2128 7.66613827e-1 7.03817162e-1
2130 7.86954324e-1 7.52885364e-1
2132 8.09026454e-1 8.02948147e-1
2134 8.32953799e-1 8.54058566e-1
2136 8.58873873e-1 9.06269328e-1
2138 8.86939638e-1 9.59632252e-1
2140 9.17321207e-1 1.01419757e+0
2142 9.50207768e-1 1.07001304e+0
2144 9.85809755e-1 1.12712277e+0
2146 1.02436127e+0 1.18556582e+0
2148 1.06612281e+0 1.24537432e+0
2150 1.11138431e+0 1.30657119e+0
2152 1.16046847e+0 1.36916726e+0
2154 1.21373453e+0 1.43315760e+0
2156 1.27158227e+0 1.49851705e+0
2158 1.33445644e+0 1.56519454e+0
2160 1.40285142e+0 1.63310607e+0
2162 1.47731609e+0 1.70212599e+0
2164 1.55845872e+0 1.77207618e+0
2166 1.64695165e+0 1.84271264e+0
2168 1.74353544e+0 1.91370907e+0
2170 1.84902175e+0 1.98463664e+0
2172 1.96429432e+0 2.05493939e+0
2174 2.09030678e+0 2.12390442e+0
2176 2.22807560e+0 2.19062628e+0
2178 2.37866603e+0 2.25396483e+0
2180 2.54316792e+0 2.31249651e+0
2182 2.72265747e+0 2.36445932e+0
2184 2.91813988e+0 2.40769320e+0
2186 3.13046689e+0 2.43957926e+0
2188 3.36022242e+0 2.45698405e+0
2190 3.60756950e+0 2.45621943e+0
2192 3.87205352e+0 2.43303352e+0
2194 4.15236098e+0 2.38265484e+0
2196 4.44604177e+0 2.29991810e+0
2198 4.74921715e+0 2.17950393e+0
2200 5.05631590e+0 2.01632292e+0
2202 5.35990541e+0 1.80606049e+0
2204 5.65070610e+0 1.54586830e+0
2206 5.91788532e+0 1.23513821e+0
2208 6.14970402e+0 8.76232565e-1
2210 6.33452453e+0 4.74990390e-1
2212 6.46208298e+0 4.08137108e-2
2214 6.52481305e+0 -4.13807341e-1
2216 6.51893101e+0 -8.74342665e-1
2218 6.44500599e+0 -1.32568624e+0
2220 6.30785934e+0 -1.75373978e+0
2222 6.11582315e+0 -2.14677809e+0
2224 5.87956039e+0 -2.49633548e+0
2226 5.61073726e+0 -2.79750876e+0
2228 5.32082043e+0 -3.04873475e+0
2230 5.02017649e+0 -3.25120719e+0
2232 4.71753519e+0 -3.40812814e+0
2234 4.41978412e+0 -3.52395852e+0
2236 4.13201210e+0 -3.60377364e+0
2238 3.85770681e+0 -3.65277060e+0
2240 3.59902508e+0 -3.67593094e+0
2242 3.35707741e+0 -3.67781715e+0
2244 3.13219124e+0 -3.66247197e+0
2246 2.92413575e+0 -3.63338960e+0
2248 2.73230301e+0 -3.59353267e+0
2250 2.55584771e+0 -3.54537528e+0
2252 2.39379092e+0 -3.49095842e+0
2254 2.24509456e+0 -3.43194863e+0
2256 2.10871290e+0 -3.36969468e+0
2258 1.98362679e+0 -3.30527948e+0
2260 1.86886523e+0 -3.23956576e+0
2262 1.76351770e+0 -3.17323543e+0
2264 1.66674029e+0 -3.10682292e+0
2266 1.57775743e+0 -3.04074293e+0
2268 1.49586073e+0 -2.97531343e+0
2270 1.42040619e+0 -2.91077454e+0
2272 1.35081024e+0 -2.84730395e+0
2274 1.28654530e+0 -2.78502942e+0
2276 1.22713519e+0 -2.72403900e+0
2278 1.17215054e+0 -2.66438923e+0
2280 1.12120440e+0 -2.60611175e+0
2282 1.07394812e+0 -2.54921869e+0
2284 1.03006751e+0 -2.49370695e+0
2286 9.89279356e-1 -2.43956166e+0
2288 9.51328224e-1 -2.38675895e+0
2290 9.15983600e-1 -2.33526815e+0
2292 8.83037302e-1 -2.28505361e+0
2294 8.52301164e-1 -2.23607605e+0
2296 8.23604971e-1 -2.18829375e+0
2298 7.96794610e-1 -2.14166336e+0
2300 7.71730424e-1 -2.09614065e+0
2302 7.48285748e-1 -2.05168105e+0
2304 7.26345604e-1 -2.00824006e+0
2306 7.05805535e-1 -1.96577356e+0
2308 6.86570579e-1 -1.92423810e+0
2310 6.68554343e-1 -1.88359101e+0
2312 6.51678183e-1 -1.84379059e+0
2314 6.35870480e-1 -1.80479620e+0
2316 6.21065985e-1 -1.76656825e+0
2318 6.07205239e-1 -1.72906830e+0
2320 5.94234062e-1 -1.69225904e+0
2322 5.82103085e-1 -1.65610428e+0
2324 5.70767347e-1 -1.62056892e+0
2326 5.60185924e-1 -1.58561897e+0
2328 5.50321602e-1 -1.55122146e+0
2330 5.41140592e-1 -1.51734442e+0
2332 5.32612268e-1 -1.48395684e+0
2334 5.24708939e-1 -1.45102860e+0
2336 5.17405643e-1 -1.41853045e+0
2338 5.10679971e-1 -1.38643393e+0
2340 5.04511908e-1 -1.35471133e+0
2342 4.98883693e-1 -1.32333565e+0
2344 4.93779703e-1 -1.29228050e+0
2346 4.89186344e-1 -1.26152012e+0
2348 4.85091969e-1 -1.23102926e+0
2350 4.81486801e-1 -1.20078319e+0
2352 4.78362876e-1 -1.17075759e+0
2354 4.75713996e-1 -1.14092855e+0
2356 4.73535700e-1 -1.11127251e+0
2358 4.71825237e-1 -1.08176619e+0
2360 4.70581564e-1 -1.05238659e+0
2362 4.69805345e-1 -1.02311091e+0
2364 4.69498973e-1 -9.93916535e-1
2366 4.69666593e-1 -9.64780985e-1
2368 4.70314150e-1 -9.35681879e-1
2370 4.71449440e-1 -9.06596907e-1
2372 4.73082181e-1 -8.77503796e-1
2374 4.75224098e-1 -8.48380288e-1
2376 4.77889023e-1 -8.19204118e-1
2378 4.81093012e-1 -7.89952994e-1
2380 4.84854480e-1 -7.60604588e-1
2382 4.89194362e-1 -7.31136535e-1
2384 4.94136282e-1 -7.01526434e-1
2386 4.99706763e-1 -6.71751867e-1
2388 5.05935450e-1 -6.41790425e-1
2390 5.12855368e-1 -6.11619755e-1
2392 5.20503212e-1 -5.81217614e-1
2394 5.28919669e-1 -5.50561962e-1
2396 5.38149778e-1 -5.19631065e-1
2398 5.48243341e-1 -4.88403641e-1
2400 5.59255368e-1 -4.56859041e-1
2402 5.71246585e-1 -4.24977477e-1
2404 5.84283991e-1 -3.92740311e-1
2406 5.98441479e-1 -3.60130410e-1
2408 6.13800528e-1 -3.27132583e-1
2410 6.30450955e-1 -2.93734130e-1
2412 6.48491758e-1 -2.59925501e-1
2414 6.68032029e-1 -2.25701118e-1
2416 6.89191951e-1 -1.91060366e-1
2418 7.12103878e-1 -1.56008815e-1
2420 7.36913493e-1 -1.20559696e-1
2422 7.63781034e-1 -8.47357066e-2
2424 7.92882567e-1 -4.85711915e-2
2426 8.24411287e-1 -1.21147943e-2
2428 8.58578795e-1 2.45673436e-2
2430 8.95616289e-1 6.13877226e-2
2432 9.35775574e-1 9.82328453e-2
2434 9.79329760e-1 1.34957659e-1
2436 1.02657346e+0 1.71378936e-1
2438 1.07782224e+0 2.07267429e-1
2440 1.13341099e+0 2.42338659e-1
2442 1.19369073e+0 2.76242203e-1
2444 1.25902328e+0 3.08549412e-1
2446 1.32977310e+0 3.38739580e-1
2448 1.40629524e+0 3.66184771e-1
2450 1.48891829e+0 3.90133767e-1
2452 1.57792114e+0 4.09696008e-1
2454 1.67350184e+0 4.23826985e-1
2456 1.77573743e+0 4.31317301e-1
2458 1.88453338e+0 4.30788670e-1
2460 1.99956243e+0 4.20701253e-1
2462 2.12019387e+0 3.99378007e-1
2464 2.24541653e+0 3.65052670e-1
2466 2.37376230e+0 3.15948295e-1
2468 2.50324098e+0 2.50391972e-1
2470 2.63130226e+0 1.66967892e-1
2472 2.75484407e+0 6.47042128e-2
2474 2.87028773e+0 -5.67206090e-2
2476 2.97373609e+0 -1.96778218e-1
2478 3.06121931e+0 -3.53934561e-1
2480 3.12901415e+0 -5.25580083e-1
2482 3.17400046e+0 -7.08082531e-1
2484 3.19399865e+0 -8.96980098e-1
2486 3.18802449e+0 -1.08730287e+0
2488 3.15640767e+0 -1.27397833e+0
2490 3.10074792e+0 -1.45225365e+0
2492 3.02371887e+0 -1.61806281e+0
2494 2.92876264e+0 -1.76828227e+0
2496 2.81973660e+0 -1.90084834e+0
2498 2.70057310e+0 -2.01474164e+0
2500 2.57499840e+0 -2.10986793e+0
2502 2.44633442e+0 -2.18687634e+0
2504 2.31738664e+0 -2.24695489e+0
2506 2.19040617e+0 -2.29163452e+0
2508 2.06710738e+0 -2.32262115e+0
2510 1.94872080e+0 -2.34166419e+0
2512 1.83606412e+0 -2.35046232e+0
2514 1.72961834e+0 -2.35060204e+0
2516 1.62960063e+0 -2.34352283e+0
2518 1.53602911e+0 -2.33050203e+0
2520 1.44877757e+0 -2.31265345e+0
2522 1.36761989e+0 -2.29093482e+0
2524 1.29226494e+0 -2.26616028e+0
2526 1.22238317e+0 -2.23901538e+0
2528 1.15762643e+0 -2.21007273e+0
2530 1.09764218e+0 -2.17980717e+0
2532 1.04208354e+0 -2.14860998e+0
2534 9.90615933e-1 -2.11680154e+0
2536 9.42921387e-1 -2.08464256e+0
2538 8.98700956e-1 -2.05234386e+0
2540 8.57675898e-1 -2.02007464e+0
2542 8.19587920e-1 -1.98796962e+0
2544 7.84198816e-1 -1.95613500e+0
2546 7.51289692e-1 -1.92465346e+0
2548 7.20659946e-1 -1.89358837e+0
2550 6.92126105e-1 -1.86298723e+0
2552 6.65520604e-1 -1.83288465e+0
2554 6.40690552e-1 -1.80330465e+0
2556 6.17496539e-1 -1.77426269e+0
2558 5.95811484e-1 -1.74576735e+0
2560 5.75519555e-1 -1.71782158e+0
2562 5.56515164e-1 -1.69042392e+0
2564 5.38702032e-1 -1.66356933e+0
2566 5.21992337e-1 -1.63725001e+0
2568 5.06305933e-1 -1.61145596e+0
2570 4.91569637e-1 -1.58617554e+0
2572 4.77716583e-1 -1.56139584e+0
2574 4.64685639e-1 -1.53710305e+0
2576 4.52420875e-1 -1.51328270e+0
2578 4.40871088e-1 -1.48991992e+0
2580 4.29989368e-1 -1.46699959e+0
2582 4.19732710e-1 -1.44450651e+0
2584 4.10061661e-1 -1.42242548e+0
2586 4.00940008e-1 -1.40074145e+0
2588 3.92334489e-1 -1.37943950e+0
2590 3.84214534e-1 -1.35850500e+0
2592 3.76552041e-1 -1.33792356e+0
2594 3.69321156e-1 -1.31768114e+0
2596 3.62498094e-1 -1.29776399e+0
2598 3.56060962e-1 -1.27815874e+0
2600 3.49989609e-1 -1.25885235e+0
2602 3.44265486e-1 -1.23983216e+0
2604 3.38871520e-1 -1.22108584e+0
2606 3.33792003e-1 -1.20260144e+0
2608 3.29012485e-1 -1.18436734e+0
2610 3.24519689e-1 -1.16637228e+0
2612 3.20301423e-1 -1.14860531e+0
2614 3.16346503e-1 -1.13105581e+0
2616 3.12644692e-1 -1.11371347e+0
2618 3.09186635e-1 -1.09656827e+0
2620 3.05963802e-1 -1.07961049e+0
2622 3.02968444e-1 -1.06283066e+0
2624 3.00193548e-1 -1.04621960e+0
2626 2.97632795e-1 -1.02976835e+0
2628 2.95280529e-1 -1.01346820e+0
2630 2.93131723e-1 -9.97310675e-1
2632 2.91181957e-1 -9.81287495e-1
2634 2.89427390e-1 -9.65390591e-1
2636 2.87864747e-1 -9.49612084e-1
2638 2.86491294e-1 -9.33944276e-1
2640 2.85304832e-1 -9.18379642e-1
2642 2.84303683e-1 -9.02910821e-1
2644 2.83486684e-1 -8.87530604e-1
2646 2.82853183e-1 -8.72231933e-1
2648 2.82403034e-1 -8.57007887e-1
2650 2.82136602e-1 -8.41851682e-1
2652 2.82054764e-1 -8.26756665e-1
2654 2.82158915e-1 -8.11716307e-1
2656 2.82450980e-1 -7.96724204e-1
2658 2.82933422e-1 -7.81774073e-1
2660 2.83609261e-1 -7.66859755e-1
2662 2.84482089e-1 -7.51975214e-1
2664 2.85556090e-1 -7.37114543e-1
2666 2.86836070e-1 -7.22271967e-1
2668 2.88327477e-1 -7.07441853e-1
2670 2.90036439e-1 -6.92618722e-1
2672 2.91969795e-1 -6.77797260e-1
2674 2.94135135e-1 -6.62972336e-1
2676 2.96540844e-1 -6.48139026e-1
2678 2.99196148e-1 -6.33292636e-1
2680 3.02111170e-1 -6.18428737e-1
2682 3.05296982e-1 -6.03543198e-1
2684 3.08765671e-1 -5.88632235e-1
2686 3.12530407e-1 -5.73692463e-1
2688 3.16605511e-1 -5.58720957e-1
2690 3.21006543e-1 -5.43715326e-1
2692 3.25750377e-1 -5.28673800e-1
2694 3.30855298e-1 -5.13595328e-1
2696 3.36341095e-1 -4.98479699e-1
2698 3.42229162e-1 -4.83327677e-1
2700 3.48542606e-1 -4.68141156e-1
2702 3.55306353e-1 -4.52923351e-1
2704 3.62547262e-1 -4.37679008e-1
2706 3.70294237e-1 -4.22414654e-1
2708 3.78578338e-1 -4.07138881e-1
2710 3.87432885e-1 -3.91862681e-1
2712 3.96893552e-1 -3.76599824e-1
2714 4.06998447e-1 -3.61367302e-1
2716 4.17788170e-1 -3.46185826e-1
2718 4.29305829e-1 -3.31080408e-1
2720 4.41597021e-1 -3.16081015e-1
2722 4.54709745e-1 -3.01223317e-1
2724 4.68694231e-1 -2.86549526e-1
2726 4.83602670e-1 -2.72109345e-1
2728 4.99488803e-1 -2.57961019e-1
2730 5.16407336e-1 -2.44172494e-1
2732 5.34413143e-1 -2.30822689e-1
2734 5.53560196e-1 -2.18002845e-1
2736 5.73900170e-1 -2.05817960e-1
2738 5.95480650e-1 -1.94388237e-1
2740 6.18342866e-1 -1.83850520e-1
2742 6.42518884e-1 -1.74359604e-1
2744 6.68028168e-1 -1.66089325e-1
2746 6.94873449e-1 -1.59233257e-1
2748 7.23035860e-1 -1.54004817e-1
2750 7.52469328e-1 -1.50636523e-1
2752 7.83094278e-1 -1.49378103e-1
2754 8.14790807e-1 -1.50493093e-1
2756 8.47391584e-1 -1.54253562e-1
2758 8.80674922e-1 -1.60932586e-1
2760 9.14358616e-1 -1.70794179e-1
2762 9.48095378e-1 -1.84080509e-1
2764 9.81470854e-1 -2.00996483e-1
2766 1.01400532e+0 -2.21692131e-1
2768 1.04516019e+0 -2.46243642e-1
2770 1.07435029e+0 -2.74634457e-1
2772 1.10096231e+0 -3.06738272e-1
2774 1.12437946e+0 -3.42306202e-1
2776 1.14401114e+0 -3.80960440e-1
2778 1.15932562e+0 -4.22196470e-1
2780 1.16988299e+0 -4.65395146e-1
2782 1.17536470e+0 -5.09844810e-1
2784 1.17559630e+0 -5.54772219e-1
2786 1.17056039e+0 -5.99379670e-1
2788 1.16039814e+0 -6.42884690e-1
2790 1.14539899e+0 -6.84558190e-1
2792 1.12598008e+0 -7.23757259e-1
2794 1.10265793e+0 -7.59949682e-1
2796 1.07601597e+0 -7.92728552e-1
2798 1.04667130e+0 -8.21816825e-1
2800 1.01524391e+0 -8.47062848e-1
2802 9.82330549e-1 -8.68428804e-1
2804 9.48484607e-1 -8.85974379e-1
2806 9.14202307e-1 -8.99837963e-1
2808 8.79914865e-1 -9.10217401e-1
2810 8.45985751e-1 -9.17351785e-1
2812 8.12711961e-1 -9.21505328e-1
2814 7.80328142e-1 -9.22953823e-1
2816 7.49012557e-1 -9.21973850e-1
2818 7.18894001e-1 -9.18834631e-1
2820 6.90058999e-1 -9.13792218e-1
2822 6.62558830e-1 -9.07085693e-1
2824 6.36416042e-1 -8.98934966e-1
2826 6.11630297e-1 -8.89539818e-1
2828 5.88183469e-1 -8.79079869e-1
2830 5.66043988e-1 -8.67715200e-1
2832 5.45170459e-1 -8.55587398e-1
2834 5.25514638e-1 -8.42820875e-1
2836 5.07023829e-1 -8.29524312e-1
2838 4.89642784e-1 -8.15792150e-1
2840 4.73315189e-1 -8.01706058e-1
2842 4.57984803e-1 -7.87336335e-1
2844 4.43596302e-1 -7.72743220e-1
2846 4.30095911e-1 -7.57978101e-1
2848 4.17431837e-1 -7.43084605e-1
2850 4.05554568e-1 -7.28099585e-1
2852 3.94417048e-1 -7.13053993e-1
2854 3.83974777e-1 -6.97973664e-1
2856 3.74185838e-1 -6.82879992e-1
2858 3.65010876e-1 -6.67790536e-1
2860 3.56413041e-1 -6.52719540e-1
2862 3.48357911e-1 -6.37678397e-1
2864 3.40813385e-1 -6.22676037e-1
2866 3.33749585e-1 -6.07719281e-1
2868 3.27138732e-1 -5.92813131e-1
2870 3.20955032e-1 -5.77961035e-1
2872 3.15174560e-1 -5.63165103e-1
2874 3.09775144e-1 -5.48426305e-1
2876 3.04736253e-1 -5.33744631e-1
2878 3.00038896e-1 -5.19119234e-1
2880 2.95665516e-1 -5.04548555e-1
2882 2.91599897e-1 -4.90030425e-1
2884 2.87827076e-1 -4.75562151e-1
2886 2.84333259e-1 -4.61140600e-1
2888 2.81105741e-1 -4.46762259e-1
2890 2.78132841e-1 -4.32423289e-1
2892 2.75403828e-1 -4.18119577e-1
2894 2.72908865e-1 -4.03846773e-1
2896 2.70638952e-1 -3.89600323e-1
2898 2.68585871e-1 -3.75375497e-1
2900 2.66742146e-1 -3.61167414e-1
2902 2.65100994e-1 -3.46971060e-1
2904 2.63656288e-1 -3.32781303e-1
2906 2.62402522e-1 -3.18592907e-1
2908 2.61334780e-1 -3.04400542e-1
2910 2.60448707e-1 -2.90198788e-1
2912 2.59740481e-1 -2.75982148e-1
2914 2.59206797e-1 -2.61745042e-1
2916 2.58844839e-1 -2.47481820e-1
2918 2.58652270e-1 -2.33186752e-1
2920 2.58627213e-1 -2.18854036e-1
2922 2.58768240e-1 -2.04477795e-1
2924 2.59074363e-1 -1.90052070e-1
2926 2.59545025e-1 -1.75570824e-1
2928 2.60180096e-1 -1.61027930e-1
2930 2.60979867e-1 -1.46417177e-1
2932 2.61945051e-1 -1.31732254e-1
2934 2.63076782e-1 -1.16966751e-1
2936 2.64376622e-1 -1.02114153e-1
2938 2.65846559e-1 -8.71678310e-2
2940 2.67489020e-1 -7.21210352e-2
2942 2.69306878e-1 -5.69668901e-2
2944 2.71303463e-1 -4.16983855e-2
2946 2.73482578e-1 -2.63083693e-2
2948 2.75848512e-1 -1.07895395e-2
2950 2.78406063e-1 4.86556375e-3
2952 2.81160555e-1 2.06645661e-2
2954 2.84117866e-1 3.66152673e-2
2956 2.87284453e-1 5.27256493e-2
2958 2.90667383e-1 6.90038840e-2
2960 2.94274370e-1 8.54583413e-2
2962 2.98113809e-1 1.02097597e-1
2964 3.02194819e-1 1.18930438e-1
2966 3.06527290e-1 1.35965872e-1
2968 3.11121934e-1 1.53213131e-1
2970 3.15990339e-1 1.70681677e-1
2972 3.21145035e-1 1.88381203e-1
2974 3.26599556e-1 2.06321643e-1
2976 3.32368520e-1 2.24513161e-1
2978 3.38467708e-1 2.42966160e-1
2980 3.44914153e-1 2.61691273e-1
2982 3.51726240e-1 2.80699352e-1
2984 3.58923816e-1 3.00001466e-1
2986 3.66528303e-1 3.19608874e-1
2988 3.74562836e-1 3.39533014e-1
2990 3.83052396e-1 3.59785466e-1
2992 3.92023978e-1 3.80377923e-1
2994 4.01506753e-1 4.01322142e-1
2996 4.11532262e-1 4.22629888e-1
2998 4.22134623e-1 4.44312866e-1
3000 4.33350754e-1 4.66382633e-1
