#Note:E; Temperature:25Â°C
#f[Hz] Re(Z/Zc) Im(Z/Zc)
20 4.36914287e+0 -2.72668078e+1
22 3.79665031e+0 -2.49725203e+1
24 3.33934754e+0 -2.30365834e+1
26 2.96717052e+0 -2.13804628e+1
28 2.65945390e+0 -1.99470832e+1
30 2.40156869e+0 -1.86939522e+1
32 2.18289667e+0 -1.75887726e+1
34 1.99556280e+0 -1.66065510e+1
36 1.83361577e+0 -1.57276398e+1
38 1.69248307e+0 -1.49363770e+1
40 1.56859966e+0 -1.42201231e+1
42 1.45914929e+0 -1.35685634e+1
44 1.36188082e+0 -1.29731967e+1
46 1.27497556e+0 -1.24269525e+1
48 1.19694983e+0 -1.19239013e+1
50 1.12658252e+0 -1.14590337e+1
52 1.06286040e+0 -1.10280875e+1
54 1.00493646e+0 -1.06274136e+1
56 9.52097724e-1 -1.02538693e+1
58 9.03740191e-1 -9.90473320e+0
60 8.59349158e-1 -9.57763660e+0
62 8.18483582e-1 -9.27050833e+0
64 7.80763587e-1 -8.98152917e+0
66 7.45860402e-1 -8.70909467e+0
68 7.13488202e-1 -8.45178427e+0
70 6.83397442e-1 -8.20833564e+0
72 6.55369379e-1 -7.97762321e+0
74 6.29211549e-1 -7.75864007e+0
76 6.04754011e-1 -7.55048274e+0
78 5.81846201e-1 -7.35233815e+0
80 5.60354304e-1 -7.16347260e+0
82 5.40159025e-1 -6.98322228e+0
84 5.21153714e-1 -6.81098511e+0
86 5.03242764e-1 -6.64621372e+0
88 4.86340242e-1 -6.48840936e+0
90 4.70368724e-1 -6.33711656e+0
92 4.55258285e-1 -6.19191858e+0
94 4.40945628e-1 -6.05243332e+0
96 4.27373337e-1 -5.91830981e+0
98 4.14489221e-1 -5.78922505e+0
100 4.02245742e-1 -5.66488133e+0
102 3.90599525e-1 -5.54500371e+0
104 3.79510912e-1 -5.42933795e+0
106 3.68943590e-1 -5.31764854e+0
108 3.58864247e-1 -5.20971700e+0
110 3.49242275e-1 -5.10534039e+0
112 3.40049511e-1 -5.00432990e+0
114 3.31260000e-1 -4.90650967e+0
116 3.22849786e-1 -4.81171566e+0
118 3.14796732e-1 -4.71979469e+0
120 3.07080350e-1 -4.63060351e+0
122 2.99681660e-1 -4.54400805e+0
124 2.92583048e-1 -4.45988264e+0
126 2.85768159e-1 -4.37810940e+0
128 2.79221779e-1 -4.29857759e+0
130 2.72929749e-1 -4.22118311e+0
132 2.66878872e-1 -4.14582797e+0
134 2.61056834e-1 -4.07241986e+0
136 2.55452141e-1 -4.00087174e+0
138 2.50054044e-1 -3.93110143e+0
140 2.44852491e-1 -3.86303130e+0
142 2.39838065e-1 -3.79658796e+0
144 2.35001942e-1 -3.73170190e+0
146 2.30335845e-1 -3.66830733e+0
148 2.25832005e-1 -3.60634183e+0
150 2.21483120e-1 -3.54574619e+0
152 2.17282329e-1 -3.48646418e+0
154 2.13223174e-1 -3.42844234e+0
156 2.09299576e-1 -3.37162983e+0
158 2.05505810e-1 -3.31597826e+0
160 2.01836477e-1 -3.26144151e+0
162 1.98286486e-1 -3.20797561e+0
164 1.94851033e-1 -3.15553861e+0
166 1.91525581e-1 -3.10409046e+0
168 1.88305847e-1 -3.05359286e+0
170 1.85187780e-1 -3.00400920e+0
172 1.82167552e-1 -2.95530444e+0
174 1.79241542e-1 -2.90744501e+0
176 1.76406326e-1 -2.86039874e+0
178 1.73658661e-1 -2.81413477e+0
180 1.70995479e-1 -2.76862348e+0
182 1.68413873e-1 -2.72383638e+0
184 1.65911094e-1 -2.67974613e+0
186 1.63484535e-1 -2.63632639e+0
188 1.61131728e-1 -2.59355180e+0
190 1.58850337e-1 -2.55139793e+0
192 1.56638149e-1 -2.50984121e+0
194 1.54493067e-1 -2.46885889e+0
196 1.52413107e-1 -2.42842899e+0
198 1.50396394e-1 -2.38853028e+0
200 1.48441149e-1 -2.34914218e+0
202 1.46545695e-1 -2.31024479e+0
204 1.44708444e-1 -2.27181880e+0
206 1.42927899e-1 -2.23384549e+0
208 1.41202646e-1 -2.19630668e+0
210 1.39531355e-1 -2.15918467e+0
212 1.37912771e-1 -2.12246228e+0
214 1.36345718e-1 -2.08612275e+0
216 1.34829091e-1 -2.05014976e+0
218 1.33361856e-1 -2.01452736e+0
220 1.31943050e-1 -1.97923998e+0
222 1.30571772e-1 -1.94427241e+0
224 1.29247190e-1 -1.90960972e+0
226 1.27968533e-1 -1.87523731e+0
228 1.26735092e-1 -1.84114084e+0
230 1.25546221e-1 -1.80730622e+0
232 1.24401331e-1 -1.77371959e+0
234 1.23299893e-1 -1.74036729e+0
236 1.22241438e-1 -1.70723586e+0
238 1.21225553e-1 -1.67431200e+0
240 1.20251883e-1 -1.64158257e+0
242 1.19320131e-1 -1.60903456e+0
244 1.18430057e-1 -1.57665504e+0
246 1.17581480e-1 -1.54443120e+0
248 1.16774276e-1 -1.51235029e+0
250 1.16008382e-1 -1.48039962e+0
252 1.15283792e-1 -1.44856653e+0
254 1.14600562e-1 -1.41683836e+0
256 1.13958812e-1 -1.38520245e+0
258 1.13358723e-1 -1.35364614e+0
260 1.12800541e-1 -1.32215669e+0
262 1.12284582e-1 -1.29072131e+0
264 1.11811229e-1 -1.25932713e+0
266 1.11380937e-1 -1.22796115e+0
268 1.10994237e-1 -1.19661025e+0
270 1.10651736e-1 -1.16526117e+0
272 1.10354123e-1 -1.13390045e+0
274 1.10102172e-1 -1.10251446e+0
276 1.09896745e-1 -1.07108930e+0
278 1.09738801e-1 -1.03961085e+0
280 1.09629393e-1 -1.00806470e+0
282 1.09569682e-1 -9.76436132e-1
284 1.09560937e-1 -9.44710071e-1
286 1.09604546e-1 -9.12871083e-1
288 1.09702020e-1 -8.80903324e-1
290 1.09855004e-1 -8.48790501e-1
292 1.10065283e-1 -8.16515841e-1
294 1.10334794e-1 -7.84062047e-1
296 1.10665635e-1 -7.51411252e-1
298 1.11060077e-1 -7.18544980e-1
300 1.11520577e-1 -6.85444085e-1
302 1.12049794e-1 -6.52088711e-1
304 1.12650601e-1 -6.18458222e-1
306 1.13326104e-1 -5.84531151e-1
308 1.14079660e-1 -5.50285130e-1
310 1.14914899e-1 -5.15696817e-1
312 1.15835743e-1 -4.80741824e-1
314 1.16846438e-1 -4.45394629e-1
316 1.17951575e-1 -4.09628491e-1
318 1.19156124e-1 -3.73415352e-1
320 1.20465468e-1 -3.36725729e-1
322 1.21885440e-1 -2.99528600e-1
324 1.23422366e-1 -2.61791281e-1
326 1.25083112e-1 -2.23479291e-1
328 1.26875134e-1 -1.84556198e-1
330 1.28806540e-1 -1.44983462e-1
332 1.30886153e-1 -1.04720251e-1
334 1.33123582e-1 -6.37232512e-2
336 1.35529309e-1 -2.19464499e-2
338 1.38114777e-1 2.06591025e-2
340 1.40892495e-1 6.41455519e-2
342 1.43876156e-1 1.08568529e-1
344 1.47080768e-1 1.53987466e-1
346 1.50522804e-1 2.00465955e-1
348 1.54220374e-1 2.48072134e-1
350 1.58193417e-1 2.96879126e-1
352 1.62463921e-1 3.46965526e-1
354 1.67056178e-1 3.98415943e-1
356 1.71997075e-1 4.51321605e-1
358 1.77316422e-1 5.05781044e-1
360 1.83047339e-1 5.61900857e-1
362 1.89226699e-1 6.19796572e-1
364 1.95895639e-1 6.79593615e-1
366 2.03100164e-1 7.41428414e-1
368 2.10891833e-1 8.05449645e-1
370 2.19328585e-1 8.71819650e-1
372 2.28475689e-1 9.40716050e-1
374 2.38406871e-1 1.01233360e+0
376 2.49205654e-1 1.08688629e+0
378 2.60966936e-1 1.16460979e+0
380 2.73798881e-1 1.24576426e+0
382 2.87825182e-1 1.33063757e+0
384 3.03187781e-1 1.41954904e+0
386 3.20050162e-1 1.51285389e+0
388 3.38601344e-1 1.61094823e+0
390 3.59060768e-1 1.71427511e+0
392 3.81684291e-1 1.82333152e+0
394 4.06771596e-1 1.93867662e+0
396 4.34675403e-1 2.06094160e+0
398 4.65812988e-1 2.19084121e+0
400 5.00680708e-1 2.32918763e+0
402 5.39872426e-1 2.47690698e+0
404 5.84103085e-1 2.63505912e+0
406 6.34239104e-1 2.80486136e+0
408 6.91337923e-1 2.98771703e+0
410 7.56699930e-1 3.18524985e+0
412 8.31937311e-1 3.39934516e+0
414 9.19066294e-1 3.63219924e+0
416 1.02063211e+0 3.88637783e+0
418 1.13988022e+0 4.16488436e+0
420 1.28099389e+0 4.47123716e+0
422 1.44942789e+0 4.80955191e+0
424 1.65238338e+0 5.18461915e+0
426 1.89949261e+0 5.60195306e+0
428 2.20381814e+0 6.06776012e+0
430 2.58332673e+0 6.58871873e+0
432 3.06307821e+0 7.17134240e+0
434 3.67847312e+0 7.82045172e+0
436 4.47998860e+0 8.53576567e+0
438 5.53971823e+0 9.30456248e+0
440 6.95907229e+0 1.00862804e+1
442 8.87317546e+0 1.07814035e+1
444 1.14354545e+1 1.11737404e+1
446 1.47361873e+1 1.08456408e+1
448 1.85706353e+1 9.13872386e+0
450 2.20673033e+1 5.42615946e+0
452 2.37192462e+1 -5.33561896e-2
454 2.25876926e+1 -5.69031071e+0
456 1.94029357e+1 -9.75463049e+0
458 1.56636554e+1 -1.18156759e+1
460 1.23364552e+1 -1.24148656e+1
462 9.70222984e+0 -1.22098095e+1
464 7.70773046e+0 -1.16409997e+1
466 6.21338322e+0 -1.09453981e+1
468 5.08785661e+0 -1.02367642e+1
470 4.22980919e+0 -9.56469330e+0
472 3.56606066e+0 -8.94755917e+0
474 3.04484044e+0 -8.38921898e+0
476 2.62956247e+0 -7.88716302e+0
478 2.29416854e+0 -7.43640763e+0
480 2.01987826e+0 -7.03131213e+0
482 1.79297378e+0 -6.66639055e+0
484 1.60329610e+0 -6.33663987e+0
486 1.44321938e+0 -6.03763950e+0
488 1.30694470e+0 -5.76554638e+0
490 1.19000805e+0 -5.51704646e+0
492 1.08893330e+0 -5.28929168e+0
494 1.00098443e+0 -5.07983613e+0
496 9.23986247e-1 -4.88657710e+0
498 8.56193232e-1 -4.70770320e+0
500 7.96192445e-1 -4.54164975e+0
502 7.42830849e-1 -4.38706106e+0
504 6.95160361e-1 -4.24275857e+0
506 6.52395889e-1 -4.10771428e+0
508 6.13882998e-1 -3.98102843e+0
510 5.79072780e-1 -3.86191083e+0
512 5.47502146e-1 -3.74966518e+0
514 5.18778276e-1 -3.64367598e+0
516 4.92566232e-1 -3.54339736e+0
518 4.68579048e-1 -3.44834377e+0
520 4.46569726e-1 -3.35808202e+0
522 4.26324756e-1 -3.27222455e+0
524 4.07658815e-1 -3.19042366e+0
526 3.90410423e-1 -3.11236656e+0
528 3.74438358e-1 -3.03777122e+0
530 3.59618685e-1 -2.96638265e+0
532 3.45842276e-1 -2.89796981e+0
534 3.33012737e-1 -2.83232286e+0
536 3.21044670e-1 -2.76925083e+0
538 3.09862200e-1 -2.70857953e+0
540 2.99397725e-1 -2.65014977e+0
542 2.89590863e-1 -2.59381576e+0
544 2.80387541e-1 -2.53944376e+0
546 2.71739225e-1 -2.48691087e+0
548 2.63602247e-1 -2.43610389e+0
550 2.55937239e-1 -2.38691845e+0
552 2.48708628e-1 -2.33925813e+0
554 2.41884210e-1 -2.29303368e+0
556 2.35434776e-1 -2.24816244e+0
558 2.29333778e-1 -2.20456765e+0
560 2.23557053e-1 -2.16217798e+0
562 2.18082565e-1 -2.12092703e+0
564 2.12890186e-1 -2.08075292e+0
566 2.07961506e-1 -2.04159787e+0
568 2.03279656e-1 -2.00340791e+0
570 1.98829161e-1 -1.96613250e+0
572 1.94595802e-1 -1.92972430e+0
574 1.90566501e-1 -1.89413889e+0
576 1.86729211e-1 -1.85933457e+0
578 1.83072821e-1 -1.82527208e+0
580 1.79587076e-1 -1.79191448e+0
582 1.76262497e-1 -1.75922695e+0
584 1.73090313e-1 -1.72717662e+0
586 1.70062402e-1 -1.69573243e+0
588 1.67171238e-1 -1.66486499e+0
590 1.64409836e-1 -1.63454650e+0
592 1.61771712e-1 -1.60475058e+0
594 1.59250843e-1 -1.57545219e+0
596 1.56841625e-1 -1.54662755e+0
598 1.54538850e-1 -1.51825402e+0
600 1.52337665e-1 -1.49031007e+0
602 1.50233554e-1 -1.46277515e+0
604 1.48222309e-1 -1.43562966e+0
606 1.46300008e-1 -1.40885486e+0
608 1.44462994e-1 -1.38243282e+0
610 1.42707859e-1 -1.35634640e+0
612 1.41031427e-1 -1.33057912e+0
614 1.39430733e-1 -1.30511520e+0
616 1.37903018e-1 -1.27993945e+0
618 1.36445709e-1 -1.25503726e+0
620 1.35056408e-1 -1.23039455e+0
622 1.33732886e-1 -1.20599776e+0
624 1.32473070e-1 -1.18183376e+0
626 1.31275032e-1 -1.15788987e+0
628 1.30136984e-1 -1.13415382e+0
630 1.29057271e-1 -1.11061369e+0
632 1.28034362e-1 -1.08725792e+0
634 1.27066844e-1 -1.06407528e+0
636 1.26153419e-1 -1.04105480e+0
638 1.25292897e-1 -1.01818583e+0
640 1.24484189e-1 -9.95457934e-1
642 1.23726310e-1 -9.72860922e-1
644 1.23018366e-1 -9.50384810e-1
646 1.22359558e-1 -9.28019806e-1
648 1.21749179e-1 -9.05756287e-1
650 1.21186604e-1 -8.83584784e-1
652 1.20671298e-1 -8.61495967e-1
654 1.20202806e-1 -8.39480621e-1
656 1.19780755e-1 -8.17529636e-1
658 1.19404855e-1 -7.95633989e-1
660 1.19074893e-1 -7.73784726e-1
662 1.18790735e-1 -7.51972949e-1
664 1.18552326e-1 -7.30189798e-1
666 1.18359692e-1 -7.08426440e-1
668 1.18212935e-1 -6.86674049e-1
670 1.18112237e-1 -6.64923793e-1
672 1.18057862e-1 -6.43166819e-1
674 1.18050154e-1 -6.21394237e-1
676 1.18089540e-1 -5.99597103e-1
678 1.18176534e-1 -5.77766408e-1
680 1.18311735e-1 -5.55893057e-1
682 1.18495832e-1 -5.33967854e-1
684 1.18729607e-1 -5.11981486e-1
686 1.19013937e-1 -4.89924507e-1
688 1.19349800e-1 -4.67787317e-1
690 1.19738276e-1 -4.45560146e-1
692 1.20180554e-1 -4.23233035e-1
694 1.20677935e-1 -4.00795814e-1
696 1.21231840e-1 -3.78238086e-1
698 1.21843815e-1 -3.55549198e-1
700 1.22515537e-1 -3.32718226e-1
702 1.23248823e-1 -3.09733948e-1
704 1.24045637e-1 -2.86584816e-1
706 1.24908099e-1 -2.63258935e-1
708 1.25838497e-1 -2.39744032e-1
710 1.26839295e-1 -2.16027426e-1
712 1.27913145e-1 -1.92095998e-1
714 1.29062902e-1 -1.67936156e-1
716 1.30291638e-1 -1.43533802e-1
718 1.31602654e-1 -1.18874291e-1
720 1.32999503e-1 -9.39423919e-2
722 1.34486004e-1 -6.87222433e-2
724 1.36066264e-1 -4.31973077e-2
726 1.37744699e-1 -1.73503208e-2
728 1.39526065e-1 8.83676212e-3
730 1.41415477e-1 3.53828244e-2
732 1.43418445e-1 6.23076505e-2
734 1.45540905e-1 8.96319930e-2
736 1.47789255e-1 1.17377647e-1
738 1.50170400e-1 1.45567526e-1
740 1.52691791e-1 1.74225752e-1
742 1.55361478e-1 2.03377744e-1
744 1.58188167e-1 2.33050324e-1
746 1.61181276e-1 2.63271820e-1
748 1.64351012e-1 2.94072194e-1
750 1.67708437e-1 3.25483164e-1
752 1.71265562e-1 3.57538356e-1
754 1.75035437e-1 3.90273453e-1
756 1.79032262e-1 4.23726368e-1
758 1.83271502e-1 4.57937435e-1
760 1.87770024e-1 4.92949612e-1
762 1.92546250e-1 5.28808709e-1
764 1.97620327e-1 5.65563639e-1
766 2.03014320e-1 6.03266692e-1
768 2.08752431e-1 6.41973843e-1
770 2.14861251e-1 6.81745088e-1
772 2.21370039e-1 7.22644817e-1
774 2.28311051e-1 7.64742233e-1
776 2.35719904e-1 8.08111811e-1
778 2.43636005e-1 8.52833814e-1
780 2.52103035e-1 8.98994866e-1
782 2.61169512e-1 9.46688594e-1
784 2.70889441e-1 9.96016346e-1
786 2.81323061e-1 1.04708799e+0
788 2.92537729e-1 1.10002284e+0
790 3.04608928e-1 1.15495062e+0
792 3.17621468e-1 1.21201266e+0
794 3.31670880e-1 1.27136318e+0
796 3.46865068e-1 1.33317070e+0
798 3.63326254e-1 1.39761973e+0
800 3.81193293e-1 1.46491264e+0
802 4.00624422e-1 1.53527172e+0
804 4.21800557e-1 1.60894165e+0
806 4.44929247e-1 1.68619213e+0
808 4.70249445e-1 1.76732106e+0
810 4.98037295e-1 1.85265793e+0
812 5.28613173e-1 1.94256786e+0
814 5.62350310e-1 2.03745600e+0
816 5.99685400e-1 2.13777255e+0
818 6.41131717e-1 2.24401836e+0
820 6.87295440e-1 2.35675105e+0
822 7.38896063e-1 2.47659176e+0
824 7.96792088e-1 2.60423217e+0
826 8.62013545e-1 2.74044179e+0
828 9.35803418e-1 2.88607468e+0
830 1.01967073e+0 3.04207503e+0
832 1.11545896e+0 3.20947974e+0
834 1.22543479e+0 3.38941559e+0
836 1.35240369e+0 3.58308652e+0
838 1.49986122e+0 3.79174388e+0
840 1.67219146e+0 4.01662774e+0
842 1.87492741e+0 4.25885953e+0
844 2.11509105e+0 4.51925358e+0
846 2.40163252e+0 4.79799377e+0
848 2.74598355e+0 5.09408658e+0
850 3.16272121e+0 5.40444625e+0
852 3.67028264e+0 5.72238088e+0
854 4.29153495e+0 6.03512742e+0
856 5.05369767e+0 6.31994851e+0
858 5.98648361e+0 6.53827244e+0
860 7.11617901e+0 6.62780191e+0
862 8.45179582e+0 6.49437621e+0
864 9.95879317e+0 6.01028056e+0
866 1.15211325e+1 5.03428516e+0
868 1.29121114e+1 3.47325830e+0
870 1.38244644e+1 1.38054106e+0
872 1.39996244e+1 -9.82430362e-1
874 1.33882178e+1 -3.22477322e+0
876 1.21836901e+1 -5.01915327e+0
878 1.06913819e+1 -6.23513223e+0
880 9.17384105e+0 -6.92001287e+0
882 7.78619217e+0 -7.20291037e+0
884 6.58990732e+0 -7.21755507e+0
886 5.59040933e+0 -7.06928867e+0
888 4.76764598e+0 -6.83072102e+0
890 4.09377851e+0 -6.54821813e+0
892 3.54146866e+0 -6.24992367e+0
894 3.08697099e+0 -5.95220547e+0
896 2.71078519e+0 -5.66411945e+0
898 2.39732523e+0 -5.39029506e+0
900 2.13428634e+0 -5.13273612e+0
902 1.91199439e+0 -4.89192382e+0
904 1.72283914e+0 -4.66748485e+0
906 1.56081389e+0 -4.45859246e+0
908 1.42115404e+0 -4.26420496e+0
910 1.30005802e+0 -4.08320530e+0
912 1.19447344e+0 -3.91448092e+0
914 1.10193344e+0 -3.75696728e+0
916 1.02043136e+0 -3.60966983e+0
918 9.48324443e-1 -3.47167300e+0
920 8.84259443e-1 -3.34214180e+0
922 8.27114907e-1 -3.22031912e+0
924 7.75956124e-1 -3.10552090e+0
926 7.29999735e-1 -2.99713028e+0
928 6.88585793e-1 -2.89459148e+0
930 6.51155550e-1 -2.79740373e+0
932 6.17233708e-1 -2.70511560e+0
934 5.86414152e-1 -2.61731977e+0
936 5.58348416e-1 -2.53364821e+0
938 5.32736315e-1 -2.45376789e+0
940 5.09318289e-1 -2.37737700e+0
942 4.87869122e-1 -2.30420146e+0
944 4.68192764e-1 -2.23399193e+0
946 4.50118035e-1 -2.16652111e+0
948 4.33495062e-1 -2.10158135e+0
950 4.18192293e-1 -2.03898259e+0
952 4.04094002e-1 -1.97855044e+0
954 3.91098185e-1 -1.92012455e+0
956 3.79114785e-1 -1.86355712e+0
958 3.68064192e-1 -1.80871163e+0
960 3.57875968e-1 -1.75546164e+0
962 3.48487764e-1 -1.70368976e+0
964 3.39844399e-1 -1.65328672e+0
966 3.31897071e-1 -1.60415054e+0
968 3.24602690e-1 -1.55618576e+0
970 3.17923305e-1 -1.50930277e+0
972 3.11825619e-1 -1.46341721e+0
974 3.06280581e-1 -1.41844937e+0
976 3.01263039e-1 -1.37432372e+0
978 2.96751452e-1 -1.33096844e+0
980 2.92727656e-1 -1.28831496e+0
982 2.89176678e-1 -1.24629756e+0
984 2.86086585e-1 -1.20485303e+0
986 2.83448385e-1 -1.16392030e+0
988 2.81255964e-1 -1.12344013e+0
990 2.79506051e-1 -1.08335474e+0
992 2.78198237e-1 -1.04360759e+0
994 2.77335022e-1 -1.00414304e+0
996 2.76921905e-1 -9.64906081e-1
998 2.76967522e-1 -9.25842064e-1
1000 2.77483820e-1 -8.86896439e-1
1002 2.78486298e-1 -8.48014477e-1
1004 2.79994290e-1 -8.09141017e-1
1006 2.82031329e-1 -7.70220201e-1
1008 2.84625571e-1 -7.31195214e-1
1010 2.87810321e-1 -6.92008026e-1
1012 2.91624646e-1 -6.52599143e-1
1014 2.96114123e-1 -6.12907359e-1
1016 3.01331709e-1 -5.72869525e-1
1018 3.07338795e-1 -5.32420340e-1
1020 3.14206445e-1 -4.91492175e-1
1022 3.22016877e-1 -4.50014946e-1
1024 3.30865225e-1 -4.07916066e-1
1026 3.40861637e-1 -3.65120506e-1
1028 3.52133786e-1 -3.21551011e-1
1030 3.64829856e-1 -2.77128548e-1
1032 3.79122129e-1 -2.31773065e-1
1034 3.95211255e-1 -1.85404709e-1
1036 4.13331373e-1 -1.37945662e-1
1038 4.33756206e-1 -8.93228683e-2
1040 4.56806321e-1 -3.94719803e-2
1042 4.82857715e-1 1.16569754e-2
1044 5.12351902e-1 6.40915587e-2
1046 5.45807584e-1 1.17825571e-1
1048 5.83833908e-1 1.72803139e-1
1050 6.27145018e-1 2.28896506e-1
1052 6.76575161e-1 2.85875200e-1
1054 7.33092757e-1 3.43363564e-1
1056 7.97810435e-1 4.00782761e-1
1058 8.71985673e-1 4.57272728e-1
1060 9.57002994e-1 5.11589245e-1
1062 1.05432304e+0 5.61972504e-1
1064 1.16537603e+0 6.05987712e-1
1066 1.29136742e+0 6.40348466e-1
1068 1.43295503e+0 6.60754086e-1
1070 1.58975625e+0 6.61807743e-1
1072 1.75966844e+0 6.37134297e-1
1074 1.93805831e+0 5.79872600e-1
1076 2.11702271e+0 4.83733165e-1
1078 2.28512707e+0 3.44703472e-1
1080 2.42817370e+0 1.63159753e-1
1082 2.53139970e+0 -5.43583931e-2
1084 2.58285461e+0 -2.94810346e-1
1086 2.57677454e+0 -5.40539458e-1
1088 2.51531965e+0 -7.73033067e-1
1090 2.40773527e+0 -9.76999238e-1
1092 2.26745019e+0 -1.14300308e+0
1094 2.10863047e+0 -1.26789915e+0
1096 1.94356974e+0 -1.35353934e+0
1098 1.78144598e+0 -1.40480129e+0
1100 1.62822246e+0 -1.42779336e+0
1102 1.48718453e+0 -1.42861678e+0
1104 1.35967311e+0 -1.41269540e+0
1106 1.24576186e+0 -1.38452055e+0
1108 1.14478116e+0 -1.34764124e+0
1110 1.05568184e+0 -1.30477206e+0
1112 9.77267922e-1 -1.25794020e+0
1114 9.08334922e-1 -1.20863116e+0
1116 8.47745225e-1 -1.15791545e+0
1118 7.94464025e-1 -1.10655167e+0
1120 7.47571758e-1 -1.05506704e+0
1122 7.06263367e-1 -1.00381869e+0
1124 6.69840777e-1 -9.53039579e-1
1126 6.37702363e-1 -9.02872599e-1
1128 6.09331590e-1 -8.53395615e-1
1130 5.84285971e-1 -8.04639837e-1
1132 5.62186928e-1 -7.56603218e-1
1134 5.42710781e-1 -7.09260195e-1
1136 5.25580902e-1 -6.62568749e-1
1138 5.10560981e-1 -6.16475493e-1
1140 4.97449294e-1 -5.70919317e-1
1142 4.86073869e-1 -5.25833980e-1
1144 4.76288408e-1 -4.81149916e-1
1146 4.67968883e-1 -4.36795475e-1
1148 4.61010689e-1 -3.92697745e-1
1150 4.55326285e-1 -3.48783057e-1
1152 4.50843237e-1 -3.04977264e-1
1154 4.47502624e-1 -2.61205852e-1
1156 4.45257731e-1 -2.17393916e-1
1158 4.44073022e-1 -1.73466047e-1
1160 4.43923329e-1 -1.29346137e-1
1162 4.44793255e-1 -8.49571317e-2
1164 4.46676765e-1 -4.02207366e-2
1166 4.49576945e-1 4.94292167e-3
1168 4.53505930e-1 5.06156613e-2
1170 4.58484998e-1 9.68816444e-2
1172 4.64544816e-1 1.43827803e-1
1174 4.71725865e-1 1.91544293e-1
1176 4.80079040e-1 2.40124971e-1
1178 4.89666439e-1 2.89667894e-1
1180 5.00562372e-1 3.40275849e-1
1182 5.12854612e-1 3.92056892e-1
1184 5.26645923e-1 4.45124909e-1
1186 5.42055906e-1 4.99600176e-1
1188 5.59223227e-1 5.55609922e-1
1190 5.78308286e-1 6.13288860e-1
1192 5.99496417e-1 6.72779672e-1
1194 6.23001717e-1 7.34233403e-1
1196 6.49071629e-1 7.97809708e-1
1198 6.77992448e-1 8.63676884e-1
1200 7.10095914e-1 9.32011547e-1
1202 7.45767153e-1 1.00299784e+0
1204 7.85454228e-1 1.07682588e+0
1206 8.29679649e-1 1.15368923e+0
1208 8.79054255e-1 1.23378086e+0
1210 9.34293958e-1 1.31728695e+0
1212 9.96239908e-1 1.40437784e+0
1214 1.06588272e+0 1.49519457e+0
1216 1.14439146e+0 1.58982959e+0
1218 1.23314793e+0 1.68829888e+0
1220 1.33378693e+0 1.79050210e+0
1222 1.44824213e+0 1.89616594e+0
1224 1.57879681e+0 2.00476371e+0
1226 1.72813630e+0 2.11540203e+0
1228 1.89939554e+0 2.22666200e+0
1230 2.09618884e+0 2.33637902e+0
1232 2.32259813e+0 2.44134210e+0
1234 2.58307865e+0 2.53689307e+0
1236 2.88221395e+0 2.61641323e+0
1238 3.22421466e+0 2.67070871e+0
1240 3.61201078e+0 2.68736375e+0
1242 4.04575597e+0 2.65024694e+0
1244 4.52059621e+0 2.53955215e+0
1246 5.02375946e+0 2.33301852e+0
1248 5.53153983e+0 2.00916934e+0
1250 6.00762768e+0 1.55318478e+0
1252 6.40510521e+0 9.64860164e-1
1254 6.67418928e+0 2.65871668e-1
1256 6.77518428e+0 -4.98423061e-1
1258 6.69169366e+0 -1.26642438e+0
1260 6.43675912e+0 -1.97550495e+0
1262 6.04799279e+0 -2.57776328e+0
1264 5.57483207e+0 -3.04864306e+0
1266 5.06517592e+0 -3.38612716e+0
1268 4.55687657e+0 -3.60384244e+0
1270 4.07512608e+0 -3.72295818e+0
1272 3.63382830e+0 -3.76597330e+0
1274 3.23856685e+0 -3.75316912e+0
1276 2.88958874e+0 -3.70119137e+0
1278 2.58413823e+0 -3.62291182e+0
1280 2.31804107e+0 -3.52788954e+0
1282 2.08667523e+0 -3.42301825e+0
1284 1.88551229e+0 -3.31315502e+0
1286 1.71038577e+0 -3.20165057e+0
1288 1.55759788e+0 -3.09076542e+0
1290 1.42393716e+0 -2.98198304e+0
1292 1.30665096e+0 -2.87623942e+0
1294 1.20339808e+0 -2.77408878e+0
1296 1.11219562e+0 -2.67582175e+0
1298 1.03136721e+0 -2.58154927e+0
1300 9.59495889e-1 -2.49126161e+0
1302 8.95382771e-1 -2.40486990e+0
1304 8.38011757e-1 -2.32223509e+0
1306 7.86519688e-1 -2.24318809e+0
1308 7.40171394e-1 -2.16754367e+0
1310 6.98338915e-1 -2.09510996e+0
1312 6.60484252e-1 -2.02569482e+0
1314 6.26145055e-1 -1.95911008e+0
1316 5.94922751e-1 -1.89517414e+0
1318 5.66472685e-1 -1.83371367e+0
1320 5.40495916e-1 -1.77456437e+0
1322 5.16732374e-1 -1.71757143e+0
1324 4.94955155e-1 -1.66258946e+0
1326 4.74965726e-1 -1.60948230e+0
1328 4.56589907e-1 -1.55812270e+0
1330 4.39674485e-1 -1.50839181e+0
1332 4.24084349e-1 -1.46017871e+0
1334 4.09700069e-1 -1.41337992e+0
1336 3.96415837e-1 -1.36789884e+0
1338 3.84137710e-1 -1.32364528e+0
1340 3.72782113e-1 -1.28053496e+0
1342 3.62274556e-1 -1.23848904e+0
1344 3.52548529e-1 -1.19743370e+0
1346 3.43544560e-1 -1.15729975e+0
1348 3.35209386e-1 -1.11802219e+0
1350 3.27495254e-1 -1.07953993e+0
1352 3.20359303e-1 -1.04179542e+0
1354 3.13763031e-1 -1.00473434e+0
1356 3.07671832e-1 -9.68305350e-1
1358 3.02054593e-1 -9.32459825e-1
1360 2.96883337e-1 -8.97151595e-1
1362 2.92132920e-1 -8.62336740e-1
1364 2.87780758e-1 -8.27973378e-1
1366 2.83806592e-1 -7.94021476e-1
1368 2.80192282e-1 -7.60442671e-1
1370 2.76921623e-1 -7.27200105e-1
1372 2.73980192e-1 -6.94258270e-1
1374 2.71355207e-1 -6.61582859e-1
1376 2.69035404e-1 -6.29140633e-1
1378 2.67010940e-1 -5.96899292e-1
1380 2.65273296e-1 -5.64827349e-1
1382 2.63815203e-1 -5.32894015e-1
1384 2.62630578e-1 -5.01069087e-1
1386 2.61714464e-1 -4.69322841e-1
1388 2.61062994e-1 -4.37625925e-1
1390 2.60673346e-1 -4.05949262e-1
1392 2.60543724e-1 -3.74263947e-1
1394 2.60673338e-1 -3.42541150e-1
1396 2.61062389e-1 -3.10752019e-1
1398 2.61712077e-1 -2.78867585e-1
1400 2.62624595e-1 -2.46858661e-1
1402 2.63803152e-1 -2.14695747e-1
1404 2.65251992e-1 -1.82348928e-1
1406 2.66976422e-1 -1.49787772e-1
1408 2.68982855e-1 -1.16981224e-1
1410 2.71278854e-1 -8.38975007e-2
1412 2.73873194e-1 -5.05039694e-2
1414 2.76775927e-1 -1.67670358e-2
1416 2.79998466e-1 1.73479844e-2
1418 2.83553675e-1 5.18769961e-2
1420 2.87455977e-1 8.68572652e-2
1422 2.91721477e-1 1.22327567e-1
1424 2.96368100e-1 1.58328345e-1
1426 3.01415751e-1 1.94901881e-1
1428 3.06886496e-1 2.32092477e-1
1430 3.12804768e-1 2.69946652e-1
1432 3.19197600e-1 3.08513354e-1
1434 3.26094888e-1 3.47844186e-1
1436 3.33529697e-1 3.87993658e-1
1438 3.41538602e-1 4.29019452e-1
1440 3.50162082e-1 4.70982714e-1
1442 3.59444962e-1 5.13948369e-1
1444 3.69436928e-1 5.57985468e-1
1446 3.80193110e-1 6.03167557e-1
1448 3.91774754e-1 6.49573086e-1
1450 4.04249991e-1 6.97285850e-1
1452 4.17694726e-1 7.46395464e-1
1454 4.32193664e-1 7.96997886e-1
1456 4.47841495e-1 8.49195975e-1
1458 4.64744272e-1 9.03100097e-1
1460 4.83021015e-1 9.58828771e-1
1462 5.02805571e-1 1.01650936e+0
1464 5.24248806e-1 1.07627881e+0
1466 5.47521160e-1 1.13828440e+0
1468 5.72815662e-1 1.20268454e+0
1470 6.00351480e-1 1.26964957e+0
1472 6.30378125e-1 1.33936251e+0
1474 6.63180430e-1 1.41201980e+0
1476 6.99084488e-1 1.48783184e+0
1478 7.38464721e-1 1.56702344e+0
1480 7.81752353e-1 1.64983382e+0
1482 8.29445568e-1 1.73651621e+0
1484 8.82121728e-1 1.82733659e+0
1486 9.40452101e-1 1.92257150e+0
1488 1.00521964e+0 2.02250404e+0
1490 1.07734049e+0 2.12741772e+0
1492 1.15788994e+0 2.23758696e+0
1494 1.24813381e+0 2.35326281e+0
1496 1.34956624e+0 2.47465195e+0
1498 1.46395494e+0 2.60188605e+0
1500 1.59339488e+0 2.73497741e+0
1502 1.74037113e+0 2.87375513e+0
1504 1.90783044e+0 3.01777371e+0
1506 2.09925966e+0 3.16618279e+0
1508 2.31876528e+0 3.31754257e+0
1510 2.57114201e+0 3.46956431e+0
1512 2.86190692e+0 3.61874985e+0
1514 3.19725655e+0 3.75989981e+0
1516 3.58387302e+0 3.88546173e+0
1518 4.02845867e+0 3.98470661e+0
1520 4.53681526e+0 4.04277266e+0
1522 5.11221682e+0 4.03973070e+0
1524 5.75279973e+0 3.95004592e+0
1526 6.44782015e+0 3.74315949e+0
1528 7.17310184e+0 3.38631577e+0
1530 7.88702131e+0 2.85088835e+0
1532 8.52983565e+0 2.12261634e+0
1534 9.03002553e+0 1.21363798e+0
1536 9.31954871e+0 1.70571793e-1
1538 9.35431384e+0 -9.28629268e-1
1540 9.13000676e+0 -1.99173070e+0
1542 8.68357443e+0 -2.93645657e+0
1544 8.07944114e+0 -3.70951858e+0
1546 7.38916192e+0 -4.29226143e+0
1548 6.67490675e+0 -4.69418666e+0
1550 5.98159871e+0 -4.94127990e+0
1552 5.33653478e+0 -5.06535075e+0
1554 4.75293431e+0 -5.09706570e+0
1556 4.23442164e+0 -5.06258479e+0
1558 3.77888150e+0 -4.98263437e+0
1560 3.38122718e+0 -4.87286075e+0
1562 3.03516935e+0 -4.74468455e+0
1564 2.73424410e+0 -4.60623418e+0
1566 2.47235267e+0 -4.46317386e+0
1568 2.24400410e+0 -4.31937057e+0
1570 2.04438914e+0 -4.17740324e+0
1572 1.86936527e+0 -4.03893938e+0
1574 1.71539955e+0 -3.90500812e+0
1576 1.57949585e+0 -3.77619577e+0
1578 1.45912028e+0 -3.65278466e+0
1580 1.35213156e+0 -3.53485113e+0
1582 1.25671922e+0 -3.42233453e+0
1584 1.17135016e+0 -3.31508543e+0
1586 1.09472347e+0 -3.21289925e+0
1588 1.02573237e+0 -3.11553961e+0
1590 9.63432633e-1 -3.02275433e+0
1592 9.07016204e-1 -2.93428630e+0
1594 8.55789440e-1 -2.84988079e+0
1596 8.09155003e-1 -2.76929013e+0
1598 7.66596854e-1 -2.69227670e+0
1600 7.27667778e-1 -2.61861464e+0
1602 6.91978999e-1 -2.54809070e+0
1604 6.59191514e-1 -2.48050450e+0
1606 6.29008835e-1 -2.41566845e+0
1608 6.01170910e-1 -2.35340738e+0
1610 5.75449001e-1 -2.29355795e+0
1612 5.51641364e-1 -2.23596810e+0
1614 5.29569594e-1 -2.18049632e+0
1616 5.09075523e-1 -2.12701099e+0
1618 4.90018578e-1 -2.07538969e+0
1620 4.72273529e-1 -2.02551856e+0
1622 4.55728560e-1 -1.97729163e+0
1624 4.40283609e-1 -1.93061026e+0
1626 4.25848949e-1 -1.88538255e+0
1628 4.12343950e-1 -1.84152284e+0
1630 3.99696022e-1 -1.79895122e+0
1632 3.87839688e-1 -1.75759307e+0
1634 3.76715782e-1 -1.71737867e+0
1636 3.66270749e-1 -1.67824279e+0
1638 3.56456035e-1 -1.64012435e+0
1640 3.47227552e-1 -1.60296610e+0
1642 3.38545206e-1 -1.56671434e+0
1644 3.30372488e-1 -1.53131861e+0
1646 3.22676108e-1 -1.49673146e+0
1648 3.15425674e-1 -1.46290823e+0
1650 3.08593407e-1 -1.42980683e+0
1652 3.02153893e-1 -1.39738753e+0
1654 2.96083856e-1 -1.36561280e+0
1656 2.90361962e-1 -1.33444715e+0
1658 2.84968641e-1 -1.30385695e+0
1660 2.79885929e-1 -1.27381034e+0
1662 2.75097330e-1 -1.24427703e+0
1664 2.70587686e-1 -1.21522825e+0
1666 2.66343069e-1 -1.18663660e+0
1668 2.62350676e-1 -1.15847594e+0
1670 2.58598742e-1 -1.13072135e+0
1672 2.55076457e-1 -1.10334897e+0
1674 2.51773894e-1 -1.07633597e+0
1676 2.48681944e-1 -1.04966044e+0
1678 2.45792254e-1 -1.02330135e+0
1680 2.43097180e-1 -9.97238470e-1
1682 2.40589734e-1 -9.71452287e-1
1684 2.38263546e-1 -9.45923980e-1
1686 2.36112822e-1 -9.20635342e-1
1688 2.34132314e-1 -8.95568740e-1
1690 2.32317288e-1 -8.70707057e-1
1692 2.30663494e-1 -8.46033655e-1
1694 2.29167148e-1 -8.21532320e-1
1696 2.27824907e-1 -7.97187231e-1
1698 2.26633853e-1 -7.72982911e-1
1700 2.25591475e-1 -7.48904191e-1
1702 2.24695658e-1 -7.24936177e-1
1704 2.23944669e-1 -7.01064208e-1
1706 2.23337152e-1 -6.77273824e-1
1708 2.22872119e-1 -6.53550732e-1
1710 2.22548942e-1 -6.29880775e-1
1712 2.22367355e-1 -6.06249894e-1
1714 2.22327452e-1 -5.82644103e-1
1716 2.22429685e-1 -5.59049452e-1
1718 2.22674869e-1 -5.35451996e-1
1720 2.23064184e-1 -5.11837769e-1
1722 2.23599188e-1 -4.88192744e-1
1724 2.24281817e-1 -4.64502809e-1
1726 2.25114402e-1 -4.40753729e-1
1728 2.26099681e-1 -4.16931119e-1
1730 2.27240812e-1 -3.93020406e-1
1732 2.28541392e-1 -3.69006796e-1
1734 2.30005480e-1 -3.44875241e-1
1736 2.31637614e-1 -3.20610400e-1
1738 2.33442844e-1 -2.96196607e-1
1740 2.35426759e-1 -2.71617824e-1
1742 2.37595518e-1 -2.46857608e-1
1744 2.39955891e-1 -2.21899064e-1
1746 2.42515296e-1 -1.96724804e-1
1748 2.45281851e-1 -1.71316900e-1
1750 2.48264419e-1 -1.45656833e-1
1752 2.51472670e-1 -1.19725444e-1
1754 2.54917141e-1 -9.35028807e-2
1756 2.58609310e-1 -6.69685362e-2
1758 2.62561670e-1 -4.01009926e-2
1760 2.66787823e-1 -1.28779548e-2
1762 2.71302570e-1 1.47238171e-2
1764 2.76122025e-1 4.27285803e-2
1766 2.81263730e-1 7.11616858e-2
1768 2.86746796e-1 1.00049660e-1
1770 2.92592050e-1 1.29420289e-1
1772 2.98822202e-1 1.59302716e-1
1774 3.05462036e-1 1.89727529e-1
1776 3.12538618e-1 2.20726875e-1
1778 3.20081536e-1 2.52334558e-1
1780 3.28123165e-1 2.84586161e-1
1782 3.36698965e-1 3.17519162e-1
1784 3.45847818e-1 3.51173062e-1
1786 3.55612414e-1 3.85589518e-1
1788 3.66039677e-1 4.20812475e-1
1790 3.77181255e-1 4.56888309e-1
1792 3.89094073e-1 4.93865966e-1
1794 4.01840965e-1 5.31797107e-1
1796 4.15491384e-1 5.70736243e-1
1798 4.30122227e-1 6.10740868e-1
1800 4.45818760e-1 6.51871581e-1
1802 4.62675687e-1 6.94192182e-1
1804 4.80798374e-1 7.37769746e-1
1806 5.00304252e-1 7.82674651e-1
1808 5.21324425e-1 8.28980551e-1
1810 5.44005532e-1 8.76764269e-1
1812 5.68511882e-1 9.26105580e-1
1814 5.95027926e-1 9.77086852e-1
1816 6.23761105e-1 1.02979249e+0
1818 6.54945152e-1 1.08430814e+0
1820 6.88843899e-1 1.14071951e+0
1822 7.25755685e-1 1.19911082e+0
1824 7.66018452e-1 1.25956258e+0
1826 8.10015618e-1 1.32214864e+0
1828 8.58182838e-1 1.38693222e+0
1830 9.11015759e-1 1.45396064e+0
1832 9.69078859e-1 1.52325822e+0
1834 1.03301544e+0 1.59481696e+0
1836 1.10355880e+0 1.66858430e+0
1838 1.18154449e+0 1.74444683e+0
1840 1.26792340e+0 1.82220914e+0
1842 1.36377524e+0 1.90156604e+0
1844 1.47032137e+0 1.98206648e+0
1846 1.58893543e+0 2.06306682e+0
1848 1.72114915e+0 2.14367090e+0
1850 1.86864932e+0 2.22265383e+0
1852 2.03325943e+0 2.29836669e+0
1854 2.21689699e+0 2.36861985e+0
1856 2.42149306e+0 2.43054461e+0
1858 2.64885595e+0 2.48043724e+0
1860 2.90045581e+0 2.51359733e+0
1862 3.17710315e+0 2.52418596e+0
1864 3.47849568e+0 2.50514963e+0
1866 3.80262069e+0 2.44828438e+0
1868 4.14503377e+0 2.34454495e+0
1870 4.49809959e+0 2.18472517e+0
1872 4.85037907e+0 1.96061932e+0
1874 5.18646125e+0 1.66668322e+0
1876 5.48760732e+0 1.30201702e+0
1878 5.73349949e+0 8.72210919e-1
1880 5.90507961e+0 3.90351093e-1
1882 5.98795277e+0 -1.23511627e-1
1884 5.97535827e+0 -6.44710049e-1
1886 5.86963270e+0 -1.14766891e+0
1888 5.68159021e+0 -1.60986671e+0
1890 5.42808953e+0 -2.01482409e+0
1892 5.12873004e+0 -2.35338437e+0
1894 4.80275034e+0 -2.62330489e+0
1896 4.46684398e+0 -2.82773292e+0
1898 4.13408614e+0 -2.97328620e+0
1900 3.81377932e+0 -3.06828896e+0
1902 3.51187356e+0 -3.12143791e+0
1904 3.23164040e+0 -3.14094703e+0
1906 2.97437964e+0 -3.13409411e+0
1908 2.74004063e+0 -3.10705191e+0
1910 2.52771442e+0 -3.06489501e+0
1912 2.33599666e+0 -3.01169985e+0
1914 2.16324013e+0 -2.95068356e+0
1916 2.00772183e+0 -2.88434938e+0
1918 1.86774764e+0 -2.81462174e+0
1920 1.74171341e+0 -2.74296390e+0
1922 1.62813693e+0 -2.67047618e+0
1924 1.52567101e+0 -2.59797598e+0
1926 1.43310494e+0 -2.52606171e+0
1928 1.34935899e+0 -2.45516327e+0
1930 1.27347528e+0 -2.38558154e+0
1932 1.20460694e+0 -2.31751913e+0
1934 1.14200684e+0 -2.25110408e+0
1936 1.08501662e+0 -2.18640832e+0
1938 1.03305634e+0 -2.12346168e+0
1940 9.85615137e-1 -2.06226282e+0
1942 9.42242760e-1 -2.00278751e+0
1944 9.02542060e-1 -1.94499497e+0
1946 8.66162397e-1 -1.88883275e+0
1948 8.32793846e-1 -1.83424042e+0
1950 8.02162152e-1 -1.78115232e+0
1952 7.74024335e-1 -1.72949972e+0
1954 7.48164871e-1 -1.67921235e+0
1956 7.24392377e-1 -1.63021960e+0
1958 7.02536740e-1 -1.58245131e+0
1960 6.82446616e-1 -1.53583847e+0
1962 6.63987271e-1 -1.49031357e+0
1964 6.47038700e-1 -1.44581089e+0
1966 6.31493996e-1 -1.40226672e+0
1968 6.17257934e-1 -1.35961942e+0
1970 6.04245741e-1 -1.31780946e+0
1972 5.92382029e-1 -1.27677939e+0
1974 5.81599863e-1 -1.23647384e+0
1976 5.71839960e-1 -1.19683938e+0
1978 5.63049991e-1 -1.15782450e+0
1980 5.55183979e-1 -1.11937946e+0
1982 5.48201777e-1 -1.08145619e+0
1984 5.42068630e-1 -1.04400822e+0
1986 5.36754788e-1 -1.00699050e+0
1988 5.32235195e-1 -9.70359324e-1
1990 5.28489220e-1 -9.34072210e-1
1992 5.25500442e-1 -8.98087789e-1
1994 5.23256481e-1 -8.62365703e-1
1996 5.21748871e-1 -8.26866494e-1
1998 5.20972977e-1 -7.91551518e-1
2000 5.20927940e-1 -7.56382849e-1
2002 5.21616679e-1 -7.21323198e-1
2004 5.23045908e-1 -6.86335843e-1
2006 5.25226214e-1 -6.51384560e-1
2008 5.28172153e-1 -6.16433570e-1
2010 5.31902403e-1 -5.81447502e-1
2012 5.36439946e-1 -5.46391363e-1
2014 5.41812304e-1 -5.11230532e-1
2016 5.48051817e-1 -4.75930772e-1
2018 5.55195973e-1 -4.40458271e-1
2020 5.63287796e-1 -4.04779708e-1
2022 5.72376295e-1 -3.68862359e-1
2024 5.82516973e-1 -3.32674248e-1
2026 5.93772420e-1 -2.96184356e-1
2028 6.06212977e-1 -2.59362888e-1
2030 6.19917494e-1 -2.22181627e-1
2032 6.34974180e-1 -1.84614393e-1
2034 6.51481565e-1 -1.46637617e-1
2036 6.69549571e-1 -1.08231065e-1
2038 6.89300707e-1 -6.93787564e-2
2040 7.10871395e-1 -3.00700980e-2
2042 7.34413432e-1 9.69869542e-3
2044 7.60095587e-1 4.99228426e-2
2046 7.88105325e-1 9.05868163e-2
2048 8.18650652e-1 1.31661651e-1
2050 8.51962048e-1 1.73101624e-1
2052 8.88294426e-1 2.14840170e-1
2054 9.27929064e-1 2.56784871e-1
2056 9.71175361e-1 2.98811323e-1
2058 1.01837225e+0 3.40755664e-1
2060 1.06988903e+0 3.82405508e-1
2062 1.12612518e+0 4.23489009e-1
2064 1.18750874e+0 4.63661791e-1
2066 1.25449248e+0 5.02491466e-1
2068 1.32754690e+0 5.39439581e-1
2070 1.40714891e+0 5.73840944e-1
2072 1.49376443e+0 6.04880609e-1
2074 1.58782310e+0 6.31569229e-1
2076 1.68968250e+0 6.52718271e-1
2078 1.79957956e+0 6.66917651e-1
2080 1.91756630e+0 6.72519921e-1
2082 2.04342823e+0 6.67637106e-1
2084 2.17658502e+0 6.50158668e-1
2086 2.31597641e+0 6.17801449e-1
2088 2.45994136e+0 5.68204015e-1
2090 2.60610589e+0 4.99077374e-1
2092 2.75130393e+0 4.08419660e-1
2094 2.89156406e+0 2.94792116e-1
2096 3.02219961e+0 1.57636526e-1
2098 3.13803437e+0 -2.40836292e-3
2100 3.23377672e+0 -1.83256327e-1
2102 3.30451964e+0 -3.81265886e-1
2104 3.34629973e+0 -5.91342044e-1
2106 3.35661080e+0 -8.07276034e-1
2108 3.33475620e+0 -1.02229121e+0
2110 3.28195129e+0 -1.22970149e+0
2112 3.20114913e+0 -1.42355212e+0
2114 3.09663460e+0 -1.59911821e+0
2116 2.97348636e+0 -1.75318219e+0
2118 2.83702333e+0 -1.88407497e+0
2120 2.69233227e+0 -1.99152226e+0
2122 2.54393171e+0 -2.07636801e+0
2124 2.39558441e+0 -2.14025090e+0
2126 2.25023850e+0 -2.18529345e+0
2128 2.11006258e+0 -2.21384023e+0
2130 1.97653737e+0 -2.22825982e+0
2132 1.85057310e+0 -2.23080983e+0
2134 1.73263053e+0 -2.22355557e+0
2136 1.62283230e+0 -2.20833008e+0
2138 1.52105819e+0 -2.18672301e+0
2140 1.42702228e+0 -2.16008827e+0
2142 1.34033303e+0 -2.12956246e+0
2144 1.26053829e+0 -2.09608856e+0
2146 1.18715803e+0 -2.06044113e+0
2148 1.11970736e+0 -2.02325090e+0
2150 1.05771194e+0 -1.98502742e+0
2152 1.00071806e+0 -1.94617915e+0
2154 9.48298510e-1 -1.90703102e+0
2156 9.00055681e-1 -1.86783926e+0
2158 8.55622667e-1 -1.82880400e+0
2160 8.14663037e-1 -1.79007969e+0
2162 7.76869752e-1 -1.75178380e+0
2164 7.41963572e-1 -1.71400390e+0
2166 7.09691170e-1 -1.67680352e+0
2168 6.79823132e-1 -1.64022692e+0
2170 6.52151939e-1 -1.60430294e+0
2172 6.26490012e-1 -1.56904817e+0
2174 6.02667848e-1 -1.53446953e+0
2176 5.80532285e-1 -1.50056630e+0
2178 5.59944900e-1 -1.46733181e+0
2180 5.40780539e-1 -1.43475480e+0
2182 5.22925992e-1 -1.40282049e+0
2184 5.06278781e-1 -1.37151148e+0
2186 4.90746084e-1 -1.34080843e+0
2188 4.76243756e-1 -1.31069064e+0
2190 4.62695456e-1 -1.28113646e+0
2192 4.50031870e-1 -1.25212370e+0
2194 4.38190006e-1 -1.22362986e+0
2196 4.27112576e-1 -1.19563238e+0
2198 4.16747436e-1 -1.16810879e+0
2200 4.07047086e-1 -1.14103685e+0
2202 3.97968227e-1 -1.11439465e+0
2204 3.89471366e-1 -1.08816067e+0
2206 3.81520456e-1 -1.06231384e+0
2208 3.74082582e-1 -1.03683356e+0
2210 3.67127676e-1 -1.01169974e+0
2212 3.60628261e-1 -9.86892807e-1
2214 3.54559228e-1 -9.62393679e-1
2216 3.48897628e-1 -9.38183791e-1
2218 3.43622491e-1 -9.14245065e-1
2220 3.38714664e-1 -8.90559904e-1
2222 3.34156662e-1 -8.67111167e-1
2224 3.29932538e-1 -8.43882151e-1
2226 3.26027766e-1 -8.20856565e-1
2228 3.22429134e-1 -7.98018512e-1
2230 3.19124651e-1 -7.75352456e-1
2232 3.16103461e-1 -7.52843200e-1
2234 3.13355773e-1 -7.30475861e-1
2236 3.10872787e-1 -7.08235837e-1
2238 3.08646638e-1 -6.86108791e-1
2240 3.06670345e-1 -6.64080611e-1
2242 3.04937763e-1 -6.42137393e-1
2244 3.03443539e-1 -6.20265413e-1
2246 3.02183086e-1 -5.98451094e-1
2248 3.01152544e-1 -5.76680988e-1
2250 3.00348760e-1 -5.54941743e-1
2252 2.99769263e-1 -5.33220079e-1
2254 2.99412253e-1 -5.11502763e-1
2256 2.99276583e-1 -4.89776579e-1
2258 2.99361754e-1 -4.68028307e-1
2260 2.99667910e-1 -4.46244689e-1
2262 3.00195834e-1 -4.24412408e-1
2264 3.00946954e-1 -4.02518060e-1
2266 3.01923350e-1 -3.80548125e-1
2268 3.03127761e-1 -3.58488938e-1
2270 3.04563605e-1 -3.36326667e-1
2272 3.06234990e-1 -3.14047275e-1
2274 3.08146746e-1 -2.91636501e-1
2276 3.10304443e-1 -2.69079822e-1
2278 3.12714429e-1 -2.46362426e-1
2280 3.15383866e-1 -2.23469180e-1
2282 3.18320770e-1 -2.00384601e-1
2284 3.21534061e-1 -1.77092816e-1
2286 3.25033617e-1 -1.53577535e-1
2288 3.28830335e-1 -1.29822014e-1
2290 3.32936199e-1 -1.05809018e-1
2292 3.37364357e-1 -8.15207869e-2
2294 3.42129207e-1 -5.69389961e-2
2296 3.47246493e-1 -3.20447198e-2
2298 3.52733408e-1 -6.81839201e-3
2300 3.58608718e-1 1.87602332e-2
2302 3.64892887e-1 4.47121209e-2
2304 3.71608232e-1 7.10589946e-2
2306 3.78779077e-1 9.78233759e-2
2308 3.86431942e-1 1.25028622e-1
2310 3.94595743e-1 1.52698964e-1
2312 4.03302017e-1 1.80859537e-1
2314 4.12585177e-1 2.09536417e-1
2316 4.22482789e-1 2.38756641e-1
2318 4.33035890e-1 2.68548231e-1
2320 4.44289335e-1 2.98940201e-1
2322 4.56292196e-1 3.29962563e-1
2324 4.69098196e-1 3.61646305e-1
2326 4.82766201e-1 3.94023365e-1
2328 4.97360781e-1 4.27126573e-1
2330 5.12952819e-1 4.60989565e-1
2332 5.29620213e-1 4.95646665e-1
2334 5.47448658e-1 5.31132712e-1
2336 5.66532519e-1 5.67482840e-1
2338 5.86975822e-1 6.04732177e-1
2340 6.08893362e-1 6.42915458e-1
2342 6.32411943e-1 6.82066523e-1
2344 6.57671782e-1 7.22217684e-1
2346 6.84828071e-1 7.63398905e-1
2348 7.14052731e-1 8.05636779e-1
2350 7.45536370e-1 8.48953229e-1
2352 7.79490464e-1 8.93363882e-1
2354 8.16149767e-1 9.38876028e-1
2356 8.55774975e-1 9.85486067e-1
2358 8.98655631e-1 1.03317633e+0
2360 9.45113269e-1 1.08191111e+0
2362 9.95504756e-1 1.13163172e+0
2364 1.05022579e+0 1.18225040e+0
2366 1.10971442e+0 1.23364271e+0
2368 1.17445444e+0 1.28563821e+0
2370 1.24497842e+0 1.33800888e+0
2372 1.32186991e+0 1.39045511e+0
2374 1.40576436e+0 1.44258843e+0
2376 1.49734788e+0 1.49391079e+0
2378 1.59735276e+0 1.54378966e+0
2380 1.70654819e+0 1.59142864e+0
2382 1.82572419e+0 1.63583339e+0
2384 1.95566596e+0 1.67577304e+0
2386 2.09711528e+0 1.70973819e+0
2388 2.25071492e+0 1.73589763e+0
2390 2.41693115e+0 1.75205786e+0
2392 2.59594991e+0 1.75563231e+0
2394 2.78754249e+0 1.74363040e+0
2396 2.99089995e+0 1.71268121e+0
2398 3.20444041e+0 1.65911082e+0
2400 3.42560276e+0 1.57909555e+0
2402 3.65065374e+0 1.46891281e+0
2404 3.87455133e+0 1.32530346e+0
2406 4.09092375e+0 1.14594083e+0
2408 4.29223045e+0 9.29969433e-1
2410 4.47016132e+0 6.78535116e-1
2412 4.61629172e+0 3.95188054e-1
2414 4.72294385e+0 8.60224716e-2
2416 4.78412457e+0 -2.40557714e-1
2418 4.79634745e+0 -5.74480129e-1
2420 4.75913961e+0 -9.04971926e-1
2422 4.67509951e+0 -1.22166965e+0
2424 4.54949159e+0 -1.51563805e+0
2426 4.38948939e+0 -1.78009745e+0
2428 4.20325719e+0 -2.01075557e+0
2430 3.99906754e+0 -2.20575415e+0
2432 3.78459892e+0 -2.36532695e+0
2434 3.56647917e+0 -2.49130172e+0
2436 3.35007031e+0 -2.58656856e+0
2438 3.13944592e+0 -2.65460083e+0
2440 2.93749711e+0 -2.69907346e+0
2442 2.74610689e+0 -2.72358986e+0
2444 2.56634735e+0 -2.73150751e+0
2446 2.39866994e+0 -2.72584257e+0
2448 2.24307274e+0 -2.70923197e+0
2450 2.09923855e+0 -2.68393363e+0
2452 1.96664353e+0 -2.65184974e+0
2454 1.84463951e+0 -2.61456207e+0
2456 1.73251409e+0 -2.57337194e+0
2458 1.62953329e+0 -2.52934032e+0
2460 1.53497049e+0 -2.48332530e+0
2462 1.44812536e+0 -2.43601576e+0
2464 1.36833543e+0 -2.38796066e+0
2466 1.29498238e+0 -2.33959419e+0
2468 1.22749476e+0 -2.29125681e+0
2470 1.16534822e+0 -2.24321283e+0
2472 1.10806420e+0 -2.19566501e+0
2474 1.05520766e+0 -2.14876638e+0
2476 1.00638420e+0 -2.10263010e+0
2478 9.61236978e-1 -2.05733733e+0
2480 9.19443562e-1 -2.01294371e+0
2482 8.80712847e-1 -1.96948460e+0
2484 8.44782110e-1 -1.92697930e+0
2486 8.11414254e-1 -1.88543448e+0
2488 7.80395274e-1 -1.84484691e+0
2490 7.51531930e-1 -1.80520575e+0
2492 7.24649637e-1 -1.76649424e+0
2494 6.99590561e-1 -1.72869125e+0
2496 6.76211903e-1 -1.69177233e+0
2498 6.54384362e-1 -1.65571068e+0
2500 6.33990758e-1 -1.62047790e+0
2502 6.14924802e-1 -1.58604452e+0
2504 5.97090000e-1 -1.55238051e+0
2506 5.80398671e-1 -1.51945561e+0
2508 5.64771072e-1 -1.48723961e+0
2510 5.50134624e-1 -1.45570259e+0
2512 5.36423210e-1 -1.42481507e+0
2514 5.23576561e-1 -1.39454814e+0
2516 5.11539701e-1 -1.36487353e+0
2518 5.00262452e-1 -1.33576369e+0
2520 4.89698992e-1 -1.30719183e+0
2522 4.79807465e-1 -1.27913194e+0
2524 4.70549623e-1 -1.25155879e+0
2526 4.61890518e-1 -1.22444794e+0
2528 4.53798213e-1 -1.19777573e+0
2530 4.46243532e-1 -1.17151926e+0
2532 4.39199836e-1 -1.14565638e+0
2534 4.32642820e-1 -1.12016565e+0
2536 4.26550330e-1 -1.09502631e+0
2538 4.20902205e-1 -1.07021827e+0
2540 4.15680127e-1 -1.04572207e+0
2542 4.10867498e-1 -1.02151884e+0
2544 4.06449320e-1 -9.97590282e-1
2546 4.02412095e-1 -9.73918637e-1
2548 3.98743734e-1 -9.50486642e-1
2550 3.95433477e-1 -9.27277511e-1
2552 3.92471822e-1 -9.04274900e-1
2554 3.89850462e-1 -8.81462879e-1
2556 3.87562237e-1 -8.58825902e-1
2558 3.85601082e-1 -8.36348783e-1
2560 3.83961995e-1 -8.14016663e-1
2562 3.82641001e-1 -7.91814991e-1
2564 3.81635130e-1 -7.69729498e-1
2566 3.80942398e-1 -7.47746170e-1
2568 3.80561795e-1 -7.25851232e-1
2570 3.80493278e-1 -7.04031123e-1
2572 3.80737771e-1 -6.82272478e-1
2574 3.81297171e-1 -6.60562114e-1
2576 3.82174356e-1 -6.38887007e-1
2578 3.83373206e-1 -6.17234284e-1
2580 3.84898625e-1 -5.95591209e-1
2582 3.86756568e-1 -5.73945170e-1
2584 3.88954078e-1 -5.52283678e-1
2586 3.91499331e-1 -5.30594353e-1
2588 3.94401680e-1 -5.08864932e-1
2590 3.97671716e-1 -4.87083264e-1
2592 4.01321331e-1 -4.65237317e-1
2594 4.05363791e-1 -4.43315190e-1
2596 4.09813818e-1 -4.21305130e-1
2598 4.14687681e-1 -3.99195547e-1
2600 4.20003299e-1 -3.76975054e-1
2602 4.25780351e-1 -3.54632492e-1
2604 4.32040404e-1 -3.32156989e-1
2606 4.38807046e-1 -3.09538010e-1
2608 4.46106041e-1 -2.86765432e-1
2610 4.53965490e-1 -2.63829630e-1
2612 4.62416015e-1 -2.40721584e-1
2614 4.71490956e-1 -2.17433003e-1
2616 4.81226584e-1 -1.93956477e-1
2618 4.91662334e-1 -1.70285656e-1
2620 5.02841061e-1 -1.46415463e-1
2622 5.14809308e-1 -1.22342349e-1
2624 5.27617600e-1 -9.80645905e-2
2626 5.41320754e-1 -7.35826445e-2
2628 5.55978209e-1 -4.88995629e-2
2630 5.71654377e-1 -2.40214848e-2
2632 5.88418998e-1 1.04178772e-3
2634 6.06347513e-1 2.62761125e-2
2636 6.25521440e-1 5.16622142e-2
2638 6.46028732e-1 7.71747561e-2
2640 6.67964135e-1 1.02781256e-1
2642 6.91429483e-1 1.28440823e-1
2644 7.16533956e-1 1.54102689e-1
2646 7.43394230e-1 1.79704507e-1
2648 7.72134496e-1 2.05170387e-1
2650 8.02886303e-1 2.30408636e-1
2652 8.35788131e-1 2.55309182e-1
2654 8.70984643e-1 2.79740642e-1
2656 9.08625484e-1 3.03547027e-1
2658 9.48863506e-1 3.26544075e-1
2660 9.91852261e-1 3.48515231e-1
2662 1.03774256e+0 3.69207305e-1
2664 1.08667792e+0 3.88325921e-1
2666 1.13878854e+0 4.05530896e-1
2668 1.19418368e+0 4.20431792e-1
2670 1.25294204e+0 4.32583986e-1
2672 1.31509989e+0 4.41485758e-1
2674 1.38063687e+0 4.46577042e-1
2676 1.44945913e+0 4.47240703e-1
2678 1.52138028e+0 4.42807368e-1
2680 1.59610024e+0 4.32565065e-1
2682 1.67318321e+0 4.15774971e-1
2684 1.75203602e+0 3.91694617e-1
2686 1.83188930e+0 3.59609582e-1
2688 1.91178412e+0 3.18874192e-1
2690 1.99056806e+0 2.68960744e-1
2692 2.06690435e+0 2.09515376e-1
2694 2.13929813e+0 1.40416908e-1
2696 2.20614250e+0 6.18330849e-2
2698 2.26578506e+0 -2.57330877e-2
2700 2.31661296e+0 -1.21415059e-1
2702 2.35715046e+0 -2.23980229e-1
2704 2.38615987e+0 -3.31858729e-1
2706 2.40273408e+0 -4.43205050e-1
2708 2.40636838e+0 -5.55989029e-1
2710 2.39700110e+0 -6.68107526e-1
2712 2.37501722e+0 -7.77504251e-1
2714 2.34121419e+0 -8.82283635e-1
2716 2.29673564e+0 -9.80805857e-1
2718 2.24298261e+0 -1.07175379e+0
2720 2.18151451e+0 -1.15416763e+0
2722 2.11395153e+0 -1.22744813e+0
2724 2.04188819e+0 -1.29133336e+0
2726 1.96682410e+0 -1.34585632e+0
2728 1.89011476e+0 -1.39129157e+0
2730 1.81294192e+0 -1.42809797e+0
2732 1.73630113e+0 -1.45686354e+0
2734 1.66100280e+0 -1.47825600e+0
2736 1.58768313e+0 -1.49298145e+0
2738 1.51682106e+0 -1.50175160e+0
2740 1.44875849e+0 -1.50525933e+0
2742 1.38372142e+0 -1.50416170e+0
2744 1.32184033e+0 -1.49906907e+0
2746 1.26316911e+0 -1.49053916e+0
2748 1.20770164e+0 -1.47907479e+0
2750 1.15538615e+0 -1.46512428e+0
2752 1.10613718e+0 -1.44908369e+0
2754 1.05984544e+0 -1.43130012e+0
2756 1.01638568e+0 -1.41207575e+0
2758 9.75622961e-1 -1.39167207e+0
2760 9.37417468e-1 -1.37031418e+0
2762 9.01628222e-1 -1.34819488e+0
2764 8.68115802e-1 -1.32547857e+0
2766 8.36744346e-1 -1.30230479e+0
2768 8.07382936e-1 -1.27879143e+0
2770 7.79906531e-1 -1.25503763e+0
2772 7.54196536e-1 -1.23112631e+0
2774 7.30141105e-1 -1.20712644e+0
2776 7.07635235e-1 -1.18309496e+0
2778 6.86580717e-1 -1.15907852e+0
2780 6.66885980e-1 -1.13511496e+0
2782 6.48465858e-1 -1.11123457e+0
2784 6.31241318e-1 -1.08746120e+0
2786 6.15139147e-1 -1.06381321e+0
2788 6.00091636e-1 -1.04030429e+0
2790 5.86036255e-1 -1.01694416e+0
2792 5.72915327e-1 -9.93739118e-1
2794 5.60675722e-1 -9.70692630e-1
2796 5.49268555e-1 -9.47805704e-1
2798 5.38648902e-1 -9.25077287e-1
2800 5.28775538e-1 -9.02504572e-1
2802 5.19610681e-1 -8.80083272e-1
2804 5.11119766e-1 -8.57807847e-1
2806 5.03271232e-1 -8.35671694e-1
2808 4.96036321e-1 -8.13667317e-1
2810 4.89388905e-1 -7.91786461e-1
2812 4.83305321e-1 -7.70020228e-1
2814 4.77764220e-1 -7.48359179e-1
2816 4.72746439e-1 -7.26793411e-1
2818 4.68234879e-1 -7.05312627e-1
2820 4.64214400e-1 -6.83906197e-1
2822 4.60671731e-1 -6.62563195e-1
2824 4.57595380e-1 -6.41272447e-1
2826 4.54975576e-1 -6.20022556e-1
2828 4.52804201e-1 -5.98801929e-1
2830 4.51074748e-1 -5.77598796e-1
2832 4.49782277e-1 -5.56401228e-1
2834 4.48923395e-1 -5.35197146e-1
2836 4.48496230e-1 -5.13974334e-1
2838 4.48500430e-1 -4.92720443e-1
2840 4.48937159e-1 -4.71423001e-1
2842 4.49809112e-1 -4.50069416e-1
2844 4.51120534e-1 -4.28646983e-1
2846 4.52877253e-1 -4.07142887e-1
2848 4.55086724e-1 -3.85544214e-1
2850 4.57758078e-1 -3.63837954e-1
2852 4.60902190e-1 -3.42011017e-1
2854 4.64531753e-1 -3.20050245e-1
2856 4.68661374e-1 -2.97942428e-1
2858 4.73307669e-1 -2.75674334e-1
2860 4.78489388e-1 -2.53232731e-1
2862 4.84227547e-1 -2.30604432e-1
2864 4.90545579e-1 -2.07776340e-1
2866 4.97469505e-1 -1.84735506e-1
2868 5.05028122e-1 -1.61469205e-1
2870 5.13253216e-1 -1.37965022e-1
2872 5.22179795e-1 -1.14210965e-1
2874 5.31846354e-1 -9.01955928e-2
2876 5.42295155e-1 -6.59081829e-2
2878 5.53572551e-1 -4.13389197e-2
2880 5.65729329e-1 -1.64791309e-2
2882 5.78821098e-1 8.67843193e-3
2884 5.92908700e-1 3.41392560e-2
2886 6.08058667e-1 5.99066640e-2
2888 6.24343716e-1 8.59813311e-2
2890 6.41843274e-1 1.12360708e-1
2892 6.60644052e-1 1.39038335e-1
2894 6.80840645e-1 1.66003019e-1
2896 7.02536164e-1 1.93237861e-1
2898 7.25842895e-1 2.20719093e-1
2900 7.50882961e-1 2.48414703e-1
2902 7.77788981e-1 2.76282803e-1
2904 8.06704689e-1 3.04269694e-1
2906 8.37785492e-1 3.32307587e-1
2908 8.71198894e-1 3.60311920e-1
2910 9.07124748e-1 3.88178202e-1
2912 9.45755217e-1 4.15778339e-1
2914 9.87294349e-1 4.42956352e-1
2916 1.03195709e+0 4.69523439e-1
2918 1.07996758e+0 4.95252329e-1
2920 1.13155639e+0 5.19870884e-1
2922 1.18695648e+0 5.43054966e-1
2924 1.24639747e+0 5.64420634e-1
2926 1.31009767e+0 5.83515824e-1
2928 1.37825346e+0 5.99811817e-1
2930 1.45102531e+0 6.12694975e-1
2932 1.52851983e+0 6.21459499e-1
2934 1.61076731e+0 6.25302277e-1
2936 1.69769423e+0 6.23321346e-1
2938 1.78909066e+0 6.14519905e-1
2940 1.88457298e+0 5.97818376e-1
2942 1.98354319e+0 5.72077347e-1
2944 2.08514747e+0 5.36134478e-1
2946 2.18823809e+0 4.88858112e-1
2948 2.29134467e+0 4.29219374e-1
2950 2.39266263e+0 3.56382468e-1
2952 2.49006784e+0 2.69809711e-1
2954 2.58116620e+0 1.69373472e-1
2956 2.66338463e+0 5.54624080e-2
2958 2.73410515e+0 -7.09349081e-2
2960 2.79083560e+0 -2.08187830e-1
2962 2.83140178e+0 -3.54039892e-1
2964 2.85413730e+0 -5.05693545e-1
2966 2.85804259e+0 -6.59962152e-1
2968 2.84288632e+0 -8.13474621e-1
2970 2.80923053e+0 -9.62906385e-1
2972 2.75837488e+0 -1.10520420e+0
2974 2.69223000e+0 -1.23777363e+0
2976 2.61314242e+0 -1.35860673e+0
2978 2.52369957e+0 -1.46634008e+0
2980 2.42654208e+0 -1.56024662e+0
2982 2.32420472e+0 -1.64017450e+0
2984 2.21899779e+0 -1.70645133e+0
2986 2.11293224e+0 -1.75977252e+0
2988 2.00768460e+0 -1.80108932e+0
2990 1.90459413e+0 -1.83150761e+0
2992 1.80468278e+0 -1.85220348e+0
2994 1.70868932e+0 -1.86435778e+0
2996 1.61711029e+0 -1.86910895e+0
2998 1.53024247e+0 -1.86752186e+0
3000 1.44822316e+0 -1.86056958e+0
